B365H,B365D,B365A,B365_gt_2_5,B365_lt_2_5,B365AHH,B365AHA,B365AH,VCH,VCD,VCA,BSH,BSD,BSA,BWH,BWD,BWA,GBH,GBD,GBA,GB_gt_2_5,GB_lt_2_5,GBAHH,GBAHA,GBAH,IWH,IWD,IWA,LBH,LBD,LBA,LBAHH,LBAHA,LBAH,PSH,PSD,PSA,P_gt_2_5,P_lt_2_5,PAHH,PAHA,SOH,SOD,SOA,SBH,SBD,SBA,SJH,SJD,SJA,WHH,WHD,WHA,Bb1X2,BbMxH,BbAvH,BbMxD,BbAvD,BbMxA,BbAvA,BbOU,BbMx_gt_2_5,BbAv_gt_2_5,BbMx_lt_2_5,BbAv_lt_2_5,BbAH,BbAHh,BbMxAHH,BbAvAHH,BbMxAHA,BbAvAHA,MaxH,MaxD,MaxA,AvgH,AvgD,AvgA,Max_gt_2_5,Max_lt_2_5,Avg_gt_2_5,Avg_lt_2_5,MaxAHH,MaxAHA,AvgAHH,AvgAHA,AHh,Year,Month,DayOfWeek,HomeTeam_mean_FTHG,AwayTeam_mean_FTAG,HomeRecentGF,HomeRecentGA,HomeRecentPts,AwayRecentGF,AwayRecentGA,AwayRecentPts,HomeTeam_Arsenal,HomeTeam_Aston_Villa,HomeTeam_Birmingham,HomeTeam_Blackburn,HomeTeam_Blackpool,HomeTeam_Bolton,HomeTeam_Bournemouth,HomeTeam_Brentford,HomeTeam_Brighton,HomeTeam_Burnley,HomeTeam_Cardiff,HomeTeam_Charlton,HomeTeam_Chelsea,HomeTeam_Crystal_Palace,HomeTeam_Derby,HomeTeam_Everton,HomeTeam_Fulham,HomeTeam_Huddersfield,HomeTeam_Hull,HomeTeam_Leeds,HomeTeam_Leicester,HomeTeam_Liverpool,HomeTeam_Luton,HomeTeam_Man_City,HomeTeam_Man_United,HomeTeam_Middlesbrough,HomeTeam_Newcastle,HomeTeam_Norwich,HomeTeam_Nott_m_Forest,HomeTeam_Portsmouth,HomeTeam_QPR,HomeTeam_Reading,HomeTeam_Sheffield_United,HomeTeam_Southampton,HomeTeam_Stoke,HomeTeam_Sunderland,HomeTeam_Swansea,HomeTeam_Tottenham,HomeTeam_Watford,HomeTeam_West_Brom,HomeTeam_West_Ham,HomeTeam_Wigan,HomeTeam_Wolves,AwayTeam_Arsenal,AwayTeam_Aston_Villa,AwayTeam_Birmingham,AwayTeam_Blackburn,AwayTeam_Blackpool,AwayTeam_Bolton,AwayTeam_Bournemouth,AwayTeam_Brentford,AwayTeam_Brighton,AwayTeam_Burnley,AwayTeam_Cardiff,AwayTeam_Charlton,AwayTeam_Chelsea,AwayTeam_Crystal_Palace,AwayTeam_Derby,AwayTeam_Everton,AwayTeam_Fulham,AwayTeam_Huddersfield,AwayTeam_Hull,AwayTeam_Leeds,AwayTeam_Leicester,AwayTeam_Liverpool,AwayTeam_Luton,AwayTeam_Man_City,AwayTeam_Man_United,AwayTeam_Middlesbrough,AwayTeam_Newcastle,AwayTeam_Norwich,AwayTeam_Nott_m_Forest,AwayTeam_Portsmouth,AwayTeam_QPR,AwayTeam_Reading,AwayTeam_Sheffield_United,AwayTeam_Southampton,AwayTeam_Stoke,AwayTeam_Sunderland,AwayTeam_Swansea,AwayTeam_Tottenham,AwayTeam_Watford,AwayTeam_West_Brom,AwayTeam_West_Ham,AwayTeam_Wigan,AwayTeam_Wolves
1.38,5.18,8.25,,,2.23,2.0,0.0,,5.0,8.0,,5.0,8.0,1.37,5.0,8.0,1.37,5.0,8.0,,,2.23,2.0,0.0,1.37,5.0,8.0,1.4,5.0,7.0,2.23,2.0,0.0,1.38,5.18,8.25,,,,,1.37,5.0,8.0,1.37,5.0,8.0,1.37,5.0,8.0,1.4,4.75,7.0,,1.44,1.3696721311475408,5.4,4.97703125,9.2,7.831969696969696,,,,,,0.0,,2.23,2.0575,2.0,1.8175,1.44,5.4,9.2,1.3696721311475408,4.97703125,7.831969696969696,,,,,2.23,2.0,2.0575,1.8175,0.0,,,,2.145228215767635,1.2986111111111112,2.4,1.0,12.0,1.2,1.0,7.0,,,,,,,,,,,,,,,,,,,,,,,,,,,,,,,,,,,,,,,,,,,,,,,,,,,,,,,,,,,,,,,,,,,,,,,,,,,,,,,,,,,,,,
2.69,3.56,2.63,,,2.02,4.2,0.0,,3.6,2.55,,3.6,2.55,2.65,3.6,2.55,2.65,3.6,2.55,,,2.02,4.2,0.0,2.65,3.6,2.55,2.6,3.5,2.5,2.02,4.2,0.0,2.69,3.56,2.63,,,,,2.65,3.6,2.55,2.65,3.6,2.55,2.65,3.6,2.55,2.62,3.4,2.5,,2.78,2.6308196721311483,3.65,3.5503124999999995,2.69,2.5203030303030305,,,,,,0.0,,2.02,1.76875,4.2,2.3325,2.78,3.65,2.69,2.6308196721311483,3.5503124999999995,2.5203030303030305,,,,,2.02,4.2,1.76875,2.3325,0.0,,,,1.3668224299065421,1.358695652173913,0.8,1.6,4.0,2.0,1.6,9.0,,,,,,,,,,,,,,,,,,,,,,,,,,,,,,,,,,,,,,,,,,,,,,,,,,,,,,,,,,,,,,,,,,,,,,,,,,,,,,,,,,,,,,
1.75,4.13,4.51,,,2.82,2.16,0.0,,4.2,4.35,,4.2,4.35,1.7,4.2,4.35,1.7,4.2,4.35,,,2.82,2.16,0.0,1.7,4.2,4.35,1.7,4.2,4.33,2.82,2.16,0.0,1.75,4.13,4.51,,,,,1.7,4.2,4.35,1.7,4.2,4.35,1.7,4.2,4.35,1.75,3.9,4.2,,1.79,1.7037704918032788,4.4,4.1537500000000005,4.8,4.291666666666667,,,,,,0.0,,2.82,1.9674999999999998,2.16,1.9625000000000001,1.79,4.4,4.8,1.7037704918032788,4.1537500000000005,4.291666666666667,,,,,2.82,2.16,1.9674999999999998,1.9625000000000001,0.0,,,,2.041322314049587,1.2574850299401197,2.4,2.0,9.0,1.4,1.0,9.0,,,,,,,,,,,,,,,,,,,,,,,,,,,,,,,,,,,,,,,,,,,,,,,,,,,,,,,,,,,,,,,,,,,,,,,,,,,,,,,,,,,,,,
2.74,3.63,2.55,,,2.06,4.1,0.0,,3.5,2.5,,3.5,2.5,2.75,3.5,2.5,2.75,3.5,2.5,,,2.06,4.1,0.0,2.75,3.5,2.5,2.62,3.5,2.5,2.06,4.1,0.0,2.74,3.63,2.55,,,,,2.75,3.5,2.5,2.75,3.5,2.5,2.75,3.5,2.5,2.7,3.3,2.5,,2.86,2.706393442622951,3.65,3.5092187499999996,2.63,2.490757575757576,,,,,,0.0,,2.06,1.8025,4.1,2.28625,2.86,3.65,2.63,2.706393442622951,3.5092187499999996,2.490757575757576,,,,,2.06,4.1,1.8025,2.28625,0.0,,,,,0.9430199430199431,,2.5,,1.0,1.6,7.0,,,,,,,,,,,,,,,,,,,,,,,,,,,,,,,,,,,,,,,,,,,,,,,,,,,,,,,,,,,,,,,,,,,,,,,,,,,,,,,,,,,,,,
3.02,3.56,2.37,,,2.17,3.7,0.0,,3.5,2.38,,3.5,2.38,2.9,3.5,2.38,2.9,3.5,2.38,,,2.17,3.7,0.0,2.9,3.5,2.38,2.87,3.5,2.37,2.17,3.7,0.0,3.02,3.56,2.37,,,,,2.9,3.5,2.38,2.9,3.5,2.38,2.9,3.5,2.38,2.88,3.3,2.4,,3.1,2.914262295081967,3.7,3.4856249999999998,2.49,2.325,,,,,,0.0,,2.17,1.79625,3.7,2.24375,3.1,3.7,2.49,2.914262295081967,3.4856249999999998,2.325,,,,,2.17,3.7,1.79625,2.24375,0.0,,,,1.103202846975089,1.2335329341317365,1.0,1.2,6.0,2.2,1.4,9.0,,,,,,,,,,,,,,,,,,,,,,,,,,,,,,,,,,,,,,,,,,,,,,,,,,,,,,,,,,,,,,,,,,,,,,,,,,,,,,,,,,,,,,
1.72,4.35,4.45,,,2.86,2.14,0.0,,4.2,4.35,,4.2,4.35,1.73,4.2,4.35,1.73,4.2,4.35,,,2.86,2.14,0.0,1.73,4.2,4.35,1.7,4.2,4.4,2.86,2.14,0.0,1.72,4.35,4.45,,,,,1.73,4.2,4.35,1.73,4.2,4.35,1.73,4.2,4.35,1.7,4.0,4.33,,1.76,1.7104918032786887,4.5,4.182968750000001,4.8,4.293939393939395,,,,,,0.0,,2.86,1.9775,2.14,1.9437500000000003,1.76,4.5,4.8,1.7104918032786887,4.182968750000001,4.293939393939395,,,,,2.86,2.14,1.9775,1.9437500000000003,0.0,,,,2.0351966873706004,1.402061855670103,2.4,1.2,12.0,0.6,1.8,5.0,,,,,,,,,,,,,,,,,,,,,,,,,,,,,,,,,,,,,,,,,,,,,,,,,,,,,,,,,,,,,,,,,,,,,,,,,,,,,,,,,,,,,,
2.68,3.39,2.74,,,4.65,2.02,0.0,,3.25,2.7,,3.25,2.7,2.6,3.25,2.7,2.6,3.25,2.7,,,4.65,2.02,0.0,2.6,3.25,2.7,2.6,3.3,2.6,4.65,2.02,0.0,2.68,3.39,2.74,,,,,2.6,3.25,2.7,2.6,3.25,2.7,2.6,3.25,2.7,2.62,3.2,2.62,,2.76,2.617704918032787,3.47,3.28296875,2.84,2.677878787878788,,,,,,0.0,,4.65,2.4212499999999997,2.02,1.7525000000000002,2.76,3.47,2.84,2.617704918032787,3.28296875,2.677878787878788,,,,,4.65,2.02,2.4212499999999997,1.7525000000000002,0.0,,,,1.193798449612403,1.1506849315068493,1.4,2.6,3.0,1.6,2.0,7.0,,,,,,,,,,,,,,,,,,,,,,,,,,,,,,,,,,,,,,,,,,,,,,,,,,,,,,,,,,,,,,,,,,,,,,,,,,,,,,,,,,,,,,
3.73,3.45,2.1,,,2.74,3.2,0.0,,3.4,2.1,,3.4,2.1,3.4,3.4,2.1,3.4,3.4,2.1,,,2.74,3.2,0.0,3.4,3.4,2.1,3.5,3.3,2.1,2.74,3.2,0.0,3.73,3.45,2.1,,,,,3.4,3.4,2.1,3.4,3.4,2.1,3.4,3.4,2.1,3.5,3.3,2.05,,3.9,3.5447540983606554,3.54,3.36,2.18,2.0713636363636363,,,,,,0.0,,2.74,1.90375,3.2,2.09875,3.9,3.54,2.18,3.5447540983606554,3.36,2.0713636363636363,,,,,2.74,3.2,1.90375,2.09875,0.0,,,,,1.05175983436853,,2.1,,1.4,1.0,9.0,,,,,,,,,,,,,,,,,,,,,,,,,,,,,,,,,,,,,,,,,,,,,,,,,,,,,,,,,,,,,,,,,,,,,,,,,,,,,,,,,,,,,,
2.62,3.77,2.58,,,2.47,4.05,0.0,,3.7,2.55,,3.7,2.55,2.55,3.7,2.55,2.55,3.7,2.55,,,2.47,4.05,0.0,2.55,3.7,2.55,2.5,3.6,2.5,2.47,4.05,0.0,2.62,3.77,2.58,,,,,2.55,3.7,2.55,2.55,3.7,2.55,2.55,3.7,2.55,2.6,3.5,2.5,,2.68,2.5508196721311474,3.9,3.69265625,2.67,2.493484848484848,,,,,,0.0,,2.47,1.9875,4.05,2.09875,2.68,3.9,2.67,2.5508196721311474,3.69265625,2.493484848484848,,,,,2.47,4.05,1.9875,2.09875,0.0,,,,2.072463768115942,1.6365591397849462,2.4,1.4,8.0,2.0,0.8,13.0,,,,,,,,,,,,,,,,,,,,,,,,,,,,,,,,,,,,,,,,,,,,,,,,,,,,,,,,,,,,,,,,,,,,,,,,,,,,,,,,,,,,,,
3.31,3.63,2.17,,,2.52,3.2,0.0,,3.6,2.15,,3.6,2.15,3.2,3.6,2.15,3.2,3.6,2.15,,,2.52,3.2,0.0,3.2,3.6,2.15,3.2,3.6,2.1,2.52,3.2,0.0,3.31,3.63,2.17,,,,,3.2,3.6,2.15,3.2,3.6,2.15,3.2,3.6,2.15,3.25,3.5,2.1,,3.45,3.2203389830508464,3.85,3.5998387096774196,2.24,2.1314062500000004,,,,,,0.0,,2.52,1.8628571428571428,3.2,2.1342857142857143,3.45,3.85,2.24,3.2203389830508464,3.5998387096774196,2.1314062500000004,,,,,2.52,3.2,1.8628571428571428,2.1342857142857143,0.0,,,,,1.1121076233183858,,2.15,,1.4,2.2,9.0,,,,,,,,,,,,,,,,,,,,,,,,,,,,,,,,,,,,,,,,,,,,,,,,,,,,,,,,,,,,,,,,,,,,,,,,,,,,,,,,,,,,,,
2.73,3.79,2.38,,,2.14,2.2,0.0,,3.6,2.25,,3.6,2.25,2.85,3.6,2.25,2.85,3.6,2.25,,,2.14,2.2,0.0,2.85,3.6,2.25,2.85,3.6,2.25,2.14,2.2,0.0,2.73,3.79,2.38,,,,,2.85,3.6,2.25,2.85,3.6,2.25,2.85,3.6,2.25,2.75,3.6,2.3,,2.95,2.8313725490196076,3.86,3.637407407407408,2.45,2.2353571428571426,,,,,,0.0,,2.14,1.9366666666666668,2.2,1.9400000000000002,2.95,3.86,2.45,2.8313725490196076,3.637407407407408,2.2353571428571426,,,,,2.14,2.2,1.9366666666666668,1.9400000000000002,0.0,,,,1.5030800821355237,1.5855670103092783,1.4,0.6,10.0,1.8,2.0,9.0,,,,,,,,,,,,,,,,,,,,,,,,,,,,,,,,,,,,,,,,,,,,,,,,,,,,,,,,,,,,,,,,,,,,,,,,,,,,,,,,,,,,,,
2.77,3.59,2.43,,,2.11,2.24,0.0,,3.7,2.3,,3.7,2.3,2.75,3.7,2.3,2.75,3.7,2.3,,,2.11,2.24,0.0,2.75,3.7,2.3,2.75,3.7,2.3,2.11,2.24,0.0,2.77,3.59,2.43,,,,,2.75,3.7,2.3,2.75,3.7,2.3,2.75,3.7,2.3,2.75,3.5,2.38,,2.88,2.7288,3.9,3.689622641509434,2.5,2.2767272727272725,,,,,,0.0,,2.11,1.9166666666666667,2.24,1.9633333333333336,2.88,3.9,2.5,2.7288,3.689622641509434,2.2767272727272725,,,,,2.11,2.24,1.9166666666666667,1.9633333333333336,0.0,,,,1.684782608695652,1.6454918032786885,1.6,0.8,8.0,1.4,0.8,11.0,,,,,,,,,,,,,,,,,,,,,,,,,,,,,,,,,,,,,,,,,,,,,,,,,,,,,,,,,,,,,,,,,,,,,,,,,,,,,,,,,,,,,,
1.67,4.0,4.85,,,2.89,2.12,0.0,,3.9,4.6,,3.9,4.6,1.67,3.9,4.6,1.67,3.9,4.6,,,2.89,2.12,0.0,1.67,3.9,4.6,1.67,3.9,4.6,2.89,2.12,0.0,1.67,4.0,4.85,,,,,1.67,3.9,4.6,1.67,3.9,4.6,1.67,3.9,4.6,1.67,3.9,4.8,,1.74,1.67,4.11,3.922037037037037,5.18,4.620892857142857,,,,,,0.0,,2.89,2.1300000000000003,2.12,1.866666666666667,1.74,4.11,5.18,1.67,3.922037037037037,4.620892857142857,,,,,2.89,2.12,2.1300000000000003,1.866666666666667,0.0,,,,1.3672316384180792,,1.4,1.8,4.0,,4.6,,,,,,,,,,,,,,,,,,,,,,,,,,,,,,,,,,,,,,,,,,,,,,,,,,,,,,,,,,,,,,,,,,,,,,,,,,,,,,,,,,,,,,,
1.21,7.02,10.39,,,1.8,2.32,0.0,,6.0,10.0,,6.0,10.0,1.22,6.0,10.0,1.22,6.0,10.0,,,1.8,2.32,0.0,1.22,6.0,10.0,1.22,6.0,10.0,1.8,2.32,0.0,1.21,7.02,10.39,,,,,1.22,6.0,10.0,1.22,6.0,10.0,1.22,6.0,10.0,1.22,6.0,10.0,,1.26,1.2195833333333332,7.5,6.319607843137254,13.5,10.422264150943395,,,,,,0.0,,1.8,1.7066666666666668,2.32,2.183333333333333,1.26,7.5,13.5,1.2195833333333332,6.319607843137254,10.422264150943395,,,,,1.8,2.32,1.7066666666666668,2.183333333333333,0.0,,,,2.1931330472103006,,2.4,1.4,13.0,,10.0,,,,,,,,,,,,,,,,,,,,,,,,,,,,,,,,,,,,,,,,,,,,,,,,,,,,,,,,,,,,,,,,,,,,,,,,,,,,,,,,,,,,,,,
2.09,3.81,3.22,,,1.99,2.49,0.0,,3.7,3.25,,3.7,3.25,2.05,3.7,3.25,2.05,3.7,3.25,,,1.99,2.49,0.0,2.05,3.7,3.25,2.05,3.7,3.25,1.99,2.49,0.0,2.09,3.81,3.22,,,,,2.05,3.7,3.25,2.05,3.7,3.25,2.05,3.7,3.25,2.1,3.6,3.2,,2.17,2.0575510204081633,3.95,3.7284615384615383,3.35,3.162037037037037,,,,,,0.0,,1.99,1.8233333333333333,2.49,2.0766666666666667,2.17,3.95,3.35,2.0575510204081633,3.7284615384615383,3.162037037037037,,,,,1.99,2.49,1.8233333333333333,2.0766666666666667,0.0,,,,1.5714285714285714,1.1495327102803738,2.0,1.8,8.0,0.8,1.8,7.0,,,,,,,,,,,,,,,,,,,,,,,,,,,,,,,,,,,,,,,,,,,,,,,,,,,,,,,,,,,,,,,,,,,,,,,,,,,,,,,,,,,,,,
2.01,3.58,3.65,,,2.02,2.79,0.0,,3.5,3.5,,3.5,3.5,2.0,3.5,3.5,2.0,3.5,3.5,,,2.02,2.79,0.0,2.0,3.5,3.5,2.0,3.5,3.5,2.02,2.79,0.0,2.01,3.58,3.65,,,,,2.0,3.5,3.5,2.0,3.5,3.5,2.0,3.5,3.5,1.95,3.5,3.6,,2.06,1.983877551020408,3.75,3.536153846153846,3.85,3.478703703703704,,,,,,0.0,,2.02,1.8333333333333333,2.79,2.1300000000000003,2.06,3.75,3.85,1.983877551020408,3.536153846153846,3.478703703703704,,,,,2.02,2.79,1.8333333333333333,2.1300000000000003,0.0,,,,1.3609467455621302,0.8617021276595744,0.8,1.0,4.0,1.4,1.8,7.0,,,,,,,,,,,,,,,,,,,,,,,,,,,,,,,,,,,,,,,,,,,,,,,,,,,,,,,,,,,,,,,,,,,,,,,,,,,,,,,,,,,,,,
1.63,4.31,4.75,,,2.68,2.19,0.0,,4.2,4.75,,4.2,4.75,1.62,4.2,4.75,1.62,4.2,4.75,,,2.68,2.19,0.0,1.62,4.2,4.75,1.62,4.2,4.75,2.68,2.19,0.0,1.63,4.31,4.75,,,,,1.62,4.2,4.75,1.62,4.2,4.75,1.62,4.2,4.75,1.62,4.0,4.8,,1.67,1.6116326530612248,4.45,4.184807692307692,5.5,4.700925925925926,,,,,,0.0,,2.68,2.03,2.19,1.9366666666666668,1.67,4.45,5.5,1.6116326530612248,4.184807692307692,4.700925925925926,,,,,2.68,2.19,2.03,1.9366666666666668,0.0,,,,1.3511904761904763,1.1450381679389312,2.0,0.6,10.0,1.4,1.4,9.0,,,,,,,,,,,,,,,,,,,,,,,,,,,,,,,,,,,,,,,,,,,,,,,,,,,,,,,,,,,,,,,,,,,,,,,,,,,,,,,,,,,,,,
2.83,3.69,2.35,,,2.17,2.22,0.0,,3.6,2.3,,3.6,2.3,2.85,3.6,2.3,2.85,3.6,2.3,,,2.17,2.22,0.0,2.85,3.6,2.3,2.85,3.6,2.3,2.17,2.22,0.0,2.83,3.69,2.35,,,,,2.85,3.6,2.3,2.85,3.6,2.3,2.85,3.6,2.3,2.75,3.5,2.4,,2.95,2.835714285714285,3.8,3.6203846153846153,2.44,2.257222222222222,,,,,,0.0,,2.17,1.8566666666666667,2.22,2.03,2.95,3.8,2.44,2.835714285714285,3.6203846153846153,2.257222222222222,,,,,2.17,2.22,1.8566666666666667,2.03,0.0,,,,1.4256756756756757,1.5896907216494844,1.0,0.8,5.0,1.0,1.4,7.0,,,,,,,,,,,,,,,,,,,,,,,,,,,,,,,,,,,,,,,,,,,,,,,,,,,,,,,,,,,,,,,,,,,,,,,,,,,,,,,,,,,,,,
6.0,3.74,1.61,,,2.26,2.77,0.0,,3.9,1.6,,3.9,1.6,5.25,3.9,1.6,5.25,3.9,1.6,,,2.26,2.77,0.0,5.25,3.9,1.6,5.25,3.9,1.6,2.26,2.77,0.0,6.0,3.74,1.61,,,,,5.25,3.9,1.6,5.25,3.9,1.6,5.25,3.9,1.6,5.5,3.7,1.62,,6.11,5.50122448979592,4.1,3.886153846153846,1.66,1.5561111111111112,,,,,,0.0,,2.26,1.86,2.77,2.14,6.11,4.1,1.66,5.50122448979592,3.886153846153846,1.5561111111111112,,,,,2.26,2.77,1.86,2.14,0.0,,,,1.2602739726027397,1.651639344262295,0.0,0.6,2.0,1.6,0.8,13.0,,,,,,,,,,,,,,,,,,,,,,,,,,,,,,,,,,,,,,,,,,,,,,,,,,,,,,,,,,,,,,,,,,,,,,,,,,,,,,,,,,,,,,
1.51,4.54,5.82,,,2.39,2.05,0.0,,4.6,5.75,,4.6,5.75,1.48,4.6,5.75,1.48,4.6,5.75,,,2.39,2.05,0.0,1.48,4.6,5.75,1.48,4.6,5.75,2.39,2.05,0.0,1.51,4.54,5.82,,,,,1.48,4.6,5.75,1.48,4.6,5.75,1.48,4.6,5.75,1.5,4.33,6.0,,1.54,1.483469387755102,4.8,4.541538461538462,6.62,5.797222222222222,,,,,,0.0,,2.39,2.1300000000000003,2.05,1.7766666666666666,1.54,4.8,6.62,1.483469387755102,4.541538461538462,5.797222222222222,,,,,2.39,2.05,2.1300000000000003,1.7766666666666666,0.0,,,,1.8008213552361396,,0.8,2.4,1.0,,5.75,,,,,,,,,,,,,,,,,,,,,,,,,,,,,,,,,,,,,,,,,,,,,,,,,,,,,,,,,,,,,,,,,,,,,,,,,,,,,,,,,,,,,,,
,,,,,,,0.0,,,,,,,,,,,,,,,,,0.0,,,,,,,,,0.0,,,,,,,,,,,,,,,,,,,,,,,,,2.0,2.0,,,,,,0.0,,,,,,,,2.0,,,2.0,,,,,,,,,0.0,,,,,1.1506849315068493,,,,1.6,2.0,7.0,,,,,,,,,,,,,,,,,,,,,,,,,,,,,,,,,,,,,,,,,,,,,,,,,,,,,,,,,,,,,,,,,,,,,,,,,,,,,,,,,,,,,,
,,,,,,,0.0,,,,,,,,,,,,,,,,,0.0,,,,,,,,,0.0,,,,,,,,,,,,,,,,,,,,,,,,,1.6,1.2000000000000002,,,,,,0.0,,,,,,,,1.6,,,1.2000000000000002,,,,,,,,,0.0,,,,1.3668224299065421,1.6365591397849462,0.8,1.6,4.0,2.0,0.8,13.0,,,,,,,,,,,,,,,,,,,,,,,,,,,,,,,,,,,,,,,,,,,,,,,,,,,,,,,,,,,,,,,,,,,,,,,,,,,,,,,,,,,,,,
,,,,,,,0.0,,,,,,,,,,,,,,,,,0.0,,,,,,,,,0.0,,,,,,,,,,,,,,,,,,,,,,,,,1.0,1.0,,,,,,0.0,,,,,,,,1.0,,,1.0,,,,,,,,,0.0,,,,2.145228215767635,1.05175983436853,2.4,1.0,12.0,1.4,1.0,9.0,,,,,,,,,,,,,,,,,,,,,,,,,,,,,,,,,,,,,,,,,,,,,,,,,,,,,,,,,,,,,,,,,,,,,,,,,,,,,,,,,,,,,,
,,,,,,,0.0,,,,,,,,,,,,,,,,,0.0,,,,,,,,,0.0,,,,,,,,,,,,,,,,,,,,,,,,,1.6,1.6,,,,,,0.0,,,,,,,,1.6,,,1.6,,,,,,,,,0.0,,,,,0.9430199430199431,,,,1.0,1.6,7.0,,,,,,,,,,,,,,,,,,,,,,,,,,,,,,,,,,,,,,,,,,,,,,,,,,,,,,,,,,,,,,,,,,,,,,,,,,,,,,,,,,,,,,
,,,,,,,0.0,,,,,,,,,,,,,,,,,0.0,,,,,,,,,0.0,,,,,,,,,,,,,,,,,,,,,,,,,2.0,1.9,,,,,,0.0,,,,,,,,2.0,,,1.9,,,,,,,,,0.0,,,,2.041322314049587,1.402061855670103,2.4,2.0,9.0,0.6,1.8,5.0,,,,,,,,,,,,,,,,,,,,,,,,,,,,,,,,,,,,,,,,,,,,,,,,,,,,,,,,,,,,,,,,,,,,,,,,,,,,,,,,,,,,,,
,,,,,,,0.0,,,,,,,,,,,,,,,,,0.0,,,,,,,,,0.0,,,,,,,,,,,,,,,,,,,,,,,,,2.6,2.4000000000000004,,,,,,0.0,,,,,,,,2.6,,,2.4000000000000004,,,,,,,,,0.0,,,,1.193798449612403,1.1121076233183858,1.4,2.6,3.0,1.4,2.2,9.0,,,,,,,,,,,,,,,,,,,,,,,,,,,,,,,,,,,,,,,,,,,,,,,,,,,,,,,,,,,,,,,,,,,,,,,,,,,,,,,,,,,,,,
,,,,,,,0.0,,,,,,,,,,,,,,,,,0.0,,,,,,,,,0.0,,,,,,,,,,,,,,,,,,,,,,,,,1.6,1.6,,,,,,0.0,,,,,,,,1.6,,,1.6,,,,,,,,,0.0,,,,,1.358695652173913,,,,2.0,1.6,9.0,,,,,,,,,,,,,,,,,,,,,,,,,,,,,,,,,,,,,,,,,,,,,,,,,,,,,,,,,,,,,,,,,,,,,,,,,,,,,,,,,,,,,,
,,,,,,,0.0,,,,,,,,,,,,,,,,,0.0,,,,,,,,,0.0,,,,,,,,,,,,,,,,,,,,,,,,,1.4,1.4,,,,,,0.0,,,,,,,,1.4,,,1.4,,,,,,,,,0.0,,,,2.072463768115942,1.2335329341317365,2.4,1.4,8.0,2.2,1.4,9.0,,,,,,,,,,,,,,,,,,,,,,,,,,,,,,,,,,,,,,,,,,,,,,,,,,,,,,,,,,,,,,,,,,,,,,,,,,,,,,,,,,,,,,
,,,,,,,0.0,,,,,,,,,,,,,,,,,0.0,,,,,,,,,0.0,,,,,,,,,,,,,,,,,,,,,,,,,1.2,1.1,,,,,,0.0,,,,,,,,1.2,,,1.1,,,,,,,,,0.0,,,,2.0351966873706004,1.2574850299401197,2.4,1.2,12.0,1.4,1.0,9.0,,,,,,,,,,,,,,,,,,,,,,,,,,,,,,,,,,,,,,,,,,,,,,,,,,,,,,,,,,,,,,,,,,,,,,,,,,,,,,,,,,,,,,
,,,,,,,0.0,,,,,,,,,,,,,,,,,0.0,,,,,,,,,0.0,,,,,,,,,,,,,,,,,,,,,,,,,1.2,1.1,,,,,,0.0,,,,,,,,1.2,,,1.1,,,,,,,,,0.0,,,,1.103202846975089,1.2986111111111112,1.0,1.2,6.0,1.2,1.0,7.0,,,,,,,,,,,,,,,,,,,,,,,,,,,,,,,,,,,,,,,,,,,,,,,,,,,,,,,,,,,,,,,,,,,,,,,,,,,,,,,,,,,,,,
,,,,,,,0.0,,,,,,,,,,,,,,,,,0.0,,,,,,,,,0.0,,,,,,,,,,,,,,,,,,,,,,,,,2.0,1.7,,,,,,0.0,,,,,,,,2.0,,,1.7,,,,,,,,,0.0,,,,2.041322314049587,1.5896907216494844,2.4,2.0,9.0,1.0,1.4,7.0,,,,,,,,,,,,,,,,,,,,,,,,,,,,,,,,,,,,,,,,,,,,,,,,,,,,,,,,,,,,,,,,,,,,,,,,,,,,,,,,,,,,,,
,,,,,,,0.0,,,,,,,,,,,,,,,,,0.0,,,,,,,,,0.0,,,,,,,,,,,,,,,,,,,,,,,,,1.0,1.0,,,,,,0.0,,,,,,,,1.0,,,1.0,,,,,,,,,0.0,,,,1.3609467455621302,1.2986111111111112,0.8,1.0,4.0,1.2,1.0,7.0,,,,,,,,,,,,,,,,,,,,,,,,,,,,,,,,,,,,,,,,,,,,,,,,,,,,,,,,,,,,,,,,,,,,,,,,,,,,,,,,,,,,,,
,,,,,,,0.0,,,,,,,,,,,,,,,,,0.0,,,,,,,,,0.0,,,,,,,,,,,,,,,,,,,,,,,,,2.0,1.4,,,,,,0.0,,,,,,,,2.0,,,1.4,,,,,,,,,0.0,,,,1.684782608695652,1.1506849315068493,1.6,0.8,8.0,1.6,2.0,7.0,,,,,,,,,,,,,,,,,,,,,,,,,,,,,,,,,,,,,,,,,,,,,,,,,,,,,,,,,,,,,,,,,,,,,,,,,,,,,,,,,,,,,,
,,,,,,,0.0,,,,,,,,,,,,,,,,,0.0,,,,,,,,,0.0,,,,,,,,,,,,,,,,,,,,,,,,,1.8,1.8,,,,,,0.0,,,,,,,,1.8,,,1.8,,,,,,,,,0.0,,,,,0.8617021276595744,,,,1.4,1.8,7.0,,,,,,,,,,,,,,,,,,,,,,,,,,,,,,,,,,,,,,,,,,,,,,,,,,,,,,,,,,,,,,,,,,,,,,,,,,,,,,,,,,,,,,
,,,,,,,0.0,,,,,,,,,,,,,,,,,0.0,,,,,,,,,0.0,,,,,,,,,,,,,,,,,,,,,,,,,,,,,,,,0.0,,,,,,,,,,,,,,,,,,,,0.0,,,,,,,,,,,,,,,,,,,,,,,,,,,,,,,,,,,,,,,,,,,,,,,,,,,,,,,,,,,,,,,,,,,,,,,,,,,,,,,,,,,,,,,,,,,,,,,,,
,,,,,,,0.0,,,,,,,,,,,,,,,,,0.0,,,,,,,,,0.0,,,,,,,,,,,,,,,,,,,,,,,,,1.4,1.4,,,,,,0.0,,,,,,,,1.4,,,1.4,,,,,,,,,0.0,,,,2.1931330472103006,1.2335329341317365,2.4,1.4,13.0,2.2,1.4,9.0,,,,,,,,,,,,,,,,,,,,,,,,,,,,,,,,,,,,,,,,,,,,,,,,,,,,,,,,,,,,,,,,,,,,,,,,,,,,,,,,,,,,,,
,,,,,,,0.0,,,,,,,,,,,,,,,,,0.0,,,,,,,,,0.0,,,,,,,,,,,,,,,,,,,,,,,,,2.4,1.9,,,,,,0.0,,,,,,,,2.4,,,1.9,,,,,,,,,0.0,,,,1.8008213552361396,1.1450381679389312,0.8,2.4,1.0,1.4,1.4,9.0,,,,,,,,,,,,,,,,,,,,,,,,,,,,,,,,,,,,,,,,,,,,,,,,,,,,,,,,,,,,,,,,,,,,,,,,,,,,,,,,,,,,,,
,,,,,,,0.0,,,,,,,,,,,,,,,,,0.0,,,,,,,,,0.0,,,,,,,,,,,,,,,,,,,,,,,,,1.6,1.6,,,,,,0.0,,,,,,,,1.6,,,1.6,,,,,,,,,0.0,,,,1.3668224299065421,0.9430199430199431,0.8,1.6,4.0,1.0,1.6,7.0,,,,,,,,,,,,,,,,,,,,,,,,,,,,,,,,,,,,,,,,,,,,,,,,,,,,,,,,,,,,,,,,,,,,,,,,,,,,,,,,,,,,,,
,,,,,,,0.0,,,,,,,,,,,,,,,,,0.0,,,,,,,,,0.0,,,,,,,,,,,,,,,,,,,,,,,,,1.4,1.1,,,,,,0.0,,,,,,,,1.4,,,1.1,,,,,,,,,0.0,,,,2.072463768115942,1.651639344262295,2.4,1.4,8.0,1.6,0.8,13.0,,,,,,,,,,,,,,,,,,,,,,,,,,,,,,,,,,,,,,,,,,,,,,,,,,,,,,,,,,,,,,,,,,,,,,,,,,,,,,,,,,,,,,
,,,,,,,0.0,,,,,,,,,,,,,,,,,0.0,,,,,,,,,0.0,,,,,,,,,,,,,,,,,,,,,,,,,1.8,1.4,,,,,,0.0,,,,,,,,1.8,,,1.4,,,,,,,,,0.0,,,,1.5714285714285714,1.05175983436853,2.0,1.8,8.0,1.4,1.0,9.0,,,,,,,,,,,,,,,,,,,,,,,,,,,,,,,,,,,,,,,,,,,,,,,,,,,,,,,,,,,,,,,,,,,,,,,,,,,,,,,,,,,,,,
,,,,,,,0.0,,,,,,,,,,,,,,,,,0.0,,,,,,,,,0.0,,,,,,,,,,,,,,,,,,,,,,,,,0.6,0.6,,,,,,0.0,,,,,,,,0.6,,,0.6,,,,,,,,,0.0,,,,1.5030800821355237,,1.4,0.6,10.0,,,,,,,,,,,,,,,,,,,,,,,,,,,,,,,,,,,,,,,,,,,,,,,,,,,,,,,,,,,,,,,,,,,,,,,,,,,,,,,,,,,,,,,,,
,,,,,,,0.0,,,,,,,,,,,,,,,,,0.0,,,,,,,,,0.0,,,,,,,,,,,,,,,,,,,,,,,,,1.8,1.3,,,,,,0.0,,,,,,,,1.8,,,1.3,,,,,,,,,0.0,,,,1.4256756756756757,1.402061855670103,1.0,0.8,5.0,0.6,1.8,5.0,,,,,,,,,,,,,,,,,,,,,,,,,,,,,,,,,,,,,,,,,,,,,,,,,,,,,,,,,,,,,,,,,,,,,,,,,,,,,,,,,,,,,,
,,,,,,,0.0,,,,,,,,,,,,,,,,,0.0,,,,,,,,,0.0,,,,,,,,,,,,,,,,,,,,,,,,,1.0,1.0,,,,,,0.0,,,,,,,,1.0,,,1.0,,,,,,,,,0.0,,,,2.145228215767635,,2.4,1.0,12.0,,,,,,,,,,,,,,,,,,,,,,,,,,,,,,,,,,,,,,,,,,,,,,,,,,,,,,,,,,,,,,,,,,,,,,,,,,,,,,,,,,,,,,,,,
,,,,,,,0.0,,,,,,,,,,,,,,,,,0.0,,,,,,,,,0.0,,,,,,,,,,,,,,,,,,,,,,,,,2.2,2.0,,,,,,0.0,,,,,,,,2.2,,,2.0,,,,,,,,,0.0,,,,1.3672316384180792,1.1121076233183858,1.4,1.8,4.0,1.4,2.2,9.0,,,,,,,,,,,,,,,,,,,,,,,,,,,,,,,,,,,,,,,,,,,,,,,,,,,,,,,,,,,,,,,,,,,,,,,,,,,,,,,,,,,,,,
,,,,,,,0.0,,,,,,,,,,,,,,,,,0.0,,,,,,,,,0.0,,,,,,,,,,,,,,,,,,,,,,,,,0.8,0.7,,,,,,0.0,,,,,,,,0.8,,,0.7,,,,,,,,,0.0,,,,1.2602739726027397,1.6365591397849462,0.0,0.6,2.0,2.0,0.8,13.0,,,,,,,,,,,,,,,,,,,,,,,,,,,,,,,,,,,,,,,,,,,,,,,,,,,,,,,,,,,,,,,,,,,,,,,,,,,,,,,,,,,,,,
,,,,,,,0.0,,,,,,,,,,,,,,,,,0.0,,,,,,,,,0.0,,,,,,,,,,,,,,,,,,,,,,,,,1.6,1.1,,,,,,0.0,,,,,,,,1.6,,,1.1,,,,,,,,,0.0,,,,1.3511904761904763,1.358695652173913,2.0,0.6,10.0,2.0,1.6,9.0,,,,,,,,,,,,,,,,,,,,,,,,,,,,,,,,,,,,,,,,,,,,,,,,,,,,,,,,,,,,,,,,,,,,,,,,,,,,,,,,,,,,,,
,,,,,,,0.0,,,,,,,,,,,,,,,,,0.0,,,,,,,,,0.0,,,,,,,,,,,,,,,,,,,,,,,,,2.6,1.7000000000000002,,,,,,0.0,,,,,,,,2.6,,,1.7000000000000002,,,,,,,,,0.0,,,,1.193798449612403,1.6454918032786885,1.4,2.6,3.0,1.4,0.8,11.0,,,,,,,,,,,,,,,,,,,,,,,,,,,,,,,,,,,,,,,,,,,,,,,,,,,,,,,,,,,,,,,,,,,,,,,,,,,,,,,,,,,,,,
,,,,,,,0.0,,,,,,,,,,,,,,,,,0.0,,,,,,,,,0.0,,,,,,,,,,,,,,,,,,,,,,,,,1.0,1.0,,,,,,0.0,,,,,,,,1.0,,,1.0,,,,,,,,,0.0,,,,,1.2574850299401197,,,,1.4,1.0,9.0,,,,,,,,,,,,,,,,,,,,,,,,,,,,,,,,,,,,,,,,,,,,,,,,,,,,,,,,,,,,,,,,,,,,,,,,,,,,,,,,,,,,,,
,,,,,,,0.0,,,,,,,,,,,,,,,,,0.0,,,,,,,,,0.0,,,,,,,,,,,,,,,,,,,,,,,,,2.0,1.6,,,,,,0.0,,,,,,,,2.0,,,1.6,,,,,,,,,0.0,,,,1.103202846975089,1.5855670103092783,1.0,1.2,6.0,1.8,2.0,9.0,,,,,,,,,,,,,,,,,,,,,,,,,,,,,,,,,,,,,,,,,,,,,,,,,,,,,,,,,,,,,,,,,,,,,,,,,,,,,,,,,,,,,,
,,,,,,,0.0,,,,,,,,,,,,,,,,,0.0,,,,,,,,,0.0,,,,,,,,,,,,,,,,,,,,,,,,,1.8,1.5,,,,,,0.0,,,,,,,,1.8,,,1.5,,,,,,,,,0.0,,,,2.0351966873706004,1.1495327102803738,2.4,1.2,12.0,0.8,1.8,7.0,,,,,,,,,,,,,,,,,,,,,,,,,,,,,,,,,,,,,,,,,,,,,,,,,,,,,,,,,,,,,,,,,,,,,,,,,,,,,,,,,,,,,,
,,,,,,,0.0,,,,,,,,,,,,,,,,,0.0,,,,,,,,,0.0,,,,,,,,,,,,,,,,,,,,,,,,,1.6,1.5,,,,,,0.0,,,,,,,,1.6,,,1.5,,,,,,,,,0.0,,,,2.1931330472103006,0.9430199430199431,2.4,1.4,13.0,1.0,1.6,7.0,,,,,,,,,,,,,,,,,,,,,,,,,,,,,,,,,,,,,,,,,,,,,,,,,,,,,,,,,,,,,,,,,,,,,,,,,,,,,,,,,,,,,,
,,,,,,,0.0,,,,,,,,,,,,,,,,,0.0,,,,,,,,,0.0,,,,,,,,,,,,,,,,,,,,,,,,,1.8,1.7000000000000002,,,,,,0.0,,,,,,,,1.8,,,1.7000000000000002,,,,,,,,,0.0,,,,1.3668224299065421,0.8617021276595744,0.8,1.6,4.0,1.4,1.8,7.0,,,,,,,,,,,,,,,,,,,,,,,,,,,,,,,,,,,,,,,,,,,,,,,,,,,,,,,,,,,,,,,,,,,,,,,,,,,,,,,,,,,,,,
,,,,,,,0.0,,,,,,,,,,,,,,,,,0.0,,,,,,,,,0.0,,,,,,,,,,,,,,,,,,,,,,,,,2.0,1.5,,,,,,0.0,,,,,,,,2.0,,,1.5,,,,,,,,,0.0,,,,1.3609467455621302,1.1506849315068493,0.8,1.0,4.0,1.6,2.0,7.0,,,,,,,,,,,,,,,,,,,,,,,,,,,,,,,,,,,,,,,,,,,,,,,,,,,,,,,,,,,,,,,,,,,,,,,,,,,,,,,,,,,,,,
,,,,,,,0.0,,,,,,,,,,,,,,,,,0.0,,,,,,,,,0.0,,,,,,,,,,,,,,,,,,,,,,,,,2.0,1.5,,,,,,0.0,,,,,,,,2.0,,,1.5,,,,,,,,,0.0,,,,2.041322314049587,1.2986111111111112,2.4,2.0,9.0,1.2,1.0,7.0,,,,,,,,,,,,,,,,,,,,,,,,,,,,,,,,,,,,,,,,,,,,,,,,,,,,,,,,,,,,,,,,,,,,,,,,,,,,,,,,,,,,,,
,,,,,,,0.0,,,,,,,,,,,,,,,,,0.0,,,,,,,,,0.0,,,,,,,,,,,,,,,,,,,,,,,,,1.4,1.4,,,,,,0.0,,,,,,,,1.4,,,1.4,,,,,,,,,0.0,,,,,1.1450381679389312,,,,1.4,1.4,9.0,,,,,,,,,,,,,,,,,,,,,,,,,,,,,,,,,,,,,,,,,,,,,,,,,,,,,,,,,,,,,,,,,,,,,,,,,,,,,,,,,,,,,,
,,,,,,,0.0,,,,,,,,,,,,,,,,,0.0,,,,,,,,,0.0,,,,,,,,,,,,,,,,,,,,,,,,,2.4,2.4,,,,,,0.0,,,,,,,,2.4,,,2.4,,,,,,,,,0.0,,,,1.8008213552361396,,0.8,2.4,1.0,,,,,,,,,,,,,,,,,,,,,,,,,,,,,,,,,,,,,,,,,,,,,,,,,,,,,,,,,,,,,,,,,,,,,,,,,,,,,,,,,,,,,,,,,
,,,,,,,0.0,,,,,,,,,,,,,,,,,0.0,,,,,,,,,0.0,,,,,,,,,,,,,,,,,,,,,,,,,1.8,1.3,,,,,,0.0,,,,,,,,1.8,,,1.3,,,,,,,,,0.0,,,,1.5714285714285714,1.651639344262295,2.0,1.8,8.0,1.6,0.8,13.0,,,,,,,,,,,,,,,,,,,,,,,,,,,,,,,,,,,,,,,,,,,,,,,,,,,,,,,,,,,,,,,,,,,,,,,,,,,,,,,,,,,,,,
,,,,,,,0.0,,,,,,,,,,,,,,,,,0.0,,,,,,,,,0.0,,,,,,,,,,,,,,,,,,,,,,,,,1.4,1.4,,,,,,0.0,,,,,,,,1.4,,,1.4,,,,,,,,,0.0,,,,,1.2335329341317365,,,,2.2,1.4,9.0,,,,,,,,,,,,,,,,,,,,,,,,,,,,,,,,,,,,,,,,,,,,,,,,,,,,,,,,,,,,,,,,,,,,,,,,,,,,,,,,,,,,,,
,,,,,,,0.0,,,,,,,,,,,,,,,,,0.0,,,,,,,,,0.0,,,,,,,,,,,,,,,,,,,,,,,,,1.4,1.4,,,,,,0.0,,,,,,,,1.4,,,1.4,,,,,,,,,0.0,,,,2.072463768115942,1.5896907216494844,2.4,1.4,8.0,1.0,1.4,7.0,,,,,,,,,,,,,,,,,,,,,,,,,,,,,,,,,,,,,,,,,,,,,,,,,,,,,,,,,,,,,,,,,,,,,,,,,,,,,,,,,,,,,,
,,,,,,,0.0,,,,,,,,,,,,,,,,,0.0,,,,,,,,,0.0,,,,,,,,,,,,,,,,,,,,,,,,,1.0,0.9,,,,,,0.0,,,,,,,,1.0,,,0.9,,,,,,,,,0.0,,,,1.684782608695652,1.05175983436853,1.6,0.8,8.0,1.4,1.0,9.0,,,,,,,,,,,,,,,,,,,,,,,,,,,,,,,,,,,,,,,,,,,,,,,,,,,,,,,,,,,,,,,,,,,,,,,,,,,,,,,,,,,,,,
,,,,,,,0.0,,,,,,,,,,,,,,,,,0.0,,,,,,,,,0.0,,,,,,,,,,,,,,,,,,,,,,,,,2.0,1.3,,,,,,0.0,,,,,,,,2.0,,,1.3,,,,,,,,,0.0,,,,1.2602739726027397,1.5855670103092783,0.0,0.6,2.0,1.8,2.0,9.0,,,,,,,,,,,,,,,,,,,,,,,,,,,,,,,,,,,,,,,,,,,,,,,,,,,,,,,,,,,,,,,,,,,,,,,,,,,,,,,,,,,,,,
,,,,,,,0.0,,,,,,,,,,,,,,,,,0.0,,,,,,,,,0.0,,,,,,,,,,,,,,,,,,,,,,,,,0.8,0.8,,,,,,0.0,,,,,,,,0.8,,,0.8,,,,,,,,,0.0,,,,1.4256756756756757,,1.0,0.8,5.0,,,,,,,,,,,,,,,,,,,,,,,,,,,,,,,,,,,,,,,,,,,,,,,,,,,,,,,,,,,,,,,,,,,,,,,,,,,,,,,,,,,,,,,,,
,,,,,,,0.0,,,,,,,,,,,,,,,,,0.0,,,,,,,,,0.0,,,,,,,,,,,,,,,,,,,,,,,,,1.6,1.4,,,,,,0.0,,,,,,,,1.6,,,1.4,,,,,,,,,0.0,,,,2.0351966873706004,1.358695652173913,2.4,1.2,12.0,2.0,1.6,9.0,,,,,,,,,,,,,,,,,,,,,,,,,,,,,,,,,,,,,,,,,,,,,,,,,,,,,,,,,,,,,,,,,,,,,,,,,,,,,,,,,,,,,,
,,,,,,,0.0,,,,,,,,,,,,,,,,,0.0,,,,,,,,,0.0,,,,,,,,,,,,,,,,,,,,,,,,,1.8,1.8,,,,,,0.0,,,,,,,,1.8,,,1.8,,,,,,,,,0.0,,,,,1.1495327102803738,,,,0.8,1.8,7.0,,,,,,,,,,,,,,,,,,,,,,,,,,,,,,,,,,,,,,,,,,,,,,,,,,,,,,,,,,,,,,,,,,,,,,,,,,,,,,,,,,,,,,
,,,,,,,0.0,,,,,,,,,,,,,,,,,0.0,,,,,,,,,0.0,,,,,,,,,,,,,,,,,,,,,,,,,0.8,0.7,,,,,,0.0,,,,,,,,0.8,,,0.7,,,,,,,,,0.0,,,,1.5030800821355237,1.6454918032786885,1.4,0.6,10.0,1.4,0.8,11.0,,,,,,,,,,,,,,,,,,,,,,,,,,,,,,,,,,,,,,,,,,,,,,,,,,,,,,,,,,,,,,,,,,,,,,,,,,,,,,,,,,,,,,
,,,,,,,0.0,,,,,,,,,,,,,,,,,0.0,,,,,,,,,0.0,,,,,,,,,,,,,,,,,,,,,,,,,2.2,1.4000000000000001,,,,,,0.0,,,,,,,,2.2,,,1.4000000000000001,,,,,,,,,0.0,,,,1.3511904761904763,1.1121076233183858,2.0,0.6,10.0,1.4,2.2,9.0,,,,,,,,,,,,,,,,,,,,,,,,,,,,,,,,,,,,,,,,,,,,,,,,,,,,,,,,,,,,,,,,,,,,,,,,,,,,,,,,,,,,,,
,,,,,,,0.0,,,,,,,,,,,,,,,,,0.0,,,,,,,,,0.0,,,,,,,,,,,,,,,,,,,,,,,,,2.6,2.6,,,,,,0.0,,,,,,,,2.6,,,2.6,,,,,,,,,0.0,,,,1.193798449612403,,1.4,2.6,3.0,,,,,,,,,,,,,,,,,,,,,,,,,,,,,,,,,,,,,,,,,,,,,,,,,,,,,,,,,,,,,,,,,,,,,,,,,,,,,,,,,,,,,,,,,
,,,,,,,0.0,,,,,,,,,,,,,,,,,0.0,,,,,,,,,0.0,,,,,,,,,,,,,,,,,,,,,,,,,1.8,1.4,,,,,,0.0,,,,,,,,1.8,,,1.4,,,,,,,,,0.0,,,,1.3672316384180792,1.2574850299401197,1.4,1.8,4.0,1.4,1.0,9.0,,,,,,,,,,,,,,,,,,,,,,,,,,,,,,,,,,,,,,,,,,,,,,,,,,,,,,,,,,,,,,,,,,,,,,,,,,,,,,,,,,,,,,
,,,,,,,0.0,,,,,,,,,,,,,,,,,0.0,,,,,,,,,0.0,,,,,,,,,,,,,,,,,,,,,,,,,1.8,1.5,,,,,,0.0,,,,,,,,1.8,,,1.5,,,,,,,,,0.0,,,,1.103202846975089,1.402061855670103,1.0,1.2,6.0,0.6,1.8,5.0,,,,,,,,,,,,,,,,,,,,,,,,,,,,,,,,,,,,,,,,,,,,,,,,,,,,,,,,,,,,,,,,,,,,,,,,,,,,,,,,,,,,,,
,,,,,,,0.0,,,,,,,,,,,,,,,,,0.0,,,,,,,,,0.0,,,,,,,,,,,,,,,,,,,,,,,,,1.0,0.9,,,,,,0.0,,,,,,,,1.0,,,0.9,,,,,,,,,0.0,,,,2.145228215767635,1.6365591397849462,2.4,1.0,12.0,2.0,0.8,13.0,,,,,,,,,,,,,,,,,,,,,,,,,,,,,,,,,,,,,,,,,,,,,,,,,,,,,,,,,,,,,,,,,,,,,,,,,,,,,,,,,,,,,,
,,,,,,,0.0,,,,,,,,,,,,,,,,,0.0,,,,,,,,,0.0,,,,,,,,,,,,,,,,,,,,,,,,,1.6,1.3,,,,,,0.0,,,,,,,,1.6,,,1.3,,,,,,,,,0.0,,,,1.3668224299065421,1.05175983436853,0.8,1.6,4.0,1.4,1.0,9.0,,,,,,,,,,,,,,,,,,,,,,,,,,,,,,,,,,,,,,,,,,,,,,,,,,,,,,,,,,,,,,,,,,,,,,,,,,,,,,,,,,,,,,
,,,,,,,0.0,,,,,,,,,,,,,,,,,0.0,,,,,,,,,0.0,,,,,,,,,,,,,,,,,,,,,,,,,1.4,1.2,,,,,,0.0,,,,,,,,1.4,,,1.2,,,,,,,,,0.0,,,,1.3609467455621302,1.2335329341317365,0.8,1.0,4.0,2.2,1.4,9.0,,,,,,,,,,,,,,,,,,,,,,,,,,,,,,,,,,,,,,,,,,,,,,,,,,,,,,,,,,,,,,,,,,,,,,,,,,,,,,,,,,,,,,
,,,,,,,0.0,,,,,,,,,,,,,,,,,0.0,,,,,,,,,0.0,,,,,,,,,,,,,,,,,,,,,,,,,0.8,0.8,,,,,,0.0,,,,,,,,0.8,,,0.8,,,,,,,,,0.0,,,,1.684782608695652,1.651639344262295,1.6,0.8,8.0,1.6,0.8,13.0,,,,,,,,,,,,,,,,,,,,,,,,,,,,,,,,,,,,,,,,,,,,,,,,,,,,,,,,,,,,,,,,,,,,,,,,,,,,,,,,,,,,,,
,,,,,,,0.0,,,,,,,,,,,,,,,,,0.0,,,,,,,,,0.0,,,,,,,,,,,,,,,,,,,,,,,,,2.0,1.7,,,,,,0.0,,,,,,,,2.0,,,1.7,,,,,,,,,0.0,,,,2.041322314049587,1.1450381679389312,2.4,2.0,9.0,1.4,1.4,9.0,,,,,,,,,,,,,,,,,,,,,,,,,,,,,,,,,,,,,,,,,,,,,,,,,,,,,,,,,,,,,,,,,,,,,,,,,,,,,,,,,,,,,,
,,,,,,,0.0,,,,,,,,,,,,,,,,,0.0,,,,,,,,,0.0,,,,,,,,,,,,,,,,,,,,,,,,,,,,,,,,0.0,,,,,,,,,,,,,,,,,,,,0.0,,,,,,,,,,,,,,,,,,,,,,,,,,,,,,,,,,,,,,,,,,,,,,,,,,,,,,,,,,,,,,,,,,,,,,,,,,,,,,,,,,,,,,,,,,,,,,,,,
,,,,,,,0.0,,,,,,,,,,,,,,,,,0.0,,,,,,,,,0.0,,,,,,,,,,,,,,,,,,,,,,,,,2.0,2.0,,,,,,0.0,,,,,,,,2.0,,,2.0,,,,,,,,,0.0,,,,,1.1506849315068493,,,,1.6,2.0,7.0,,,,,,,,,,,,,,,,,,,,,,,,,,,,,,,,,,,,,,,,,,,,,,,,,,,,,,,,,,,,,,,,,,,,,,,,,,,,,,,,,,,,,,
,,,,,,,0.0,,,,,,,,,,,,,,,,,0.0,,,,,,,,,0.0,,,,,,,,,,,,,,,,,,,,,,,,,1.8,1.6,,,,,,0.0,,,,,,,,1.8,,,1.6,,,,,,,,,0.0,,,,2.072463768115942,0.8617021276595744,2.4,1.4,8.0,1.4,1.8,7.0,,,,,,,,,,,,,,,,,,,,,,,,,,,,,,,,,,,,,,,,,,,,,,,,,,,,,,,,,,,,,,,,,,,,,,,,,,,,,,,,,,,,,,
,,,,,,,0.0,,,,,,,,,,,,,,,,,0.0,,,,,,,,,0.0,,,,,,,,,,,,,,,,,,,,,,,,,1.4,1.2,,,,,,0.0,,,,,,,,1.4,,,1.2,,,,,,,,,0.0,,,,2.1931330472103006,1.2986111111111112,2.4,1.4,13.0,1.2,1.0,7.0,,,,,,,,,,,,,,,,,,,,,,,,,,,,,,,,,,,,,,,,,,,,,,,,,,,,,,,,,,,,,,,,,,,,,,,,,,,,,,,,,,,,,,
,,,,,,,0.0,,,,,,,,,,,,,,,,,0.0,,,,,,,,,0.0,,,,,,,,,,,,,,,,,,,,,,,,,1.8,1.6,,,,,,0.0,,,,,,,,1.8,,,1.6,,,,,,,,,0.0,,,,1.5714285714285714,1.5896907216494844,2.0,1.8,8.0,1.0,1.4,7.0,,,,,,,,,,,,,,,,,,,,,,,,,,,,,,,,,,,,,,,,,,,,,,,,,,,,,,,,,,,,,,,,,,,,,,,,,,,,,,,,,,,,,,
,,,,,,,0.0,,,,,,,,,,,,,,,,,0.0,,,,,,,,,0.0,,,,,,,,,,,,,,,,,,,,,,,,,2.4,2.0,,,,,,0.0,,,,,,,,2.4,,,2.0,,,,,,,,,0.0,,,,1.8008213552361396,0.9430199430199431,0.8,2.4,1.0,1.0,1.6,7.0,,,,,,,,,,,,,,,,,,,,,,,,,,,,,,,,,,,,,,,,,,,,,,,,,,,,,,,,,,,,,,,,,,,,,,,,,,,,,,,,,,,,,,
,,,,,,,0.0,,,,,,,,,,,,,,,,,0.0,,,,,,,,,0.0,,,,,,,,,,,,,,,,,,,,,,,,,1.6,1.5,,,,,,0.0,,,,,,,,1.6,,,1.5,,,,,,,,,0.0,,,,1.3668224299065421,1.1450381679389312,0.8,1.6,4.0,1.4,1.4,9.0,,,,,,,,,,,,,,,,,,,,,,,,,,,,,,,,,,,,,,,,,,,,,,,,,,,,,,,,,,,,,,,,,,,,,,,,,,,,,,,,,,,,,,
,,,,,,,0.0,,,,,,,,,,,,,,,,,0.0,,,,,,,,,0.0,,,,,,,,,,,,,,,,,,,,,,,,,1.0,1.0,,,,,,0.0,,,,,,,,1.0,,,1.0,,,,,,,,,0.0,,,,1.3609467455621302,,0.8,1.0,4.0,,,,,,,,,,,,,,,,,,,,,,,,,,,,,,,,,,,,,,,,,,,,,,,,,,,,,,,,,,,,,,,,,,,,,,,,,,,,,,,,,,,,,,,,,
,,,,,,,0.0,,,,,,,,,,,,,,,,,0.0,,,,,,,,,0.0,,,,,,,,,,,,,,,,,,,,,,,,,0.8,0.8,,,,,,0.0,,,,,,,,0.8,,,0.8,,,,,,,,,0.0,,,,1.684782608695652,1.6365591397849462,1.6,0.8,8.0,2.0,0.8,13.0,,,,,,,,,,,,,,,,,,,,,,,,,,,,,,,,,,,,,,,,,,,,,,,,,,,,,,,,,,,,,,,,,,,,,,,,,,,,,,,,,,,,,,
,,,,,,,0.0,,,,,,,,,,,,,,,,,0.0,,,,,,,,,0.0,,,,,,,,,,,,,,,,,,,,,,,,,2.0,1.4,,,,,,0.0,,,,,,,,2.0,,,1.4,,,,,,,,,0.0,,,,2.041322314049587,1.6454918032786885,2.4,2.0,9.0,1.4,0.8,11.0,,,,,,,,,,,,,,,,,,,,,,,,,,,,,,,,,,,,,,,,,,,,,,,,,,,,,,,,,,,,,,,,,,,,,,,,,,,,,,,,,,,,,,
,,,,,,,0.0,,,,,,,,,,,,,,,,,0.0,,,,,,,,,0.0,,,,,,,,,,,,,,,,,,,,,,,,,1.6,1.1,,,,,,0.0,,,,,,,,1.6,,,1.1,,,,,,,,,0.0,,,,1.5030800821355237,0.9430199430199431,1.4,0.6,10.0,1.0,1.6,7.0,,,,,,,,,,,,,,,,,,,,,,,,,,,,,,,,,,,,,,,,,,,,,,,,,,,,,,,,,,,,,,,,,,,,,,,,,,,,,,,,,,,,,,
,,,,,,,0.0,,,,,,,,,,,,,,,,,0.0,,,,,,,,,0.0,,,,,,,,,,,,,,,,,,,,,,,,,0.8,0.8,,,,,,0.0,,,,,,,,0.8,,,0.8,,,,,,,,,0.0,,,,1.4256756756756757,,1.0,0.8,5.0,,,,,,,,,,,,,,,,,,,,,,,,,,,,,,,,,,,,,,,,,,,,,,,,,,,,,,,,,,,,,,,,,,,,,,,,,,,,,,,,,,,,,,,,,
,,,,,,,0.0,,,,,,,,,,,,,,,,,0.0,,,,,,,,,0.0,,,,,,,,,,,,,,,,,,,,,,,,,1.2,1.2,,,,,,0.0,,,,,,,,1.2,,,1.2,,,,,,,,,0.0,,,,2.0351966873706004,,2.4,1.2,12.0,,,,,,,,,,,,,,,,,,,,,,,,,,,,,,,,,,,,,,,,,,,,,,,,,,,,,,,,,,,,,,,,,,,,,,,,,,,,,,,,,,,,,,,,,
,,,,,,,0.0,,,,,,,,,,,,,,,,,0.0,,,,,,,,,0.0,,,,,,,,,,,,,,,,,,,,,,,,,1.8,1.8,,,,,,0.0,,,,,,,,1.8,,,1.8,,,,,,,,,0.0,,,,1.5714285714285714,0.8617021276595744,2.0,1.8,8.0,1.4,1.8,7.0,,,,,,,,,,,,,,,,,,,,,,,,,,,,,,,,,,,,,,,,,,,,,,,,,,,,,,,,,,,,,,,,,,,,,,,,,,,,,,,,,,,,,,
,,,,,,,0.0,,,,,,,,,,,,,,,,,0.0,,,,,,,,,0.0,,,,,,,,,,,,,,,,,,,,,,,,,1.4,1.0,,,,,,0.0,,,,,,,,1.4,,,1.0,,,,,,,,,0.0,,,,1.2602739726027397,1.2335329341317365,0.0,0.6,2.0,2.2,1.4,9.0,,,,,,,,,,,,,,,,,,,,,,,,,,,,,,,,,,,,,,,,,,,,,,,,,,,,,,,,,,,,,,,,,,,,,,,,,,,,,,,,,,,,,,
,,,,,,,0.0,,,,,,,,,,,,,,,,,0.0,,,,,,,,,0.0,,,,,,,,,,,,,,,,,,,,,,,,,2.4,1.6,,,,,,0.0,,,,,,,,2.4,,,1.6,,,,,,,,,0.0,,,,1.8008213552361396,1.651639344262295,0.8,2.4,1.0,1.6,0.8,13.0,,,,,,,,,,,,,,,,,,,,,,,,,,,,,,,,,,,,,,,,,,,,,,,,,,,,,,,,,,,,,,,,,,,,,,,,,,,,,,,,,,,,,,
,,,,,,,0.0,,,,,,,,,,,,,,,,,0.0,,,,,,,,,0.0,,,,,,,,,,,,,,,,,,,,,,,,,1.0,1.0,,,,,,0.0,,,,,,,,1.0,,,1.0,,,,,,,,,0.0,,,,2.145228215767635,1.2574850299401197,2.4,1.0,12.0,1.4,1.0,9.0,,,,,,,,,,,,,,,,,,,,,,,,,,,,,,,,,,,,,,,,,,,,,,,,,,,,,,,,,,,,,,,,,,,,,,,,,,,,,,,,,,,,,,
,,,,,,,0.0,,,,,,,,,,,,,,,,,0.0,,,,,,,,,0.0,,,,,,,,,,,,,,,,,,,,,,,,,1.0,0.8,,,,,,0.0,,,,,,,,1.0,,,0.8,,,,,,,,,0.0,,,,1.3511904761904763,1.05175983436853,2.0,0.6,10.0,1.4,1.0,9.0,,,,,,,,,,,,,,,,,,,,,,,,,,,,,,,,,,,,,,,,,,,,,,,,,,,,,,,,,,,,,,,,,,,,,,,,,,,,,,,,,,,,,,
,,,,,,,0.0,,,,,,,,,,,,,,,,,0.0,,,,,,,,,0.0,,,,,,,,,,,,,,,,,,,,,,,,,1.8,1.8,,,,,,0.0,,,,,,,,1.8,,,1.8,,,,,,,,,0.0,,,,,1.1495327102803738,,,,0.8,1.8,7.0,,,,,,,,,,,,,,,,,,,,,,,,,,,,,,,,,,,,,,,,,,,,,,,,,,,,,,,,,,,,,,,,,,,,,,,,,,,,,,,,,,,,,,
,,,,,,,0.0,,,,,,,,,,,,,,,,,0.0,,,,,,,,,0.0,,,,,,,,,,,,,,,,,,,,,,,,,2.6,2.0,,,,,,0.0,,,,,,,,2.6,,,2.0,,,,,,,,,0.0,,,,1.193798449612403,1.5896907216494844,1.4,2.6,3.0,1.0,1.4,7.0,,,,,,,,,,,,,,,,,,,,,,,,,,,,,,,,,,,,,,,,,,,,,,,,,,,,,,,,,,,,,,,,,,,,,,,,,,,,,,,,,,,,,,
,,,,,,,0.0,,,,,,,,,,,,,,,,,0.0,,,,,,,,,0.0,,,,,,,,,,,,,,,,,,,,,,,,,1.8,1.7000000000000002,,,,,,0.0,,,,,,,,1.8,,,1.7000000000000002,,,,,,,,,0.0,,,,1.3672316384180792,1.358695652173913,1.4,1.8,4.0,2.0,1.6,9.0,,,,,,,,,,,,,,,,,,,,,,,,,,,,,,,,,,,,,,,,,,,,,,,,,,,,,,,,,,,,,,,,,,,,,,,,,,,,,,,,,,,,,,
,,,,,,,0.0,,,,,,,,,,,,,,,,,0.0,,,,,,,,,0.0,,,,,,,,,,,,,,,,,,,,,,,,,1.8,1.8,,,,,,0.0,,,,,,,,1.8,,,1.8,,,,,,,,,0.0,,,,,1.402061855670103,,,,0.6,1.8,5.0,,,,,,,,,,,,,,,,,,,,,,,,,,,,,,,,,,,,,,,,,,,,,,,,,,,,,,,,,,,,,,,,,,,,,,,,,,,,,,,,,,,,,,
,,,,,,,0.0,,,,,,,,,,,,,,,,,0.0,,,,,,,,,0.0,,,,,,,,,,,,,,,,,,,,,,,,,2.2,2.2,,,,,,0.0,,,,,,,,2.2,,,2.2,,,,,,,,,0.0,,,,,1.1121076233183858,,,,1.4,2.2,9.0,,,,,,,,,,,,,,,,,,,,,,,,,,,,,,,,,,,,,,,,,,,,,,,,,,,,,,,,,,,,,,,,,,,,,,,,,,,,,,,,,,,,,,
,,,,,,,0.0,,,,,,,,,,,,,,,,,0.0,,,,,,,,,0.0,,,,,,,,,,,,,,,,,,,,,,,,,1.4,1.2,,,,,,0.0,,,,,,,,1.4,,,1.2,,,,,,,,,0.0,,,,2.072463768115942,1.2986111111111112,2.4,1.4,8.0,1.2,1.0,7.0,,,,,,,,,,,,,,,,,,,,,,,,,,,,,,,,,,,,,,,,,,,,,,,,,,,,,,,,,,,,,,,,,,,,,,,,,,,,,,,,,,,,,,
,,,,,,,0.0,,,,,,,,,,,,,,,,,0.0,,,,,,,,,0.0,,,,,,,,,,,,,,,,,,,,,,,,,2.0,1.7,,,,,,0.0,,,,,,,,2.0,,,1.7,,,,,,,,,0.0,,,,2.1931330472103006,1.5855670103092783,2.4,1.4,13.0,1.8,2.0,9.0,,,,,,,,,,,,,,,,,,,,,,,,,,,,,,,,,,,,,,,,,,,,,,,,,,,,,,,,,,,,,,,,,,,,,,,,,,,,,,,,,,,,,,
,,,,,,,0.0,,,,,,,,,,,,,,,,,0.0,,,,,,,,,0.0,,,,,,,,,,,,,,,,,,,,,,,,,2.0,1.6,,,,,,0.0,,,,,,,,2.0,,,1.6,,,,,,,,,0.0,,,,1.103202846975089,1.1506849315068493,1.0,1.2,6.0,1.6,2.0,7.0,,,,,,,,,,,,,,,,,,,,,,,,,,,,,,,,,,,,,,,,,,,,,,,,,,,,,,,,,,,,,,,,,,,,,,,,,,,,,,,,,,,,,,
,,,,,,,0.0,,,,,,,,,,,,,,,,,0.0,,,,,,,,,0.0,,,,,,,,,,,,,,,,,,,,,,,,,1.4,1.2,,,,,,0.0,,,,,,,,1.4,,,1.2,,,,,,,,,0.0,,,,2.145228215767635,1.5896907216494844,2.4,1.0,12.0,1.0,1.4,7.0,,,,,,,,,,,,,,,,,,,,,,,,,,,,,,,,,,,,,,,,,,,,,,,,,,,,,,,,,,,,,,,,,,,,,,,,,,,,,,,,,,,,,,
,,,,,,,0.0,,,,,,,,,,,,,,,,,0.0,,,,,,,,,0.0,,,,,,,,,,,,,,,,,,,,,,,,,1.0,1.0,,,,,,0.0,,,,,,,,1.0,,,1.0,,,,,,,,,0.0,,,,1.3609467455621302,,0.8,1.0,4.0,,,,,,,,,,,,,,,,,,,,,,,,,,,,,,,,,,,,,,,,,,,,,,,,,,,,,,,,,,,,,,,,,,,,,,,,,,,,,,,,,,,,,,,,,
,,,,,,,0.0,,,,,,,,,,,,,,,,,0.0,,,,,,,,,0.0,,,,,,,,,,,,,,,,,,,,,,,,,2.2,1.5,,,,,,0.0,,,,,,,,2.2,,,1.5,,,,,,,,,0.0,,,,1.684782608695652,1.1121076233183858,1.6,0.8,8.0,1.4,2.2,9.0,,,,,,,,,,,,,,,,,,,,,,,,,,,,,,,,,,,,,,,,,,,,,,,,,,,,,,,,,,,,,,,,,,,,,,,,,,,,,,,,,,,,,,
,,,,,,,0.0,,,,,,,,,,,,,,,,,0.0,,,,,,,,,0.0,,,,,,,,,,,,,,,,,,,,,,,,,0.6,0.6,,,,,,0.0,,,,,,,,0.6,,,0.6,,,,,,,,,0.0,,,,1.3511904761904763,,2.0,0.6,10.0,,,,,,,,,,,,,,,,,,,,,,,,,,,,,,,,,,,,,,,,,,,,,,,,,,,,,,,,,,,,,,,,,,,,,,,,,,,,,,,,,,,,,,,,,
,,,,,,,0.0,,,,,,,,,,,,,,,,,0.0,,,,,,,,,0.0,,,,,,,,,,,,,,,,,,,,,,,,,2.0,1.9,,,,,,0.0,,,,,,,,2.0,,,1.9,,,,,,,,,0.0,,,,2.041322314049587,1.1495327102803738,2.4,2.0,9.0,0.8,1.8,7.0,,,,,,,,,,,,,,,,,,,,,,,,,,,,,,,,,,,,,,,,,,,,,,,,,,,,,,,,,,,,,,,,,,,,,,,,,,,,,,,,,,,,,,
,,,,,,,0.0,,,,,,,,,,,,,,,,,0.0,,,,,,,,,0.0,,,,,,,,,,,,,,,,,,,,,,,,,1.6,1.2000000000000002,,,,,,0.0,,,,,,,,1.6,,,1.2000000000000002,,,,,,,,,0.0,,,,1.4256756756756757,0.9430199430199431,1.0,0.8,5.0,1.0,1.6,7.0,,,,,,,,,,,,,,,,,,,,,,,,,,,,,,,,,,,,,,,,,,,,,,,,,,,,,,,,,,,,,,,,,,,,,,,,,,,,,,,,,,,,,,
,,,,,,,0.0,,,,,,,,,,,,,,,,,0.0,,,,,,,,,0.0,,,,,,,,,,,,,,,,,,,,,,,,,1.8,1.6,,,,,,0.0,,,,,,,,1.8,,,1.6,,,,,,,,,0.0,,,,2.072463768115942,1.402061855670103,2.4,1.4,8.0,0.6,1.8,5.0,,,,,,,,,,,,,,,,,,,,,,,,,,,,,,,,,,,,,,,,,,,,,,,,,,,,,,,,,,,,,,,,,,,,,,,,,,,,,,,,,,,,,,
,,,,,,,0.0,,,,,,,,,,,,,,,,,0.0,,,,,,,,,0.0,,,,,,,,,,,,,,,,,,,,,,,,,1.4,1.4,,,,,,0.0,,,,,,,,1.4,,,1.4,,,,,,,,,0.0,,,,2.1931330472103006,,2.4,1.4,13.0,,,,,,,,,,,,,,,,,,,,,,,,,,,,,,,,,,,,,,,,,,,,,,,,,,,,,,,,,,,,,,,,,,,,,,,,,,,,,,,,,,,,,,,,,
,,,,,,,0.0,,,,,,,,,,,,,,,,,0.0,,,,,,,,,0.0,,,,,,,,,,,,,,,,,,,,,,,,,1.0,0.8,,,,,,0.0,,,,,,,,1.0,,,0.8,,,,,,,,,0.0,,,,1.2602739726027397,1.05175983436853,0.0,0.6,2.0,1.4,1.0,9.0,,,,,,,,,,,,,,,,,,,,,,,,,,,,,,,,,,,,,,,,,,,,,,,,,,,,,,,,,,,,,,,,,,,,,,,,,,,,,,,,,,,,,,
,,,,,,,0.0,,,,,,,,,,,,,,,,,0.0,,,,,,,,,0.0,,,,,,,,,,,,,,,,,,,,,,,,,1.4,1.2999999999999998,,,,,,0.0,,,,,,,,1.4,,,1.2999999999999998,,,,,,,,,0.0,,,,1.103202846975089,1.1450381679389312,1.0,1.2,6.0,1.4,1.4,9.0,,,,,,,,,,,,,,,,,,,,,,,,,,,,,,,,,,,,,,,,,,,,,,,,,,,,,,,,,,,,,,,,,,,,,,,,,,,,,,,,,,,,,,
,,,,,,,0.0,,,,,,,,,,,,,,,,,0.0,,,,,,,,,0.0,,,,,,,,,,,,,,,,,,,,,,,,,1.6,1.3,,,,,,0.0,,,,,,,,1.6,,,1.3,,,,,,,,,0.0,,,,1.3668224299065421,1.2986111111111112,0.8,1.6,4.0,1.2,1.0,7.0,,,,,,,,,,,,,,,,,,,,,,,,,,,,,,,,,,,,,,,,,,,,,,,,,,,,,,,,,,,,,,,,,,,,,,,,,,,,,,,,,,,,,,
,,,,,,,0.0,,,,,,,,,,,,,,,,,0.0,,,,,,,,,0.0,,,,,,,,,,,,,,,,,,,,,,,,,1.8,1.2,,,,,,0.0,,,,,,,,1.8,,,1.2,,,,,,,,,0.0,,,,1.5030800821355237,0.8617021276595744,1.4,0.6,10.0,1.4,1.8,7.0,,,,,,,,,,,,,,,,,,,,,,,,,,,,,,,,,,,,,,,,,,,,,,,,,,,,,,,,,,,,,,,,,,,,,,,,,,,,,,,,,,,,,,
,,,,,,,0.0,,,,,,,,,,,,,,,,,0.0,,,,,,,,,0.0,,,,,,,,,,,,,,,,,,,,,,,,,1.8,1.6,,,,,,0.0,,,,,,,,1.8,,,1.6,,,,,,,,,0.0,,,,1.3672316384180792,1.2335329341317365,1.4,1.8,4.0,2.2,1.4,9.0,,,,,,,,,,,,,,,,,,,,,,,,,,,,,,,,,,,,,,,,,,,,,,,,,,,,,,,,,,,,,,,,,,,,,,,,,,,,,,,,,,,,,,
,,,,,,,0.0,,,,,,,,,,,,,,,,,0.0,,,,,,,,,0.0,,,,,,,,,,,,,,,,,,,,,,,,,1.6,1.6,,,,,,0.0,,,,,,,,1.6,,,1.6,,,,,,,,,0.0,,,,,1.358695652173913,,,,2.0,1.6,9.0,,,,,,,,,,,,,,,,,,,,,,,,,,,,,,,,,,,,,,,,,,,,,,,,,,,,,,,,,,,,,,,,,,,,,,,,,,,,,,,,,,,,,,
,,,,,,,0.0,,,,,,,,,,,,,,,,,0.0,,,,,,,,,0.0,,,,,,,,,,,,,,,,,,,,,,,,,2.4,1.7,,,,,,0.0,,,,,,,,2.4,,,1.7,,,,,,,,,0.0,,,,1.8008213552361396,1.2574850299401197,0.8,2.4,1.0,1.4,1.0,9.0,,,,,,,,,,,,,,,,,,,,,,,,,,,,,,,,,,,,,,,,,,,,,,,,,,,,,,,,,,,,,,,,,,,,,,,,,,,,,,,,,,,,,,
,,,,,,,0.0,,,,,,,,,,,,,,,,,0.0,,,,,,,,,0.0,,,,,,,,,,,,,,,,,,,,,,,,,0.8,0.8,,,,,,0.0,,,,,,,,0.8,,,0.8,,,,,,,,,0.0,,,,,1.6454918032786885,,,,1.4,0.8,11.0,,,,,,,,,,,,,,,,,,,,,,,,,,,,,,,,,,,,,,,,,,,,,,,,,,,,,,,,,,,,,,,,,,,,,,,,,,,,,,,,,,,,,,
,,,,,,,0.0,,,,,,,,,,,,,,,,,0.0,,,,,,,,,0.0,,,,,,,,,,,,,,,,,,,,,,,,,1.8,1.3,,,,,,0.0,,,,,,,,1.8,,,1.3,,,,,,,,,0.0,,,,1.5714285714285714,1.6365591397849462,2.0,1.8,8.0,2.0,0.8,13.0,,,,,,,,,,,,,,,,,,,,,,,,,,,,,,,,,,,,,,,,,,,,,,,,,,,,,,,,,,,,,,,,,,,,,,,,,,,,,,,,,,,,,,
,,,,,,,0.0,,,,,,,,,,,,,,,,,0.0,,,,,,,,,0.0,,,,,,,,,,,,,,,,,,,,,,,,,2.0,2.0,,,,,,0.0,,,,,,,,2.0,,,2.0,,,,,,,,,0.0,,,,,1.5855670103092783,,,,1.8,2.0,9.0,,,,,,,,,,,,,,,,,,,,,,,,,,,,,,,,,,,,,,,,,,,,,,,,,,,,,,,,,,,,,,,,,,,,,,,,,,,,,,,,,,,,,,
,,,,,,,0.0,,,,,,,,,,,,,,,,,0.0,,,,,,,,,0.0,,,,,,,,,,,,,,,,,,,,,,,,,2.0,1.6,,,,,,0.0,,,,,,,,2.0,,,1.6,,,,,,,,,0.0,,,,2.0351966873706004,1.1506849315068493,2.4,1.2,12.0,1.6,2.0,7.0,,,,,,,,,,,,,,,,,,,,,,,,,,,,,,,,,,,,,,,,,,,,,,,,,,,,,,,,,,,,,,,,,,,,,,,,,,,,,,,,,,,,,,
,,,,,,,0.0,,,,,,,,,,,,,,,,,0.0,,,,,,,,,0.0,,,,,,,,,,,,,,,,,,,,,,,,,2.6,1.7000000000000002,,,,,,0.0,,,,,,,,2.6,,,1.7000000000000002,,,,,,,,,0.0,,,,1.193798449612403,1.651639344262295,1.4,2.6,3.0,1.6,0.8,13.0,,,,,,,,,,,,,,,,,,,,,,,,,,,,,,,,,,,,,,,,,,,,,,,,,,,,,,,,,,,,,,,,,,,,,,,,,,,,,,,,,,,,,,
,,,,,,,0.0,,,,,,,,,,,,,,,,,0.0,,,,,,,,,0.0,,,,,,,,,,,,,,,,,,,,,,,,,1.0,1.0,,,,,,0.0,,,,,,,,1.0,,,1.0,,,,,,,,,0.0,,,,,1.2986111111111112,,,,1.2,1.0,7.0,,,,,,,,,,,,,,,,,,,,,,,,,,,,,,,,,,,,,,,,,,,,,,,,,,,,,,,,,,,,,,,,,,,,,,,,,,,,,,,,,,,,,,
,,,,,,,0.0,,,,,,,,,,,,,,,,,0.0,,,,,,,,,0.0,,,,,,,,,,,,,,,,,,,,,,,,,2.4,1.9,,,,,,0.0,,,,,,,,2.4,,,1.9,,,,,,,,,0.0,,,,1.8008213552361396,1.2335329341317365,0.8,2.4,1.0,2.2,1.4,9.0,,,,,,,,,,,,,,,,,,,,,,,,,,,,,,,,,,,,,,,,,,,,,,,,,,,,,,,,,,,,,,,,,,,,,,,,,,,,,,,,,,,,,,
,,,,,,,0.0,,,,,,,,,,,,,,,,,0.0,,,,,,,,,0.0,,,,,,,,,,,,,,,,,,,,,,,,,0.8,0.7,,,,,,0.0,,,,,,,,0.8,,,0.7,,,,,,,,,0.0,,,,1.5030800821355237,1.6365591397849462,1.4,0.6,10.0,2.0,0.8,13.0,,,,,,,,,,,,,,,,,,,,,,,,,,,,,,,,,,,,,,,,,,,,,,,,,,,,,,,,,,,,,,,,,,,,,,,,,,,,,,,,,,,,,,
,,,,,,,0.0,,,,,,,,,,,,,,,,,0.0,,,,,,,,,0.0,,,,,,,,,,,,,,,,,,,,,,,,,1.6,1.6,,,,,,0.0,,,,,,,,1.6,,,1.6,,,,,,,,,0.0,,,,,1.358695652173913,,,,2.0,1.6,9.0,,,,,,,,,,,,,,,,,,,,,,,,,,,,,,,,,,,,,,,,,,,,,,,,,,,,,,,,,,,,,,,,,,,,,,,,,,,,,,,,,,,,,,
,,,,,,,0.0,,,,,,,,,,,,,,,,,0.0,,,,,,,,,0.0,,,,,,,,,,,,,,,,,,,,,,,,,2.6,1.8,,,,,,0.0,,,,,,,,2.6,,,1.8,,,,,,,,,0.0,,,,1.193798449612403,1.2574850299401197,1.4,2.6,3.0,1.4,1.0,9.0,,,,,,,,,,,,,,,,,,,,,,,,,,,,,,,,,,,,,,,,,,,,,,,,,,,,,,,,,,,,,,,,,,,,,,,,,,,,,,,,,,,,,,
,,,,,,,0.0,,,,,,,,,,,,,,,,,0.0,,,,,,,,,0.0,,,,,,,,,,,,,,,,,,,,,,,,,1.8,1.3,,,,,,0.0,,,,,,,,1.8,,,1.3,,,,,,,,,0.0,,,,1.3672316384180792,1.651639344262295,1.4,1.8,4.0,1.6,0.8,13.0,,,,,,,,,,,,,,,,,,,,,,,,,,,,,,,,,,,,,,,,,,,,,,,,,,,,,,,,,,,,,,,,,,,,,,,,,,,,,,,,,,,,,,
,,,,,,,0.0,,,,,,,,,,,,,,,,,0.0,,,,,,,,,0.0,,,,,,,,,,,,,,,,,,,,,,,,,1.8,1.5,,,,,,0.0,,,,,,,,1.8,,,1.5,,,,,,,,,0.0,,,,2.0351966873706004,0.8617021276595744,2.4,1.2,12.0,1.4,1.8,7.0,,,,,,,,,,,,,,,,,,,,,,,,,,,,,,,,,,,,,,,,,,,,,,,,,,,,,,,,,,,,,,,,,,,,,,,,,,,,,,,,,,,,,,
,,,,,,,0.0,,,,,,,,,,,,,,,,,0.0,,,,,,,,,0.0,,,,,,,,,,,,,,,,,,,,,,,,,2.0,1.9,,,,,,0.0,,,,,,,,2.0,,,1.9,,,,,,,,,0.0,,,,1.5714285714285714,1.1506849315068493,2.0,1.8,8.0,1.6,2.0,7.0,,,,,,,,,,,,,,,,,,,,,,,,,,,,,,,,,,,,,,,,,,,,,,,,,,,,,,,,,,,,,,,,,,,,,,,,,,,,,,,,,,,,,,
,,,,,,,0.0,,,,,,,,,,,,,,,,,0.0,,,,,,,,,0.0,,,,,,,,,,,,,,,,,,,,,,,,,1.6,1.2000000000000002,,,,,,0.0,,,,,,,,1.6,,,1.2000000000000002,,,,,,,,,0.0,,,,1.3668224299065421,1.6454918032786885,0.8,1.6,4.0,1.4,0.8,11.0,,,,,,,,,,,,,,,,,,,,,,,,,,,,,,,,,,,,,,,,,,,,,,,,,,,,,,,,,,,,,,,,,,,,,,,,,,,,,,,,,,,,,,
,,,,,,,0.0,,,,,,,,,,,,,,,,,0.0,,,,,,,,,0.0,,,,,,,,,,,,,,,,,,,,,,,,,2.0,2.0,,,,,,0.0,,,,,,,,2.0,,,2.0,,,,,,,,,0.0,,,,,1.5855670103092783,,,,1.8,2.0,9.0,,,,,,,,,,,,,,,,,,,,,,,,,,,,,,,,,,,,,,,,,,,,,,,,,,,,,,,,,,,,,,,,,,,,,,,,,,,,,,,,,,,,,,
,,,,,,,0.0,,,,,,,,,,,,,,,,,0.0,,,,,,,,,0.0,,,,,,,,,,,,,,,,,,,,,,,,,1.0,0.9,,,,,,0.0,,,,,,,,1.0,,,0.9,,,,,,,,,0.0,,,,1.4256756756756757,1.05175983436853,1.0,0.8,5.0,1.4,1.0,9.0,,,,,,,,,,,,,,,,,,,,,,,,,,,,,,,,,,,,,,,,,,,,,,,,,,,,,,,,,,,,,,,,,,,,,,,,,,,,,,,,,,,,,,
,,,,,,,0.0,,,,,,,,,,,,,,,,,0.0,,,,,,,,,0.0,,,,,,,,,,,,,,,,,,,,,,,,,1.4,1.0,,,,,,0.0,,,,,,,,1.4,,,1.0,,,,,,,,,0.0,,,,1.3511904761904763,1.5896907216494844,2.0,0.6,10.0,1.0,1.4,7.0,,,,,,,,,,,,,,,,,,,,,,,,,,,,,,,,,,,,,,,,,,,,,,,,,,,,,,,,,,,,,,,,,,,,,,,,,,,,,,,,,,,,,,
,,,,,,,0.0,,,,,,,,,,,,,,,,,0.0,,,,,,,,,0.0,,,,,,,,,,,,,,,,,,,,,,,,,1.0,1.0,,,,,,0.0,,,,,,,,1.0,,,1.0,,,,,,,,,0.0,,,,2.145228215767635,,2.4,1.0,12.0,,,,,,,,,,,,,,,,,,,,,,,,,,,,,,,,,,,,,,,,,,,,,,,,,,,,,,,,,,,,,,,,,,,,,,,,,,,,,,,,,,,,,,,,,
,,,,,,,0.0,,,,,,,,,,,,,,,,,0.0,,,,,,,,,0.0,,,,,,,,,,,,,,,,,,,,,,,,,1.4,1.1,,,,,,0.0,,,,,,,,1.4,,,1.1,,,,,,,,,0.0,,,,1.684782608695652,1.1450381679389312,1.6,0.8,8.0,1.4,1.4,9.0,,,,,,,,,,,,,,,,,,,,,,,,,,,,,,,,,,,,,,,,,,,,,,,,,,,,,,,,,,,,,,,,,,,,,,,,,,,,,,,,,,,,,,
,,,,,,,0.0,,,,,,,,,,,,,,,,,0.0,,,,,,,,,0.0,,,,,,,,,,,,,,,,,,,,,,,,,1.4,1.4,,,,,,0.0,,,,,,,,1.4,,,1.4,,,,,,,,,0.0,,,,2.072463768115942,,2.4,1.4,8.0,,,,,,,,,,,,,,,,,,,,,,,,,,,,,,,,,,,,,,,,,,,,,,,,,,,,,,,,,,,,,,,,,,,,,,,,,,,,,,,,,,,,,,,,,
,,,,,,,0.0,,,,,,,,,,,,,,,,,0.0,,,,,,,,,0.0,,,,,,,,,,,,,,,,,,,,,,,,,1.6,1.1,,,,,,0.0,,,,,,,,1.6,,,1.1,,,,,,,,,0.0,,,,1.2602739726027397,0.9430199430199431,0.0,0.6,2.0,1.0,1.6,7.0,,,,,,,,,,,,,,,,,,,,,,,,,,,,,,,,,,,,,,,,,,,,,,,,,,,,,,,,,,,,,,,,,,,,,,,,,,,,,,,,,,,,,,
,,,,,,,0.0,,,,,,,,,,,,,,,,,0.0,,,,,,,,,0.0,,,,,,,,,,,,,,,,,,,,,,,,,1.2,1.2,,,,,,0.0,,,,,,,,1.2,,,1.2,,,,,,,,,0.0,,,,1.103202846975089,,1.0,1.2,6.0,,,,,,,,,,,,,,,,,,,,,,,,,,,,,,,,,,,,,,,,,,,,,,,,,,,,,,,,,,,,,,,,,,,,,,,,,,,,,,,,,,,,,,,,,
,,,,,,,0.0,,,,,,,,,,,,,,,,,0.0,,,,,,,,,0.0,,,,,,,,,,,,,,,,,,,,,,,,,1.8,1.4,,,,,,0.0,,,,,,,,1.8,,,1.4,,,,,,,,,0.0,,,,1.3609467455621302,1.1495327102803738,0.8,1.0,4.0,0.8,1.8,7.0,,,,,,,,,,,,,,,,,,,,,,,,,,,,,,,,,,,,,,,,,,,,,,,,,,,,,,,,,,,,,,,,,,,,,,,,,,,,,,,,,,,,,,
,,,,,,,0.0,,,,,,,,,,,,,,,,,0.0,,,,,,,,,0.0,,,,,,,,,,,,,,,,,,,,,,,,,2.2,2.1,,,,,,0.0,,,,,,,,2.2,,,2.1,,,,,,,,,0.0,,,,2.041322314049587,1.1121076233183858,2.4,2.0,9.0,1.4,2.2,9.0,,,,,,,,,,,,,,,,,,,,,,,,,,,,,,,,,,,,,,,,,,,,,,,,,,,,,,,,,,,,,,,,,,,,,,,,,,,,,,,,,,,,,,
,,,,,,,0.0,,,,,,,,,,,,,,,,,0.0,,,,,,,,,0.0,,,,,,,,,,,,,,,,,,,,,,,,,1.8,1.6,,,,,,0.0,,,,,,,,1.8,,,1.6,,,,,,,,,0.0,,,,2.1931330472103006,1.402061855670103,2.4,1.4,13.0,0.6,1.8,5.0,,,,,,,,,,,,,,,,,,,,,,,,,,,,,,,,,,,,,,,,,,,,,,,,,,,,,,,,,,,,,,,,,,,,,,,,,,,,,,,,,,,,,,
,,,,,,,0.0,,,,,,,,,,,,,,,,,0.0,,,,,,,,,0.0,,,,,,,,,,,,,,,,,,,,,,,,,1.6,1.3,,,,,,0.0,,,,,,,,1.6,,,1.3,,,,,,,,,0.0,,,,2.145228215767635,1.358695652173913,2.4,1.0,12.0,2.0,1.6,9.0,,,,,,,,,,,,,,,,,,,,,,,,,,,,,,,,,,,,,,,,,,,,,,,,,,,,,,,,,,,,,,,,,,,,,,,,,,,,,,,,,,,,,,
,,,,,,,0.0,,,,,,,,,,,,,,,,,0.0,,,,,,,,,0.0,,,,,,,,,,,,,,,,,,,,,,,,,1.0,0.8,,,,,,0.0,,,,,,,,1.0,,,0.8,,,,,,,,,0.0,,,,1.3511904761904763,1.2574850299401197,2.0,0.6,10.0,1.4,1.0,9.0,,,,,,,,,,,,,,,,,,,,,,,,,,,,,,,,,,,,,,,,,,,,,,,,,,,,,,,,,,,,,,,,,,,,,,,,,,,,,,,,,,,,,,
,,,,,,,0.0,,,,,,,,,,,,,,,,,0.0,,,,,,,,,0.0,,,,,,,,,,,,,,,,,,,,,,,,,1.8,1.2,,,,,,0.0,,,,,,,,1.8,,,1.2,,,,,,,,,0.0,,,,1.5030800821355237,1.1495327102803738,1.4,0.6,10.0,0.8,1.8,7.0,,,,,,,,,,,,,,,,,,,,,,,,,,,,,,,,,,,,,,,,,,,,,,,,,,,,,,,,,,,,,,,,,,,,,,,,,,,,,,,,,,,,,,
,,,,,,,0.0,,,,,,,,,,,,,,,,,0.0,,,,,,,,,0.0,,,,,,,,,,,,,,,,,,,,,,,,,0.6,0.6,,,,,,0.0,,,,,,,,0.6,,,0.6,,,,,,,,,0.0,,,,1.2602739726027397,,0.0,0.6,2.0,,,,,,,,,,,,,,,,,,,,,,,,,,,,,,,,,,,,,,,,,,,,,,,,,,,,,,,,,,,,,,,,,,,,,,,,,,,,,,,,,,,,,,,,,
,,,,,,,0.0,,,,,,,,,,,,,,,,,0.0,,,,,,,,,0.0,,,,,,,,,,,,,,,,,,,,,,,,,1.2,1.0,,,,,,0.0,,,,,,,,1.2,,,1.0,,,,,,,,,0.0,,,,1.103202846975089,1.6454918032786885,1.0,1.2,6.0,1.4,0.8,11.0,,,,,,,,,,,,,,,,,,,,,,,,,,,,,,,,,,,,,,,,,,,,,,,,,,,,,,,,,,,,,,,,,,,,,,,,,,,,,,,,,,,,,,
,,,,,,,0.0,,,,,,,,,,,,,,,,,0.0,,,,,,,,,0.0,,,,,,,,,,,,,,,,,,,,,,,,,2.6,2.3,,,,,,0.0,,,,,,,,2.6,,,2.3,,,,,,,,,0.0,,,,1.193798449612403,1.5855670103092783,1.4,2.6,3.0,1.8,2.0,9.0,,,,,,,,,,,,,,,,,,,,,,,,,,,,,,,,,,,,,,,,,,,,,,,,,,,,,,,,,,,,,,,,,,,,,,,,,,,,,,,,,,,,,,
,,,,,,,0.0,,,,,,,,,,,,,,,,,0.0,,,,,,,,,0.0,,,,,,,,,,,,,,,,,,,,,,,,,1.8,1.8,,,,,,0.0,,,,,,,,1.8,,,1.8,,,,,,,,,0.0,,,,1.3672316384180792,1.402061855670103,1.4,1.8,4.0,0.6,1.8,5.0,,,,,,,,,,,,,,,,,,,,,,,,,,,,,,,,,,,,,,,,,,,,,,,,,,,,,,,,,,,,,,,,,,,,,,,,,,,,,,,,,,,,,,
,,,,,,,0.0,,,,,,,,,,,,,,,,,0.0,,,,,,,,,0.0,,,,,,,,,,,,,,,,,,,,,,,,,,,,,,,,0.0,,,,,,,,,,,,,,,,,,,,0.0,,,,,,,,,,,,,,,,,,,,,,,,,,,,,,,,,,,,,,,,,,,,,,,,,,,,,,,,,,,,,,,,,,,,,,,,,,,,,,,,,,,,,,,,,,,,,,,,,
,,,,,,,0.0,,,,,,,,,,,,,,,,,0.0,,,,,,,,,0.0,,,,,,,,,,,,,,,,,,,,,,,,,0.8,0.8,,,,,,0.0,,,,,,,,0.8,,,0.8,,,,,,,,,0.0,,,,1.4256756756756757,1.6365591397849462,1.0,0.8,5.0,2.0,0.8,13.0,,,,,,,,,,,,,,,,,,,,,,,,,,,,,,,,,,,,,,,,,,,,,,,,,,,,,,,,,,,,,,,,,,,,,,,,,,,,,,,,,,,,,,
,,,,,,,0.0,,,,,,,,,,,,,,,,,0.0,,,,,,,,,0.0,,,,,,,,,,,,,,,,,,,,,,,,,2.2,1.7000000000000002,,,,,,0.0,,,,,,,,2.2,,,1.7000000000000002,,,,,,,,,0.0,,,,2.0351966873706004,1.1121076233183858,2.4,1.2,12.0,1.4,2.2,9.0,,,,,,,,,,,,,,,,,,,,,,,,,,,,,,,,,,,,,,,,,,,,,,,,,,,,,,,,,,,,,,,,,,,,,,,,,,,,,,,,,,,,,,
,,,,,,,0.0,,,,,,,,,,,,,,,,,0.0,,,,,,,,,0.0,,,,,,,,,,,,,,,,,,,,,,,,,1.6,1.5,,,,,,0.0,,,,,,,,1.6,,,1.5,,,,,,,,,0.0,,,,1.3668224299065421,1.5896907216494844,0.8,1.6,4.0,1.0,1.4,7.0,,,,,,,,,,,,,,,,,,,,,,,,,,,,,,,,,,,,,,,,,,,,,,,,,,,,,,,,,,,,,,,,,,,,,,,,,,,,,,,,,,,,,,
,,,,,,,0.0,,,,,,,,,,,,,,,,,0.0,,,,,,,,,0.0,,,,,,,,,,,,,,,,,,,,,,,,,1.0,1.0,,,,,,0.0,,,,,,,,1.0,,,1.0,,,,,,,,,0.0,,,,1.3609467455621302,,0.8,1.0,4.0,,,,,,,,,,,,,,,,,,,,,,,,,,,,,,,,,,,,,,,,,,,,,,,,,,,,,,,,,,,,,,,,,,,,,,,,,,,,,,,,,,,,,,,,,
,,,,,,,0.0,,,,,,,,,,,,,,,,,0.0,,,,,,,,,0.0,,,,,,,,,,,,,,,,,,,,,,,,,1.4,1.1,,,,,,0.0,,,,,,,,1.4,,,1.1,,,,,,,,,0.0,,,,1.684782608695652,1.2335329341317365,1.6,0.8,8.0,2.2,1.4,9.0,,,,,,,,,,,,,,,,,,,,,,,,,,,,,,,,,,,,,,,,,,,,,,,,,,,,,,,,,,,,,,,,,,,,,,,,,,,,,,,,,,,,,,
,,,,,,,0.0,,,,,,,,,,,,,,,,,0.0,,,,,,,,,0.0,,,,,,,,,,,,,,,,,,,,,,,,,2.0,1.9,,,,,,0.0,,,,,,,,2.0,,,1.9,,,,,,,,,0.0,,,,2.041322314049587,0.8617021276595744,2.4,2.0,9.0,1.4,1.8,7.0,,,,,,,,,,,,,,,,,,,,,,,,,,,,,,,,,,,,,,,,,,,,,,,,,,,,,,,,,,,,,,,,,,,,,,,,,,,,,,,,,,,,,,
,,,,,,,0.0,,,,,,,,,,,,,,,,,0.0,,,,,,,,,0.0,,,,,,,,,,,,,,,,,,,,,,,,,1.0,1.0,,,,,,0.0,,,,,,,,1.0,,,1.0,,,,,,,,,0.0,,,,,1.05175983436853,,,,1.4,1.0,9.0,,,,,,,,,,,,,,,,,,,,,,,,,,,,,,,,,,,,,,,,,,,,,,,,,,,,,,,,,,,,,,,,,,,,,,,,,,,,,,,,,,,,,,
,,,,,,,0.0,,,,,,,,,,,,,,,,,0.0,,,,,,,,,0.0,,,,,,,,,,,,,,,,,,,,,,,,,0.8,0.8,,,,,,0.0,,,,,,,,0.8,,,0.8,,,,,,,,,0.0,,,,,1.651639344262295,,,,1.6,0.8,13.0,,,,,,,,,,,,,,,,,,,,,,,,,,,,,,,,,,,,,,,,,,,,,,,,,,,,,,,,,,,,,,,,,,,,,,,,,,,,,,,,,,,,,,
,,,,,,,0.0,,,,,,,,,,,,,,,,,0.0,,,,,,,,,0.0,,,,,,,,,,,,,,,,,,,,,,,,,1.4,1.4,,,,,,0.0,,,,,,,,1.4,,,1.4,,,,,,,,,0.0,,,,2.072463768115942,1.1450381679389312,2.4,1.4,8.0,1.4,1.4,9.0,,,,,,,,,,,,,,,,,,,,,,,,,,,,,,,,,,,,,,,,,,,,,,,,,,,,,,,,,,,,,,,,,,,,,,,,,,,,,,,,,,,,,,
,,,,,,,0.0,,,,,,,,,,,,,,,,,0.0,,,,,,,,,0.0,,,,,,,,,,,,,,,,,,,,,,,,,2.0,1.7,,,,,,0.0,,,,,,,,2.0,,,1.7,,,,,,,,,0.0,,,,2.1931330472103006,1.1506849315068493,2.4,1.4,13.0,1.6,2.0,7.0,,,,,,,,,,,,,,,,,,,,,,,,,,,,,,,,,,,,,,,,,,,,,,,,,,,,,,,,,,,,,,,,,,,,,,,,,,,,,,,,,,,,,,
,,,,,,,0.0,,,,,,,,,,,,,,,,,0.0,,,,,,,,,0.0,,,,,,,,,,,,,,,,,,,,,,,,,1.8,1.7000000000000002,,,,,,0.0,,,,,,,,1.8,,,1.7000000000000002,,,,,,,,,0.0,,,,1.5714285714285714,0.9430199430199431,2.0,1.8,8.0,1.0,1.6,7.0,,,,,,,,,,,,,,,,,,,,,,,,,,,,,,,,,,,,,,,,,,,,,,,,,,,,,,,,,,,,,,,,,,,,,,,,,,,,,,,,,,,,,,
,,,,,,,0.0,,,,,,,,,,,,,,,,,0.0,,,,,,,,,0.0,,,,,,,,,,,,,,,,,,,,,,,,,2.4,1.7,,,,,,0.0,,,,,,,,2.4,,,1.7,,,,,,,,,0.0,,,,1.8008213552361396,1.2986111111111112,0.8,2.4,1.0,1.2,1.0,7.0,,,,,,,,,,,,,,,,,,,,,,,,,,,,,,,,,,,,,,,,,,,,,,,,,,,,,,,,,,,,,,,,,,,,,,,,,,,,,,,,,,,,,,
,,,,,,,0.0,,,,,,,,,,,,,,,,,0.0,,,,,,,,,0.0,,,,,,,,,,,,,,,,,,,,,,,,,2.2,1.6,,,,,,0.0,,,,,,,,2.2,,,1.6,,,,,,,,,0.0,,,,2.145228215767635,1.1121076233183858,2.4,1.0,12.0,1.4,2.2,9.0,,,,,,,,,,,,,,,,,,,,,,,,,,,,,,,,,,,,,,,,,,,,,,,,,,,,,,,,,,,,,,,,,,,,,,,,,,,,,,,,,,,,,,
,,,,,,,0.0,,,,,,,,,,,,,,,,,0.0,,,,,,,,,0.0,,,,,,,,,,,,,,,,,,,,,,,,,0.8,0.7,,,,,,0.0,,,,,,,,0.8,,,0.7,,,,,,,,,0.0,,,,1.3511904761904763,1.6365591397849462,2.0,0.6,10.0,2.0,0.8,13.0,,,,,,,,,,,,,,,,,,,,,,,,,,,,,,,,,,,,,,,,,,,,,,,,,,,,,,,,,,,,,,,,,,,,,,,,,,,,,,,,,,,,,,
,,,,,,,0.0,,,,,,,,,,,,,,,,,0.0,,,,,,,,,0.0,,,,,,,,,,,,,,,,,,,,,,,,,2.6,2.2,,,,,,0.0,,,,,,,,2.6,,,2.2,,,,,,,,,0.0,,,,1.193798449612403,1.402061855670103,1.4,2.6,3.0,0.6,1.8,5.0,,,,,,,,,,,,,,,,,,,,,,,,,,,,,,,,,,,,,,,,,,,,,,,,,,,,,,,,,,,,,,,,,,,,,,,,,,,,,,,,,,,,,,
,,,,,,,0.0,,,,,,,,,,,,,,,,,0.0,,,,,,,,,0.0,,,,,,,,,,,,,,,,,,,,,,,,,1.6,1.1,,,,,,0.0,,,,,,,,1.6,,,1.1,,,,,,,,,0.0,,,,1.5030800821355237,1.358695652173913,1.4,0.6,10.0,2.0,1.6,9.0,,,,,,,,,,,,,,,,,,,,,,,,,,,,,,,,,,,,,,,,,,,,,,,,,,,,,,,,,,,,,,,,,,,,,,,,,,,,,,,,,,,,,,
,,,,,,,0.0,,,,,,,,,,,,,,,,,0.0,,,,,,,,,0.0,,,,,,,,,,,,,,,,,,,,,,,,,1.8,1.8,,,,,,0.0,,,,,,,,1.8,,,1.8,,,,,,,,,0.0,,,,1.3672316384180792,1.1495327102803738,1.4,1.8,4.0,0.8,1.8,7.0,,,,,,,,,,,,,,,,,,,,,,,,,,,,,,,,,,,,,,,,,,,,,,,,,,,,,,,,,,,,,,,,,,,,,,,,,,,,,,,,,,,,,,
,,,,,,,0.0,,,,,,,,,,,,,,,,,0.0,,,,,,,,,0.0,,,,,,,,,,,,,,,,,,,,,,,,,,,,,,,,0.0,,,,,,,,,,,,,,,,,,,,0.0,,,,,,,,,,,,,,,,,,,,,,,,,,,,,,,,,,,,,,,,,,,,,,,,,,,,,,,,,,,,,,,,,,,,,,,,,,,,,,,,,,,,,,,,,,,,,,,,,
,,,,,,,0.0,,,,,,,,,,,,,,,,,0.0,,,,,,,,,0.0,,,,,,,,,,,,,,,,,,,,,,,,,2.0,1.4,,,,,,0.0,,,,,,,,2.0,,,1.4,,,,,,,,,0.0,,,,1.4256756756756757,1.5855670103092783,1.0,0.8,5.0,1.8,2.0,9.0,,,,,,,,,,,,,,,,,,,,,,,,,,,,,,,,,,,,,,,,,,,,,,,,,,,,,,,,,,,,,,,,,,,,,,,,,,,,,,,,,,,,,,
,,,,,,,0.0,,,,,,,,,,,,,,,,,0.0,,,,,,,,,0.0,,,,,,,,,,,,,,,,,,,,,,,,,1.2,1.0,,,,,,0.0,,,,,,,,1.2,,,1.0,,,,,,,,,0.0,,,,2.0351966873706004,1.6454918032786885,2.4,1.2,12.0,1.4,0.8,11.0,,,,,,,,,,,,,,,,,,,,,,,,,,,,,,,,,,,,,,,,,,,,,,,,,,,,,,,,,,,,,,,,,,,,,,,,,,,,,,,,,,,,,,
,,,,,,,0.0,,,,,,,,,,,,,,,,,0.0,,,,,,,,,0.0,,,,,,,,,,,,,,,,,,,,,,,,,1.0,0.8,,,,,,0.0,,,,,,,,1.0,,,0.8,,,,,,,,,0.0,,,,1.2602739726027397,1.2574850299401197,0.0,0.6,2.0,1.4,1.0,9.0,,,,,,,,,,,,,,,,,,,,,,,,,,,,,,,,,,,,,,,,,,,,,,,,,,,,,,,,,,,,,,,,,,,,,,,,,,,,,,,,,,,,,,
,,,,,,,0.0,,,,,,,,,,,,,,,,,0.0,,,,,,,,,0.0,,,,,,,,,,,,,,,,,,,,,,,,,1.2,1.2,,,,,,0.0,,,,,,,,1.2,,,1.2,,,,,,,,,0.0,,,,1.103202846975089,,1.0,1.2,6.0,,,,,,,,,,,,,,,,,,,,,,,,,,,,,,,,,,,,,,,,,,,,,,,,,,,,,,,,,,,,,,,,,,,,,,,,,,,,,,,,,,,,,,,,,
,,,,,,,0.0,,,,,,,,,,,,,,,,,0.0,,,,,,,,,0.0,,,,,,,,,,,,,,,,,,,,,,,,,1.6,1.6,,,,,,0.0,,,,,,,,1.6,,,1.6,,,,,,,,,0.0,,,,1.3668224299065421,,0.8,1.6,4.0,,,,,,,,,,,,,,,,,,,,,,,,,,,,,,,,,,,,,,,,,,,,,,,,,,,,,,,,,,,,,,,,,,,,,,,,,,,,,,,,,,,,,,,,,
,,,,,,,0.0,,,,,,,,,,,,,,,,,0.0,,,,,,,,,0.0,,,,,,,,,,,,,,,,,,,,,,,,,1.6,1.3,,,,,,0.0,,,,,,,,1.6,,,1.3,,,,,,,,,0.0,,,,1.3609467455621302,0.9430199430199431,0.8,1.0,4.0,1.0,1.6,7.0,,,,,,,,,,,,,,,,,,,,,,,,,,,,,,,,,,,,,,,,,,,,,,,,,,,,,,,,,,,,,,,,,,,,,,,,,,,,,,,,,,,,,,
,,,,,,,0.0,,,,,,,,,,,,,,,,,0.0,,,,,,,,,0.0,,,,,,,,,,,,,,,,,,,,,,,,,1.4,1.1,,,,,,0.0,,,,,,,,1.4,,,1.1,,,,,,,,,0.0,,,,1.684782608695652,1.5896907216494844,1.6,0.8,8.0,1.0,1.4,7.0,,,,,,,,,,,,,,,,,,,,,,,,,,,,,,,,,,,,,,,,,,,,,,,,,,,,,,,,,,,,,,,,,,,,,,,,,,,,,,,,,,,,,,
,,,,,,,0.0,,,,,,,,,,,,,,,,,0.0,,,,,,,,,0.0,,,,,,,,,,,,,,,,,,,,,,,,,2.0,2.0,,,,,,0.0,,,,,,,,2.0,,,2.0,,,,,,,,,0.0,,,,2.041322314049587,1.1506849315068493,2.4,2.0,9.0,1.6,2.0,7.0,,,,,,,,,,,,,,,,,,,,,,,,,,,,,,,,,,,,,,,,,,,,,,,,,,,,,,,,,,,,,,,,,,,,,,,,,,,,,,,,,,,,,,
,,,,,,,0.0,,,,,,,,,,,,,,,,,0.0,,,,,,,,,0.0,,,,,,,,,,,,,,,,,,,,,,,,,1.0,1.0,,,,,,0.0,,,,,,,,1.0,,,1.0,,,,,,,,,0.0,,,,,1.2986111111111112,,,,1.2,1.0,7.0,,,,,,,,,,,,,,,,,,,,,,,,,,,,,,,,,,,,,,,,,,,,,,,,,,,,,,,,,,,,,,,,,,,,,,,,,,,,,,,,,,,,,,
,,,,,,,0.0,,,,,,,,,,,,,,,,,0.0,,,,,,,,,0.0,,,,,,,,,,,,,,,,,,,,,,,,,1.4,1.4,,,,,,0.0,,,,,,,,1.4,,,1.4,,,,,,,,,0.0,,,,,1.1450381679389312,,,,1.4,1.4,9.0,,,,,,,,,,,,,,,,,,,,,,,,,,,,,,,,,,,,,,,,,,,,,,,,,,,,,,,,,,,,,,,,,,,,,,,,,,,,,,,,,,,,,,
,,,,,,,0.0,,,,,,,,,,,,,,,,,0.0,,,,,,,,,0.0,,,,,,,,,,,,,,,,,,,,,,,,,1.4,1.2,,,,,,0.0,,,,,,,,1.4,,,1.2,,,,,,,,,0.0,,,,2.072463768115942,1.05175983436853,2.4,1.4,8.0,1.4,1.0,9.0,,,,,,,,,,,,,,,,,,,,,,,,,,,,,,,,,,,,,,,,,,,,,,,,,,,,,,,,,,,,,,,,,,,,,,,,,,,,,,,,,,,,,,
,,,,,,,0.0,,,,,,,,,,,,,,,,,0.0,,,,,,,,,0.0,,,,,,,,,,,,,,,,,,,,,,,,,1.4,1.1,,,,,,0.0,,,,,,,,1.4,,,1.1,,,,,,,,,0.0,,,,2.1931330472103006,1.651639344262295,2.4,1.4,13.0,1.6,0.8,13.0,,,,,,,,,,,,,,,,,,,,,,,,,,,,,,,,,,,,,,,,,,,,,,,,,,,,,,,,,,,,,,,,,,,,,,,,,,,,,,,,,,,,,,
,,,,,,,0.0,,,,,,,,,,,,,,,,,0.0,,,,,,,,,0.0,,,,,,,,,,,,,,,,,,,,,,,,,1.8,1.6,,,,,,0.0,,,,,,,,1.8,,,1.6,,,,,,,,,0.0,,,,1.5714285714285714,1.2335329341317365,2.0,1.8,8.0,2.2,1.4,9.0,,,,,,,,,,,,,,,,,,,,,,,,,,,,,,,,,,,,,,,,,,,,,,,,,,,,,,,,,,,,,,,,,,,,,,,,,,,,,,,,,,,,,,
,,,,,,,0.0,,,,,,,,,,,,,,,,,0.0,,,,,,,,,0.0,,,,,,,,,,,,,,,,,,,,,,,,,2.4,2.1,,,,,,0.0,,,,,,,,2.4,,,2.1,,,,,,,,,0.0,,,,1.8008213552361396,0.8617021276595744,0.8,2.4,1.0,1.4,1.8,7.0,,,,,,,,,,,,,,,,,,,,,,,,,,,,,,,,,,,,,,,,,,,,,,,,,,,,,,,,,,,,,,,,,,,,,,,,,,,,,,,,,,,,,,
,,,,,,,0.0,,,,,,,,,,,,,,,,,0.0,,,,,,,,,0.0,,,,,,,,,,,,,,,,,,,,,,,,,1.0,0.9,,,,,,0.0,,,,,,,,1.0,,,0.9,,,,,,,,,0.0,,,,2.145228215767635,1.6454918032786885,2.4,1.0,12.0,1.4,0.8,11.0,,,,,,,,,,,,,,,,,,,,,,,,,,,,,,,,,,,,,,,,,,,,,,,,,,,,,,,,,,,,,,,,,,,,,,,,,,,,,,,,,,,,,,
,,,,,,,0.0,,,,,,,,,,,,,,,,,0.0,,,,,,,,,0.0,,,,,,,,,,,,,,,,,,,,,,,,,0.6,0.6,,,,,,0.0,,,,,,,,0.6,,,0.6,,,,,,,,,0.0,,,,1.3511904761904763,,2.0,0.6,10.0,,,,,,,,,,,,,,,,,,,,,,,,,,,,,,,,,,,,,,,,,,,,,,,,,,,,,,,,,,,,,,,,,,,,,,,,,,,,,,,,,,,,,,,,,
,,,,,,,0.0,,,,,,,,,,,,,,,,,0.0,,,,,,,,,0.0,,,,,,,,,,,,,,,,,,,,,,,,,2.6,2.6,,,,,,0.0,,,,,,,,2.6,,,2.6,,,,,,,,,0.0,,,,1.193798449612403,,1.4,2.6,3.0,,,,,,,,,,,,,,,,,,,,,,,,,,,,,,,,,,,,,,,,,,,,,,,,,,,,,,,,,,,,,,,,,,,,,,,,,,,,,,,,,,,,,,,,,
,,,,,,,0.0,,,,,,,,,,,,,,,,,0.0,,,,,,,,,0.0,,,,,,,,,,,,,,,,,,,,,,,,,2.2,1.4000000000000001,,,,,,0.0,,,,,,,,2.2,,,1.4000000000000001,,,,,,,,,0.0,,,,1.5030800821355237,1.1121076233183858,1.4,0.6,10.0,1.4,2.2,9.0,,,,,,,,,,,,,,,,,,,,,,,,,,,,,,,,,,,,,,,,,,,,,,,,,,,,,,,,,,,,,,,,,,,,,,,,,,,,,,,,,,,,,,
,,,,,,,0.0,,,,,,,,,,,,,,,,,0.0,,,,,,,,,0.0,,,,,,,,,,,,,,,,,,,,,,,,,1.8,1.3,,,,,,0.0,,,,,,,,1.8,,,1.3,,,,,,,,,0.0,,,,1.3672316384180792,1.6365591397849462,1.4,1.8,4.0,2.0,0.8,13.0,,,,,,,,,,,,,,,,,,,,,,,,,,,,,,,,,,,,,,,,,,,,,,,,,,,,,,,,,,,,,,,,,,,,,,,,,,,,,,,,,,,,,,
,,,,,,,0.0,,,,,,,,,,,,,,,,,0.0,,,,,,,,,0.0,,,,,,,,,,,,,,,,,,,,,,,,,1.8,1.8,,,,,,0.0,,,,,,,,1.8,,,1.8,,,,,,,,,0.0,,,,,1.402061855670103,,,,0.6,1.8,5.0,,,,,,,,,,,,,,,,,,,,,,,,,,,,,,,,,,,,,,,,,,,,,,,,,,,,,,,,,,,,,,,,,,,,,,,,,,,,,,,,,,,,,,
,,,,,,,0.0,,,,,,,,,,,,,,,,,0.0,,,,,,,,,0.0,,,,,,,,,,,,,,,,,,,,,,,,,1.0,0.9,,,,,,0.0,,,,,,,,1.0,,,0.9,,,,,,,,,0.0,,,,1.4256756756756757,1.2574850299401197,1.0,0.8,5.0,1.4,1.0,9.0,,,,,,,,,,,,,,,,,,,,,,,,,,,,,,,,,,,,,,,,,,,,,,,,,,,,,,,,,,,,,,,,,,,,,,,,,,,,,,,,,,,,,,
,,,,,,,0.0,,,,,,,,,,,,,,,,,0.0,,,,,,,,,0.0,,,,,,,,,,,,,,,,,,,,,,,,,2.0,1.6,,,,,,0.0,,,,,,,,2.0,,,1.6,,,,,,,,,0.0,,,,2.0351966873706004,1.5855670103092783,2.4,1.2,12.0,1.8,2.0,9.0,,,,,,,,,,,,,,,,,,,,,,,,,,,,,,,,,,,,,,,,,,,,,,,,,,,,,,,,,,,,,,,,,,,,,,,,,,,,,,,,,,,,,,
,,,,,,,0.0,,,,,,,,,,,,,,,,,0.0,,,,,,,,,0.0,,,,,,,,,,,,,,,,,,,,,,,,,1.6,1.1,,,,,,0.0,,,,,,,,1.6,,,1.1,,,,,,,,,0.0,,,,1.2602739726027397,1.358695652173913,0.0,0.6,2.0,2.0,1.6,9.0,,,,,,,,,,,,,,,,,,,,,,,,,,,,,,,,,,,,,,,,,,,,,,,,,,,,,,,,,,,,,,,,,,,,,,,,,,,,,,,,,,,,,,
,,,,,,,0.0,,,,,,,,,,,,,,,,,0.0,,,,,,,,,0.0,,,,,,,,,,,,,,,,,,,,,,,,,1.8,1.5,,,,,,0.0,,,,,,,,1.8,,,1.5,,,,,,,,,0.0,,,,1.103202846975089,1.1495327102803738,1.0,1.2,6.0,0.8,1.8,7.0,,,,,,,,,,,,,,,,,,,,,,,,,,,,,,,,,,,,,,,,,,,,,,,,,,,,,,,,,,,,,,,,,,,,,,,,,,,,,,,,,,,,,,
,,,,,,,0.0,,,,,,,,,,,,,,,,,0.0,,,,,,,,,0.0,,,,,,,,,,,,,,,,,,,,,,,,,1.6,1.3,,,,,,0.0,,,,,,,,1.6,,,1.3,,,,,,,,,0.0,,,,1.3668224299065421,1.2574850299401197,0.8,1.6,4.0,1.4,1.0,9.0,,,,,,,,,,,,,,,,,,,,,,,,,,,,,,,,,,,,,,,,,,,,,,,,,,,,,,,,,,,,,,,,,,,,,,,,,,,,,,,,,,,,,,
,,,,,,,0.0,,,,,,,,,,,,,,,,,0.0,,,,,,,,,0.0,,,,,,,,,,,,,,,,,,,,,,,,,0.8,0.8,,,,,,0.0,,,,,,,,0.8,,,0.8,,,,,,,,,0.0,,,,,1.6454918032786885,,,,1.4,0.8,11.0,,,,,,,,,,,,,,,,,,,,,,,,,,,,,,,,,,,,,,,,,,,,,,,,,,,,,,,,,,,,,,,,,,,,,,,,,,,,,,,,,,,,,,
,,,,,,,0.0,,,,,,,,,,,,,,,,,0.0,,,,,,,,,0.0,,,,,,,,,,,,,,,,,,,,,,,,,2.6,2.1,,,,,,0.0,,,,,,,,2.6,,,2.1,,,,,,,,,0.0,,,,1.193798449612403,1.358695652173913,1.4,2.6,3.0,2.0,1.6,9.0,,,,,,,,,,,,,,,,,,,,,,,,,,,,,,,,,,,,,,,,,,,,,,,,,,,,,,,,,,,,,,,,,,,,,,,,,,,,,,,,,,,,,,
,,,,,,,0.0,,,,,,,,,,,,,,,,,0.0,,,,,,,,,0.0,,,,,,,,,,,,,,,,,,,,,,,,,1.0,0.8,,,,,,0.0,,,,,,,,1.0,,,0.8,,,,,,,,,0.0,,,,1.5030800821355237,1.2986111111111112,1.4,0.6,10.0,1.2,1.0,7.0,,,,,,,,,,,,,,,,,,,,,,,,,,,,,,,,,,,,,,,,,,,,,,,,,,,,,,,,,,,,,,,,,,,,,,,,,,,,,,,,,,,,,,
,,,,,,,0.0,,,,,,,,,,,,,,,,,0.0,,,,,,,,,0.0,,,,,,,,,,,,,,,,,,,,,,,,,2.0,1.9,,,,,,0.0,,,,,,,,2.0,,,1.9,,,,,,,,,0.0,,,,1.3672316384180792,1.1506849315068493,1.4,1.8,4.0,1.6,2.0,7.0,,,,,,,,,,,,,,,,,,,,,,,,,,,,,,,,,,,,,,,,,,,,,,,,,,,,,,,,,,,,,,,,,,,,,,,,,,,,,,,,,,,,,,
,,,,,,,0.0,,,,,,,,,,,,,,,,,0.0,,,,,,,,,0.0,,,,,,,,,,,,,,,,,,,,,,,,,1.8,1.8,,,,,,0.0,,,,,,,,1.8,,,1.8,,,,,,,,,0.0,,,,,0.8617021276595744,,,,1.4,1.8,7.0,,,,,,,,,,,,,,,,,,,,,,,,,,,,,,,,,,,,,,,,,,,,,,,,,,,,,,,,,,,,,,,,,,,,,,,,,,,,,,,,,,,,,,
,,,,,,,0.0,,,,,,,,,,,,,,,,,0.0,,,,,,,,,0.0,,,,,,,,,,,,,,,,,,,,,,,,,0.8,0.8,,,,,,0.0,,,,,,,,0.8,,,0.8,,,,,,,,,0.0,,,,,1.651639344262295,,,,1.6,0.8,13.0,,,,,,,,,,,,,,,,,,,,,,,,,,,,,,,,,,,,,,,,,,,,,,,,,,,,,,,,,,,,,,,,,,,,,,,,,,,,,,,,,,,,,,
,,,,,,,0.0,,,,,,,,,,,,,,,,,0.0,,,,,,,,,0.0,,,,,,,,,,,,,,,,,,,,,,,,,1.4,1.2999999999999998,,,,,,0.0,,,,,,,,1.4,,,1.2999999999999998,,,,,,,,,0.0,,,,2.0351966873706004,1.2335329341317365,2.4,1.2,12.0,2.2,1.4,9.0,,,,,,,,,,,,,,,,,,,,,,,,,,,,,,,,,,,,,,,,,,,,,,,,,,,,,,,,,,,,,,,,,,,,,,,,,,,,,,,,,,,,,,
,,,,,,,0.0,,,,,,,,,,,,,,,,,0.0,,,,,,,,,0.0,,,,,,,,,,,,,,,,,,,,,,,,,2.0,1.9,,,,,,0.0,,,,,,,,2.0,,,1.9,,,,,,,,,0.0,,,,1.5714285714285714,1.5855670103092783,2.0,1.8,8.0,1.8,2.0,9.0,,,,,,,,,,,,,,,,,,,,,,,,,,,,,,,,,,,,,,,,,,,,,,,,,,,,,,,,,,,,,,,,,,,,,,,,,,,,,,,,,,,,,,
,,,,,,,0.0,,,,,,,,,,,,,,,,,0.0,,,,,,,,,0.0,,,,,,,,,,,,,,,,,,,,,,,,,2.4,1.6,,,,,,0.0,,,,,,,,2.4,,,1.6,,,,,,,,,0.0,,,,1.8008213552361396,1.6365591397849462,0.8,2.4,1.0,2.0,0.8,13.0,,,,,,,,,,,,,,,,,,,,,,,,,,,,,,,,,,,,,,,,,,,,,,,,,,,,,,,,,,,,,,,,,,,,,,,,,,,,,,,,,,,,,,
,,,,,,,0.0,,,,,,,,,,,,,,,,,0.0,,,,,,,,,0.0,,,,,,,,,,,,,,,,,,,,,,,,,1.6,1.3,,,,,,0.0,,,,,,,,1.6,,,1.3,,,,,,,,,0.0,,,,2.145228215767635,0.9430199430199431,2.4,1.0,12.0,1.0,1.6,7.0,,,,,,,,,,,,,,,,,,,,,,,,,,,,,,,,,,,,,,,,,,,,,,,,,,,,,,,,,,,,,,,,,,,,,,,,,,,,,,,,,,,,,,
,,,,,,,0.0,,,,,,,,,,,,,,,,,0.0,,,,,,,,,0.0,,,,,,,,,,,,,,,,,,,,,,,,,1.4,1.2,,,,,,0.0,,,,,,,,1.4,,,1.2,,,,,,,,,0.0,,,,1.3609467455621302,1.1450381679389312,0.8,1.0,4.0,1.4,1.4,9.0,,,,,,,,,,,,,,,,,,,,,,,,,,,,,,,,,,,,,,,,,,,,,,,,,,,,,,,,,,,,,,,,,,,,,,,,,,,,,,,,,,,,,,
,,,,,,,0.0,,,,,,,,,,,,,,,,,0.0,,,,,,,,,0.0,,,,,,,,,,,,,,,,,,,,,,,,,0.8,0.8,,,,,,0.0,,,,,,,,0.8,,,0.8,,,,,,,,,0.0,,,,1.684782608695652,,1.6,0.8,8.0,,,,,,,,,,,,,,,,,,,,,,,,,,,,,,,,,,,,,,,,,,,,,,,,,,,,,,,,,,,,,,,,,,,,,,,,,,,,,,,,,,,,,,,,,
,,,,,,,0.0,,,,,,,,,,,,,,,,,0.0,,,,,,,,,0.0,,,,,,,,,,,,,,,,,,,,,,,,,1.8,1.2,,,,,,0.0,,,,,,,,1.8,,,1.2,,,,,,,,,0.0,,,,1.3511904761904763,1.402061855670103,2.0,0.6,10.0,0.6,1.8,5.0,,,,,,,,,,,,,,,,,,,,,,,,,,,,,,,,,,,,,,,,,,,,,,,,,,,,,,,,,,,,,,,,,,,,,,,,,,,,,,,,,,,,,,
,,,,,,,0.0,,,,,,,,,,,,,,,,,0.0,,,,,,,,,0.0,,,,,,,,,,,,,,,,,,,,,,,,,2.0,2.0,,,,,,0.0,,,,,,,,2.0,,,2.0,,,,,,,,,0.0,,,,2.041322314049587,,2.4,2.0,9.0,,,,,,,,,,,,,,,,,,,,,,,,,,,,,,,,,,,,,,,,,,,,,,,,,,,,,,,,,,,,,,,,,,,,,,,,,,,,,,,,,,,,,,,,,
,,,,,,,0.0,,,,,,,,,,,,,,,,,0.0,,,,,,,,,0.0,,,,,,,,,,,,,,,,,,,,,,,,,1.8,1.3,,,,,,0.0,,,,,,,,1.8,,,1.3,,,,,,,,,0.0,,,,1.4256756756756757,1.1495327102803738,1.0,0.8,5.0,0.8,1.8,7.0,,,,,,,,,,,,,,,,,,,,,,,,,,,,,,,,,,,,,,,,,,,,,,,,,,,,,,,,,,,,,,,,,,,,,,,,,,,,,,,,,,,,,,
,,,,,,,0.0,,,,,,,,,,,,,,,,,0.0,,,,,,,,,0.0,,,,,,,,,,,,,,,,,,,,,,,,,1.4,1.4,,,,,,0.0,,,,,,,,1.4,,,1.4,,,,,,,,,0.0,,,,2.072463768115942,,2.4,1.4,8.0,,,,,,,,,,,,,,,,,,,,,,,,,,,,,,,,,,,,,,,,,,,,,,,,,,,,,,,,,,,,,,,,,,,,,,,,,,,,,,,,,,,,,,,,,
,,,,,,,0.0,,,,,,,,,,,,,,,,,0.0,,,,,,,,,0.0,,,,,,,,,,,,,,,,,,,,,,,,,2.2,1.8,,,,,,0.0,,,,,,,,2.2,,,1.8,,,,,,,,,0.0,,,,2.1931330472103006,1.1121076233183858,2.4,1.4,13.0,1.4,2.2,9.0,,,,,,,,,,,,,,,,,,,,,,,,,,,,,,,,,,,,,,,,,,,,,,,,,,,,,,,,,,,,,,,,,,,,,,,,,,,,,,,,,,,,,,
,,,,,,,0.0,,,,,,,,,,,,,,,,,0.0,,,,,,,,,0.0,,,,,,,,,,,,,,,,,,,,,,,,,1.4,1.0,,,,,,0.0,,,,,,,,1.4,,,1.0,,,,,,,,,0.0,,,,1.2602739726027397,1.5896907216494844,0.0,0.6,2.0,1.0,1.4,7.0,,,,,,,,,,,,,,,,,,,,,,,,,,,,,,,,,,,,,,,,,,,,,,,,,,,,,,,,,,,,,,,,,,,,,,,,,,,,,,,,,,,,,,
,,,,,,,0.0,,,,,,,,,,,,,,,,,0.0,,,,,,,,,0.0,,,,,,,,,,,,,,,,,,,,,,,,,1.2,1.1,,,,,,0.0,,,,,,,,1.2,,,1.1,,,,,,,,,0.0,,,,1.103202846975089,1.05175983436853,1.0,1.2,6.0,1.4,1.0,9.0,,,,,,,,,,,,,,,,,,,,,,,,,,,,,,,,,,,,,,,,,,,,,,,,,,,,,,,,,,,,,,,,,,,,,,,,,,,,,,,,,,,,,,
,,,,,,,0.0,,,,,,,,,,,,,,,,,0.0,,,,,,,,,0.0,,,,,,,,,,,,,,,,,,,,,,,,,2.0,1.8,,,,,,0.0,,,,,,,,2.0,,,1.8,,,,,,,,,0.0,,,,1.3668224299065421,1.5855670103092783,0.8,1.6,4.0,1.8,2.0,9.0,,,,,,,,,,,,,,,,,,,,,,,,,,,,,,,,,,,,,,,,,,,,,,,,,,,,,,,,,,,,,,,,,,,,,,,,,,,,,,,,,,,,,,
,,,,,,,0.0,,,,,,,,,,,,,,,,,0.0,,,,,,,,,0.0,,,,,,,,,,,,,,,,,,,,,,,,,1.0,1.0,,,,,,0.0,,,,,,,,1.0,,,1.0,,,,,,,,,0.0,,,,,1.2574850299401197,,,,1.4,1.0,9.0,,,,,,,,,,,,,,,,,,,,,,,,,,,,,,,,,,,,,,,,,,,,,,,,,,,,,,,,,,,,,,,,,,,,,,,,,,,,,,,,,,,,,,
,,,,,,,0.0,,,,,,,,,,,,,,,,,0.0,,,,,,,,,0.0,,,,,,,,,,,,,,,,,,,,,,,,,2.6,2.2,,,,,,0.0,,,,,,,,2.6,,,2.2,,,,,,,,,0.0,,,,1.193798449612403,0.8617021276595744,1.4,2.6,3.0,1.4,1.8,7.0,,,,,,,,,,,,,,,,,,,,,,,,,,,,,,,,,,,,,,,,,,,,,,,,,,,,,,,,,,,,,,,,,,,,,,,,,,,,,,,,,,,,,,
,,,,,,,0.0,,,,,,,,,,,,,,,,,0.0,,,,,,,,,0.0,,,,,,,,,,,,,,,,,,,,,,,,,2.0,1.3,,,,,,0.0,,,,,,,,2.0,,,1.3,,,,,,,,,0.0,,,,1.5030800821355237,1.1506849315068493,1.4,0.6,10.0,1.6,2.0,7.0,,,,,,,,,,,,,,,,,,,,,,,,,,,,,,,,,,,,,,,,,,,,,,,,,,,,,,,,,,,,,,,,,,,,,,,,,,,,,,,,,,,,,,
,,,,,,,0.0,,,,,,,,,,,,,,,,,0.0,,,,,,,,,0.0,,,,,,,,,,,,,,,,,,,,,,,,,1.8,1.4,,,,,,0.0,,,,,,,,1.8,,,1.4,,,,,,,,,0.0,,,,1.3672316384180792,1.2986111111111112,1.4,1.8,4.0,1.2,1.0,7.0,,,,,,,,,,,,,,,,,,,,,,,,,,,,,,,,,,,,,,,,,,,,,,,,,,,,,,,,,,,,,,,,,,,,,,,,,,,,,,,,,,,,,,
,,,,,,,0.0,,,,,,,,,,,,,,,,,0.0,,,,,,,,,0.0,,,,,,,,,,,,,,,,,,,,,,,,,0.8,0.8,,,,,,0.0,,,,,,,,0.8,,,0.8,,,,,,,,,0.0,,,,,1.6365591397849462,,,,2.0,0.8,13.0,,,,,,,,,,,,,,,,,,,,,,,,,,,,,,,,,,,,,,,,,,,,,,,,,,,,,,,,,,,,,,,,,,,,,,,,,,,,,,,,,,,,,,
,,,,,,,0.0,,,,,,,,,,,,,,,,,0.0,,,,,,,,,0.0,,,,,,,,,,,,,,,,,,,,,,,,,1.4,1.4,,,,,,0.0,,,,,,,,1.4,,,1.4,,,,,,,,,0.0,,,,,1.2335329341317365,,,,2.2,1.4,9.0,,,,,,,,,,,,,,,,,,,,,,,,,,,,,,,,,,,,,,,,,,,,,,,,,,,,,,,,,,,,,,,,,,,,,,,,,,,,,,,,,,,,,,
,,,,,,,0.0,,,,,,,,,,,,,,,,,0.0,,,,,,,,,0.0,,,,,,,,,,,,,,,,,,,,,,,,,1.2,1.0,,,,,,0.0,,,,,,,,1.2,,,1.0,,,,,,,,,0.0,,,,2.0351966873706004,1.651639344262295,2.4,1.2,12.0,1.6,0.8,13.0,,,,,,,,,,,,,,,,,,,,,,,,,,,,,,,,,,,,,,,,,,,,,,,,,,,,,,,,,,,,,,,,,,,,,,,,,,,,,,,,,,,,,,
,,,,,,,0.0,,,,,,,,,,,,,,,,,0.0,,,,,,,,,0.0,,,,,,,,,,,,,,,,,,,,,,,,,1.8,1.7000000000000002,,,,,,0.0,,,,,,,,1.8,,,1.7000000000000002,,,,,,,,,0.0,,,,1.5714285714285714,1.358695652173913,2.0,1.8,8.0,2.0,1.6,9.0,,,,,,,,,,,,,,,,,,,,,,,,,,,,,,,,,,,,,,,,,,,,,,,,,,,,,,,,,,,,,,,,,,,,,,,,,,,,,,,,,,,,,,
,,,,,,,0.0,,,,,,,,,,,,,,,,,0.0,,,,,,,,,0.0,,,,,,,,,,,,,,,,,,,,,,,,,2.4,1.6,,,,,,0.0,,,,,,,,2.4,,,1.6,,,,,,,,,0.0,,,,1.8008213552361396,1.6454918032786885,0.8,2.4,1.0,1.4,0.8,11.0,,,,,,,,,,,,,,,,,,,,,,,,,,,,,,,,,,,,,,,,,,,,,,,,,,,,,,,,,,,,,,,,,,,,,,,,,,,,,,,,,,,,,,
,,,,,,,0.0,,,,,,,,,,,,,,,,,0.0,,,,,,,,,0.0,,,,,,,,,,,,,,,,,,,,,,,,,1.4,1.2,,,,,,0.0,,,,,,,,1.4,,,1.2,,,,,,,,,0.0,,,,2.145228215767635,1.1450381679389312,2.4,1.0,12.0,1.4,1.4,9.0,,,,,,,,,,,,,,,,,,,,,,,,,,,,,,,,,,,,,,,,,,,,,,,,,,,,,,,,,,,,,,,,,,,,,,,,,,,,,,,,,,,,,,
,,,,,,,0.0,,,,,,,,,,,,,,,,,0.0,,,,,,,,,0.0,,,,,,,,,,,,,,,,,,,,,,,,,1.8,1.4,,,,,,0.0,,,,,,,,1.8,,,1.4,,,,,,,,,0.0,,,,1.3609467455621302,1.402061855670103,0.8,1.0,4.0,0.6,1.8,5.0,,,,,,,,,,,,,,,,,,,,,,,,,,,,,,,,,,,,,,,,,,,,,,,,,,,,,,,,,,,,,,,,,,,,,,,,,,,,,,,,,,,,,,
,,,,,,,0.0,,,,,,,,,,,,,,,,,0.0,,,,,,,,,0.0,,,,,,,,,,,,,,,,,,,,,,,,,0.8,0.8,,,,,,0.0,,,,,,,,0.8,,,0.8,,,,,,,,,0.0,,,,1.684782608695652,,1.6,0.8,8.0,,,,,,,,,,,,,,,,,,,,,,,,,,,,,,,,,,,,,,,,,,,,,,,,,,,,,,,,,,,,,,,,,,,,,,,,,,,,,,,,,,,,,,,,,
,,,,,,,0.0,,,,,,,,,,,,,,,,,0.0,,,,,,,,,0.0,,,,,,,,,,,,,,,,,,,,,,,,,1.6,1.1,,,,,,0.0,,,,,,,,1.6,,,1.1,,,,,,,,,0.0,,,,1.3511904761904763,0.9430199430199431,2.0,0.6,10.0,1.0,1.6,7.0,,,,,,,,,,,,,,,,,,,,,,,,,,,,,,,,,,,,,,,,,,,,,,,,,,,,,,,,,,,,,,,,,,,,,,,,,,,,,,,,,,,,,,
,,,,,,,0.0,,,,,,,,,,,,,,,,,0.0,,,,,,,,,0.0,,,,,,,,,,,,,,,,,,,,,,,,,2.0,2.0,,,,,,0.0,,,,,,,,2.0,,,2.0,,,,,,,,,0.0,,,,2.041322314049587,,2.4,2.0,9.0,,,,,,,,,,,,,,,,,,,,,,,,,,,,,,,,,,,,,,,,,,,,,,,,,,,,,,,,,,,,,,,,,,,,,,,,,,,,,,,,,,,,,,,,,
,,,,,,,0.0,,,,,,,,,,,,,,,,,0.0,,,,,,,,,0.0,,,,,,,,,,,,,,,,,,,,,,,,,0.8,0.8,,,,,,0.0,,,,,,,,0.8,,,0.8,,,,,,,,,0.0,,,,1.4256756756756757,,1.0,0.8,5.0,,,,,,,,,,,,,,,,,,,,,,,,,,,,,,,,,,,,,,,,,,,,,,,,,,,,,,,,,,,,,,,,,,,,,,,,,,,,,,,,,,,,,,,,,
,,,,,,,0.0,,,,,,,,,,,,,,,,,0.0,,,,,,,,,0.0,,,,,,,,,,,,,,,,,,,,,,,,,1.8,1.6,,,,,,0.0,,,,,,,,1.8,,,1.6,,,,,,,,,0.0,,,,2.072463768115942,1.1495327102803738,2.4,1.4,8.0,0.8,1.8,7.0,,,,,,,,,,,,,,,,,,,,,,,,,,,,,,,,,,,,,,,,,,,,,,,,,,,,,,,,,,,,,,,,,,,,,,,,,,,,,,,,,,,,,,
,,,,,,,0.0,,,,,,,,,,,,,,,,,0.0,,,,,,,,,0.0,,,,,,,,,,,,,,,,,,,,,,,,,1.4,1.2,,,,,,0.0,,,,,,,,1.4,,,1.2,,,,,,,,,0.0,,,,2.1931330472103006,1.05175983436853,2.4,1.4,13.0,1.4,1.0,9.0,,,,,,,,,,,,,,,,,,,,,,,,,,,,,,,,,,,,,,,,,,,,,,,,,,,,,,,,,,,,,,,,,,,,,,,,,,,,,,,,,,,,,,
,,,,,,,0.0,,,,,,,,,,,,,,,,,0.0,,,,,,,,,0.0,,,,,,,,,,,,,,,,,,,,,,,,,2.2,1.4000000000000001,,,,,,0.0,,,,,,,,2.2,,,1.4000000000000001,,,,,,,,,0.0,,,,1.2602739726027397,1.1121076233183858,0.0,0.6,2.0,1.4,2.2,9.0,,,,,,,,,,,,,,,,,,,,,,,,,,,,,,,,,,,,,,,,,,,,,,,,,,,,,,,,,,,,,,,,,,,,,,,,,,,,,,,,,,,,,,
,,,,,,,0.0,,,,,,,,,,,,,,,,,0.0,,,,,,,,,0.0,,,,,,,,,,,,,,,,,,,,,,,,,1.4,1.2999999999999998,,,,,,0.0,,,,,,,,1.4,,,1.2999999999999998,,,,,,,,,0.0,,,,1.103202846975089,1.5896907216494844,1.0,1.2,6.0,1.0,1.4,7.0,,,,,,,,,,,,,,,,,,,,,,,,,,,,,,,,,,,,,,,,,,,,,,,,,,,,,,,,,,,,,,,,,,,,,,,,,,,,,,,,,,,,,,
,,,,,,,0.0,,,,,,,,,,,,,,,,,0.0,,,,,,,,,0.0,,,,,,,,,,,,,,,,,,,,,,,,,1.6,1.6,,,,,,0.0,,,,,,,,1.6,,,1.6,,,,,,,,,0.0,,,,1.3668224299065421,,0.8,1.6,4.0,,,,,,,,,,,,,,,,,,,,,,,,,,,,,,,,,,,,,,,,,,,,,,,,,,,,,,,,,,,,,,,,,,,,,,,,,,,,,,,,,,,,,,,,,
,,,,,,,0.0,,,,,,,,,,,,,,,,,0.0,,,,,,,,,0.0,,,,,,,,,,,,,,,,,,,,,,,,,2.2,1.6,,,,,,0.0,,,,,,,,2.2,,,1.6,,,,,,,,,0.0,,,,1.3609467455621302,1.1121076233183858,0.8,1.0,4.0,1.4,2.2,9.0,,,,,,,,,,,,,,,,,,,,,,,,,,,,,,,,,,,,,,,,,,,,,,,,,,,,,,,,,,,,,,,,,,,,,,,,,,,,,,,,,,,,,,
,,,,,,,0.0,,,,,,,,,,,,,,,,,0.0,,,,,,,,,0.0,,,,,,,,,,,,,,,,,,,,,,,,,2.0,1.4,,,,,,0.0,,,,,,,,2.0,,,1.4,,,,,,,,,0.0,,,,2.041322314049587,1.651639344262295,2.4,2.0,9.0,1.6,0.8,13.0,,,,,,,,,,,,,,,,,,,,,,,,,,,,,,,,,,,,,,,,,,,,,,,,,,,,,,,,,,,,,,,,,,,,,,,,,,,,,,,,,,,,,,
,,,,,,,0.0,,,,,,,,,,,,,,,,,0.0,,,,,,,,,0.0,,,,,,,,,,,,,,,,,,,,,,,,,0.8,0.8,,,,,,0.0,,,,,,,,0.8,,,0.8,,,,,,,,,0.0,,,,,1.6365591397849462,,,,2.0,0.8,13.0,,,,,,,,,,,,,,,,,,,,,,,,,,,,,,,,,,,,,,,,,,,,,,,,,,,,,,,,,,,,,,,,,,,,,,,,,,,,,,,,,,,,,,
,,,,,,,0.0,,,,,,,,,,,,,,,,,0.0,,,,,,,,,0.0,,,,,,,,,,,,,,,,,,,,,,,,,2.6,2.1,,,,,,0.0,,,,,,,,2.6,,,2.1,,,,,,,,,0.0,,,,1.193798449612403,0.9430199430199431,1.4,2.6,3.0,1.0,1.6,7.0,,,,,,,,,,,,,,,,,,,,,,,,,,,,,,,,,,,,,,,,,,,,,,,,,,,,,,,,,,,,,,,,,,,,,,,,,,,,,,,,,,,,,,
,,,,,,,0.0,,,,,,,,,,,,,,,,,0.0,,,,,,,,,0.0,,,,,,,,,,,,,,,,,,,,,,,,,1.4,1.1,,,,,,0.0,,,,,,,,1.4,,,1.1,,,,,,,,,0.0,,,,1.4256756756756757,1.2335329341317365,1.0,0.8,5.0,2.2,1.4,9.0,,,,,,,,,,,,,,,,,,,,,,,,,,,,,,,,,,,,,,,,,,,,,,,,,,,,,,,,,,,,,,,,,,,,,,,,,,,,,,,,,,,,,,
,,,,,,,0.0,,,,,,,,,,,,,,,,,0.0,,,,,,,,,0.0,,,,,,,,,,,,,,,,,,,,,,,,,1.4,1.4,,,,,,0.0,,,,,,,,1.4,,,1.4,,,,,,,,,0.0,,,,2.072463768115942,,2.4,1.4,8.0,,,,,,,,,,,,,,,,,,,,,,,,,,,,,,,,,,,,,,,,,,,,,,,,,,,,,,,,,,,,,,,,,,,,,,,,,,,,,,,,,,,,,,,,,
,,,,,,,0.0,,,,,,,,,,,,,,,,,0.0,,,,,,,,,0.0,,,,,,,,,,,,,,,,,,,,,,,,,1.2,1.1,,,,,,0.0,,,,,,,,1.2,,,1.1,,,,,,,,,0.0,,,,2.0351966873706004,1.05175983436853,2.4,1.2,12.0,1.4,1.0,9.0,,,,,,,,,,,,,,,,,,,,,,,,,,,,,,,,,,,,,,,,,,,,,,,,,,,,,,,,,,,,,,,,,,,,,,,,,,,,,,,,,,,,,,
,,,,,,,0.0,,,,,,,,,,,,,,,,,0.0,,,,,,,,,0.0,,,,,,,,,,,,,,,,,,,,,,,,,1.6,1.4,,,,,,0.0,,,,,,,,1.6,,,1.4,,,,,,,,,0.0,,,,1.103202846975089,1.358695652173913,1.0,1.2,6.0,2.0,1.6,9.0,,,,,,,,,,,,,,,,,,,,,,,,,,,,,,,,,,,,,,,,,,,,,,,,,,,,,,,,,,,,,,,,,,,,,,,,,,,,,,,,,,,,,,
,,,,,,,0.0,,,,,,,,,,,,,,,,,0.0,,,,,,,,,0.0,,,,,,,,,,,,,,,,,,,,,,,,,2.4,2.2,,,,,,0.0,,,,,,,,2.4,,,2.2,,,,,,,,,0.0,,,,1.8008213552361396,1.1506849315068493,0.8,2.4,1.0,1.6,2.0,7.0,,,,,,,,,,,,,,,,,,,,,,,,,,,,,,,,,,,,,,,,,,,,,,,,,,,,,,,,,,,,,,,,,,,,,,,,,,,,,,,,,,,,,,
,,,,,,,0.0,,,,,,,,,,,,,,,,,0.0,,,,,,,,,0.0,,,,,,,,,,,,,,,,,,,,,,,,,1.8,1.4,,,,,,0.0,,,,,,,,1.8,,,1.4,,,,,,,,,0.0,,,,2.145228215767635,0.8617021276595744,2.4,1.0,12.0,1.4,1.8,7.0,,,,,,,,,,,,,,,,,,,,,,,,,,,,,,,,,,,,,,,,,,,,,,,,,,,,,,,,,,,,,,,,,,,,,,,,,,,,,,,,,,,,,,
,,,,,,,0.0,,,,,,,,,,,,,,,,,0.0,,,,,,,,,0.0,,,,,,,,,,,,,,,,,,,,,,,,,1.0,0.9,,,,,,0.0,,,,,,,,1.0,,,0.9,,,,,,,,,0.0,,,,1.684782608695652,1.2574850299401197,1.6,0.8,8.0,1.4,1.0,9.0,,,,,,,,,,,,,,,,,,,,,,,,,,,,,,,,,,,,,,,,,,,,,,,,,,,,,,,,,,,,,,,,,,,,,,,,,,,,,,,,,,,,,,
,,,,,,,0.0,,,,,,,,,,,,,,,,,0.0,,,,,,,,,0.0,,,,,,,,,,,,,,,,,,,,,,,,,0.6,0.6,,,,,,0.0,,,,,,,,0.6,,,0.6,,,,,,,,,0.0,,,,1.3511904761904763,,2.0,0.6,10.0,,,,,,,,,,,,,,,,,,,,,,,,,,,,,,,,,,,,,,,,,,,,,,,,,,,,,,,,,,,,,,,,,,,,,,,,,,,,,,,,,,,,,,,,,
,,,,,,,0.0,,,,,,,,,,,,,,,,,0.0,,,,,,,,,0.0,,,,,,,,,,,,,,,,,,,,,,,,,1.8,1.2,,,,,,0.0,,,,,,,,1.8,,,1.2,,,,,,,,,0.0,,,,1.5030800821355237,1.402061855670103,1.4,0.6,10.0,0.6,1.8,5.0,,,,,,,,,,,,,,,,,,,,,,,,,,,,,,,,,,,,,,,,,,,,,,,,,,,,,,,,,,,,,,,,,,,,,,,,,,,,,,,,,,,,,,
,,,,,,,0.0,,,,,,,,,,,,,,,,,0.0,,,,,,,,,0.0,,,,,,,,,,,,,,,,,,,,,,,,,1.8,1.3,,,,,,0.0,,,,,,,,1.8,,,1.3,,,,,,,,,0.0,,,,1.3672316384180792,1.6454918032786885,1.4,1.8,4.0,1.4,0.8,11.0,,,,,,,,,,,,,,,,,,,,,,,,,,,,,,,,,,,,,,,,,,,,,,,,,,,,,,,,,,,,,,,,,,,,,,,,,,,,,,,,,,,,,,
,,,,,,,0.0,,,,,,,,,,,,,,,,,0.0,,,,,,,,,0.0,,,,,,,,,,,,,,,,,,,,,,,,,2.0,2.0,,,,,,0.0,,,,,,,,2.0,,,2.0,,,,,,,,,0.0,,,,,1.5855670103092783,,,,1.8,2.0,9.0,,,,,,,,,,,,,,,,,,,,,,,,,,,,,,,,,,,,,,,,,,,,,,,,,,,,,,,,,,,,,,,,,,,,,,,,,,,,,,,,,,,,,,
,,,,,,,0.0,,,,,,,,,,,,,,,,,0.0,,,,,,,,,0.0,,,,,,,,,,,,,,,,,,,,,,,,,1.4,1.4,,,,,,0.0,,,,,,,,1.4,,,1.4,,,,,,,,,0.0,,,,,1.1450381679389312,,,,1.4,1.4,9.0,,,,,,,,,,,,,,,,,,,,,,,,,,,,,,,,,,,,,,,,,,,,,,,,,,,,,,,,,,,,,,,,,,,,,,,,,,,,,,,,,,,,,,
,,,,,,,0.0,,,,,,,,,,,,,,,,,0.0,,,,,,,,,0.0,,,,,,,,,,,,,,,,,,,,,,,,,1.4,1.4,,,,,,0.0,,,,,,,,1.4,,,1.4,,,,,,,,,0.0,,,,2.1931330472103006,1.5896907216494844,2.4,1.4,13.0,1.0,1.4,7.0,,,,,,,,,,,,,,,,,,,,,,,,,,,,,,,,,,,,,,,,,,,,,,,,,,,,,,,,,,,,,,,,,,,,,,,,,,,,,,,,,,,,,,
,,,,,,,0.0,,,,,,,,,,,,,,,,,0.0,,,,,,,,,0.0,,,,,,,,,,,,,,,,,,,,,,,,,1.8,1.4,,,,,,0.0,,,,,,,,1.8,,,1.4,,,,,,,,,0.0,,,,1.5714285714285714,1.2986111111111112,2.0,1.8,8.0,1.2,1.0,7.0,,,,,,,,,,,,,,,,,,,,,,,,,,,,,,,,,,,,,,,,,,,,,,,,,,,,,,,,,,,,,,,,,,,,,,,,,,,,,,,,,,,,,,
,,,,,,,0.0,,,,,,,,,,,,,,,,,0.0,,,,,,,,,0.0,,,,,,,,,,,,,,,,,,,,,,,,,1.8,1.2,,,,,,0.0,,,,,,,,1.8,,,1.2,,,,,,,,,0.0,,,,1.2602739726027397,1.1495327102803738,0.0,0.6,2.0,0.8,1.8,7.0,,,,,,,,,,,,,,,,,,,,,,,,,,,,,,,,,,,,,,,,,,,,,,,,,,,,,,,,,,,,,,,,,,,,,,,,,,,,,,,,,,,,,,
,,,,,,,0.0,,,,,,,,,,,,,,,,,0.0,,,,,,,,,0.0,,,,,,,,,,,,,,,,,,,,,,,,,1.6,1.5,,,,,,0.0,,,,,,,,1.6,,,1.5,,,,,,,,,0.0,,,,1.3668224299065421,1.2335329341317365,0.8,1.6,4.0,2.2,1.4,9.0,,,,,,,,,,,,,,,,,,,,,,,,,,,,,,,,,,,,,,,,,,,,,,,,,,,,,,,,,,,,,,,,,,,,,,,,,,,,,,,,,,,,,,
,,,,,,,0.0,,,,,,,,,,,,,,,,,0.0,,,,,,,,,0.0,,,,,,,,,,,,,,,,,,,,,,,,,1.0,0.9,,,,,,0.0,,,,,,,,1.0,,,0.9,,,,,,,,,0.0,,,,1.3609467455621302,1.6365591397849462,0.8,1.0,4.0,2.0,0.8,13.0,,,,,,,,,,,,,,,,,,,,,,,,,,,,,,,,,,,,,,,,,,,,,,,,,,,,,,,,,,,,,,,,,,,,,,,,,,,,,,,,,,,,,,
,,,,,,,0.0,,,,,,,,,,,,,,,,,0.0,,,,,,,,,0.0,,,,,,,,,,,,,,,,,,,,,,,,,2.0,1.8,,,,,,0.0,,,,,,,,2.0,,,1.8,,,,,,,,,0.0,,,,2.041322314049587,0.9430199430199431,2.4,2.0,9.0,1.0,1.6,7.0,,,,,,,,,,,,,,,,,,,,,,,,,,,,,,,,,,,,,,,,,,,,,,,,,,,,,,,,,,,,,,,,,,,,,,,,,,,,,,,,,,,,,,
,,,,,,,0.0,,,,,,,,,,,,,,,,,0.0,,,,,,,,,0.0,,,,,,,,,,,,,,,,,,,,,,,,,0.8,0.8,,,,,,0.0,,,,,,,,0.8,,,0.8,,,,,,,,,0.0,,,,,1.651639344262295,,,,1.6,0.8,13.0,,,,,,,,,,,,,,,,,,,,,,,,,,,,,,,,,,,,,,,,,,,,,,,,,,,,,,,,,,,,,,,,,,,,,,,,,,,,,,,,,,,,,,
,,,,,,,0.0,,,,,,,,,,,,,,,,,0.0,,,,,,,,,0.0,,,,,,,,,,,,,,,,,,,,,,,,,2.6,1.8,,,,,,0.0,,,,,,,,2.6,,,1.8,,,,,,,,,0.0,,,,1.193798449612403,1.05175983436853,1.4,2.6,3.0,1.4,1.0,9.0,,,,,,,,,,,,,,,,,,,,,,,,,,,,,,,,,,,,,,,,,,,,,,,,,,,,,,,,,,,,,,,,,,,,,,,,,,,,,,,,,,,,,,
,,,,,,,0.0,,,,,,,,,,,,,,,,,0.0,,,,,,,,,0.0,,,,,,,,,,,,,,,,,,,,,,,,,2.0,1.4,,,,,,0.0,,,,,,,,2.0,,,1.4,,,,,,,,,0.0,,,,1.4256756756756757,1.1506849315068493,1.0,0.8,5.0,1.6,2.0,7.0,,,,,,,,,,,,,,,,,,,,,,,,,,,,,,,,,,,,,,,,,,,,,,,,,,,,,,,,,,,,,,,,,,,,,,,,,,,,,,,,,,,,,,
,,,,,,,0.0,,,,,,,,,,,,,,,,,0.0,,,,,,,,,0.0,,,,,,,,,,,,,,,,,,,,,,,,,2.2,1.8,,,,,,0.0,,,,,,,,2.2,,,1.8,,,,,,,,,0.0,,,,2.072463768115942,1.1121076233183858,2.4,1.4,8.0,1.4,2.2,9.0,,,,,,,,,,,,,,,,,,,,,,,,,,,,,,,,,,,,,,,,,,,,,,,,,,,,,,,,,,,,,,,,,,,,,,,,,,,,,,,,,,,,,,
,,,,,,,0.0,,,,,,,,,,,,,,,,,0.0,,,,,,,,,0.0,,,,,,,,,,,,,,,,,,,,,,,,,1.2,1.2,,,,,,0.0,,,,,,,,1.2,,,1.2,,,,,,,,,0.0,,,,2.0351966873706004,,2.4,1.2,12.0,,,,,,,,,,,,,,,,,,,,,,,,,,,,,,,,,,,,,,,,,,,,,,,,,,,,,,,,,,,,,,,,,,,,,,,,,,,,,,,,,,,,,,,,,
,,,,,,,0.0,,,,,,,,,,,,,,,,,0.0,,,,,,,,,0.0,,,,,,,,,,,,,,,,,,,,,,,,,1.2,1.2,,,,,,0.0,,,,,,,,1.2,,,1.2,,,,,,,,,0.0,,,,1.103202846975089,,1.0,1.2,6.0,,,,,,,,,,,,,,,,,,,,,,,,,,,,,,,,,,,,,,,,,,,,,,,,,,,,,,,,,,,,,,,,,,,,,,,,,,,,,,,,,,,,,,,,,
,,,,,,,0.0,,,,,,,,,,,,,,,,,0.0,,,,,,,,,0.0,,,,,,,,,,,,,,,,,,,,,,,,,2.4,2.0,,,,,,0.0,,,,,,,,2.4,,,2.0,,,,,,,,,0.0,,,,1.8008213552361396,1.358695652173913,0.8,2.4,1.0,2.0,1.6,9.0,,,,,,,,,,,,,,,,,,,,,,,,,,,,,,,,,,,,,,,,,,,,,,,,,,,,,,,,,,,,,,,,,,,,,,,,,,,,,,,,,,,,,,
,,,,,,,0.0,,,,,,,,,,,,,,,,,0.0,,,,,,,,,0.0,,,,,,,,,,,,,,,,,,,,,,,,,1.8,1.4,,,,,,0.0,,,,,,,,1.8,,,1.4,,,,,,,,,0.0,,,,2.145228215767635,1.1495327102803738,2.4,1.0,12.0,0.8,1.8,7.0,,,,,,,,,,,,,,,,,,,,,,,,,,,,,,,,,,,,,,,,,,,,,,,,,,,,,,,,,,,,,,,,,,,,,,,,,,,,,,,,,,,,,,
,,,,,,,0.0,,,,,,,,,,,,,,,,,0.0,,,,,,,,,0.0,,,,,,,,,,,,,,,,,,,,,,,,,1.0,0.9,,,,,,0.0,,,,,,,,1.0,,,0.9,,,,,,,,,0.0,,,,1.684782608695652,1.2986111111111112,1.6,0.8,8.0,1.2,1.0,7.0,,,,,,,,,,,,,,,,,,,,,,,,,,,,,,,,,,,,,,,,,,,,,,,,,,,,,,,,,,,,,,,,,,,,,,,,,,,,,,,,,,,,,,
,,,,,,,0.0,,,,,,,,,,,,,,,,,0.0,,,,,,,,,0.0,,,,,,,,,,,,,,,,,,,,,,,,,2.0,1.3,,,,,,0.0,,,,,,,,2.0,,,1.3,,,,,,,,,0.0,,,,1.3511904761904763,1.5855670103092783,2.0,0.6,10.0,1.8,2.0,9.0,,,,,,,,,,,,,,,,,,,,,,,,,,,,,,,,,,,,,,,,,,,,,,,,,,,,,,,,,,,,,,,,,,,,,,,,,,,,,,,,,,,,,,
,,,,,,,0.0,,,,,,,,,,,,,,,,,0.0,,,,,,,,,0.0,,,,,,,,,,,,,,,,,,,,,,,,,1.0,0.8,,,,,,0.0,,,,,,,,1.0,,,0.8,,,,,,,,,0.0,,,,1.5030800821355237,1.2574850299401197,1.4,0.6,10.0,1.4,1.0,9.0,,,,,,,,,,,,,,,,,,,,,,,,,,,,,,,,,,,,,,,,,,,,,,,,,,,,,,,,,,,,,,,,,,,,,,,,,,,,,,,,,,,,,,
,,,,,,,0.0,,,,,,,,,,,,,,,,,0.0,,,,,,,,,0.0,,,,,,,,,,,,,,,,,,,,,,,,,1.8,1.8,,,,,,0.0,,,,,,,,1.8,,,1.8,,,,,,,,,0.0,,,,1.3672316384180792,0.8617021276595744,1.4,1.8,4.0,1.4,1.8,7.0,,,,,,,,,,,,,,,,,,,,,,,,,,,,,,,,,,,,,,,,,,,,,,,,,,,,,,,,,,,,,,,,,,,,,,,,,,,,,,,,,,,,,,
,,,,,,,0.0,,,,,,,,,,,,,,,,,0.0,,,,,,,,,0.0,,,,,,,,,,,,,,,,,,,,,,,,,,,,,,,,0.0,,,,,,,,,,,,,,,,,,,,0.0,,,,,,,,,,,,,,,,,,,,,,,,,,,,,,,,,,,,,,,,,,,,,,,,,,,,,,,,,,,,,,,,,,,,,,,,,,,,,,,,,,,,,,,,,,,,,,,,,
,,,,,,,0.0,,,,,,,,,,,,,,,,,0.0,,,,,,,,,0.0,,,,,,,,,,,,,,,,,,,,,,,,,1.4,1.4,,,,,,0.0,,,,,,,,1.4,,,1.4,,,,,,,,,0.0,,,,,1.5896907216494844,,,,1.0,1.4,7.0,,,,,,,,,,,,,,,,,,,,,,,,,,,,,,,,,,,,,,,,,,,,,,,,,,,,,,,,,,,,,,,,,,,,,,,,,,,,,,,,,,,,,,
,,,,,,,0.0,,,,,,,,,,,,,,,,,0.0,,,,,,,,,0.0,,,,,,,,,,,,,,,,,,,,,,,,,1.4,1.4,,,,,,0.0,,,,,,,,1.4,,,1.4,,,,,,,,,0.0,,,,2.1931330472103006,1.1450381679389312,2.4,1.4,13.0,1.4,1.4,9.0,,,,,,,,,,,,,,,,,,,,,,,,,,,,,,,,,,,,,,,,,,,,,,,,,,,,,,,,,,,,,,,,,,,,,,,,,,,,,,,,,,,,,,
,,,,,,,0.0,,,,,,,,,,,,,,,,,0.0,,,,,,,,,0.0,,,,,,,,,,,,,,,,,,,,,,,,,1.8,1.8,,,,,,0.0,,,,,,,,1.8,,,1.8,,,,,,,,,0.0,,,,1.5714285714285714,1.402061855670103,2.0,1.8,8.0,0.6,1.8,5.0,,,,,,,,,,,,,,,,,,,,,,,,,,,,,,,,,,,,,,,,,,,,,,,,,,,,,,,,,,,,,,,,,,,,,,,,,,,,,,,,,,,,,,
,,,,,,,0.0,,,,,,,,,,,,,,,,,0.0,,,,,,,,,0.0,,,,,,,,,,,,,,,,,,,,,,,,,0.8,0.7,,,,,,0.0,,,,,,,,0.8,,,0.7,,,,,,,,,0.0,,,,1.2602739726027397,1.6454918032786885,0.0,0.6,2.0,1.4,0.8,11.0,,,,,,,,,,,,,,,,,,,,,,,,,,,,,,,,,,,,,,,,,,,,,,,,,,,,,,,,,,,,,,,,,,,,,,,,,,,,,,,,,,,,,,
,,,,,,,0.0,,,,,,,,,,,,,,,,,0.0,,,,,,,,,0.0,,,,,,,,,,,,,,,,,,,,,,,,,1.6,1.6,,,,,,0.0,,,,,,,,1.6,,,1.6,,,,,,,,,0.0,,,,1.3668224299065421,,0.8,1.6,4.0,,,,,,,,,,,,,,,,,,,,,,,,,,,,,,,,,,,,,,,,,,,,,,,,,,,,,,,,,,,,,,,,,,,,,,,,,,,,,,,,,,,,,,,,,
,,,,,,,0.0,,,,,,,,,,,,,,,,,0.0,,,,,,,,,0.0,,,,,,,,,,,,,,,,,,,,,,,,,1.0,0.9,,,,,,0.0,,,,,,,,1.0,,,0.9,,,,,,,,,0.0,,,,1.3609467455621302,1.651639344262295,0.8,1.0,4.0,1.6,0.8,13.0,,,,,,,,,,,,,,,,,,,,,,,,,,,,,,,,,,,,,,,,,,,,,,,,,,,,,,,,,,,,,,,,,,,,,,,,,,,,,,,,,,,,,,
,,,,,,,0.0,,,,,,,,,,,,,,,,,0.0,,,,,,,,,0.0,,,,,,,,,,,,,,,,,,,,,,,,,1.6,1.2000000000000002,,,,,,0.0,,,,,,,,1.6,,,1.2000000000000002,,,,,,,,,0.0,,,,1.684782608695652,0.9430199430199431,1.6,0.8,8.0,1.0,1.6,7.0,,,,,,,,,,,,,,,,,,,,,,,,,,,,,,,,,,,,,,,,,,,,,,,,,,,,,,,,,,,,,,,,,,,,,,,,,,,,,,,,,,,,,,
,,,,,,,0.0,,,,,,,,,,,,,,,,,0.0,,,,,,,,,0.0,,,,,,,,,,,,,,,,,,,,,,,,,2.0,1.4,,,,,,0.0,,,,,,,,2.0,,,1.4,,,,,,,,,0.0,,,,2.041322314049587,1.6365591397849462,2.4,2.0,9.0,2.0,0.8,13.0,,,,,,,,,,,,,,,,,,,,,,,,,,,,,,,,,,,,,,,,,,,,,,,,,,,,,,,,,,,,,,,,,,,,,,,,,,,,,,,,,,,,,,
,,,,,,,0.0,,,,,,,,,,,,,,,,,0.0,,,,,,,,,0.0,,,,,,,,,,,,,,,,,,,,,,,,,1.4,1.0,,,,,,0.0,,,,,,,,1.4,,,1.0,,,,,,,,,0.0,,,,1.5030800821355237,1.2335329341317365,1.4,0.6,10.0,2.2,1.4,9.0,,,,,,,,,,,,,,,,,,,,,,,,,,,,,,,,,,,,,,,,,,,,,,,,,,,,,,,,,,,,,,,,,,,,,,,,,,,,,,,,,,,,,,
,,,,,,,0.0,,,,,,,,,,,,,,,,,0.0,,,,,,,,,0.0,,,,,,,,,,,,,,,,,,,,,,,,,0.8,0.8,,,,,,0.0,,,,,,,,0.8,,,0.8,,,,,,,,,0.0,,,,1.4256756756756757,1.6454918032786885,1.0,0.8,5.0,1.4,0.8,11.0,,,,,,,,,,,,,,,,,,,,,,,,,,,,,,,,,,,,,,,,,,,,,,,,,,,,,,,,,,,,,,,,,,,,,,,,,,,,,,,,,,,,,,
,,,,,,,0.0,,,,,,,,,,,,,,,,,0.0,,,,,,,,,0.0,,,,,,,,,,,,,,,,,,,,,,,,,1.4,1.2999999999999998,,,,,,0.0,,,,,,,,1.4,,,1.2999999999999998,,,,,,,,,0.0,,,,2.0351966873706004,1.1450381679389312,2.4,1.2,12.0,1.4,1.4,9.0,,,,,,,,,,,,,,,,,,,,,,,,,,,,,,,,,,,,,,,,,,,,,,,,,,,,,,,,,,,,,,,,,,,,,,,,,,,,,,,,,,,,,,
,,,,,,,0.0,,,,,,,,,,,,,,,,,0.0,,,,,,,,,0.0,,,,,,,,,,,,,,,,,,,,,,,,,1.8,1.8,,,,,,0.0,,,,,,,,1.8,,,1.8,,,,,,,,,0.0,,,,1.5714285714285714,,2.0,1.8,8.0,,,,,,,,,,,,,,,,,,,,,,,,,,,,,,,,,,,,,,,,,,,,,,,,,,,,,,,,,,,,,,,,,,,,,,,,,,,,,,,,,,,,,,,,,
,,,,,,,0.0,,,,,,,,,,,,,,,,,0.0,,,,,,,,,0.0,,,,,,,,,,,,,,,,,,,,,,,,,1.8,1.2,,,,,,0.0,,,,,,,,1.8,,,1.2,,,,,,,,,0.0,,,,1.2602739726027397,0.8617021276595744,0.0,0.6,2.0,1.4,1.8,7.0,,,,,,,,,,,,,,,,,,,,,,,,,,,,,,,,,,,,,,,,,,,,,,,,,,,,,,,,,,,,,,,,,,,,,,,,,,,,,,,,,,,,,,
,,,,,,,0.0,,,,,,,,,,,,,,,,,0.0,,,,,,,,,0.0,,,,,,,,,,,,,,,,,,,,,,,,,2.4,2.4,,,,,,0.0,,,,,,,,2.4,,,2.4,,,,,,,,,0.0,,,,1.8008213552361396,,0.8,2.4,1.0,,,,,,,,,,,,,,,,,,,,,,,,,,,,,,,,,,,,,,,,,,,,,,,,,,,,,,,,,,,,,,,,,,,,,,,,,,,,,,,,,,,,,,,,,
,,,,,,,0.0,,,,,,,,,,,,,,,,,0.0,,,,,,,,,0.0,,,,,,,,,,,,,,,,,,,,,,,,,1.8,1.4,,,,,,0.0,,,,,,,,1.8,,,1.4,,,,,,,,,0.0,,,,2.145228215767635,1.402061855670103,2.4,1.0,12.0,0.6,1.8,5.0,,,,,,,,,,,,,,,,,,,,,,,,,,,,,,,,,,,,,,,,,,,,,,,,,,,,,,,,,,,,,,,,,,,,,,,,,,,,,,,,,,,,,,
,,,,,,,0.0,,,,,,,,,,,,,,,,,0.0,,,,,,,,,0.0,,,,,,,,,,,,,,,,,,,,,,,,,2.0,1.3,,,,,,0.0,,,,,,,,2.0,,,1.3,,,,,,,,,0.0,,,,1.3511904761904763,1.1506849315068493,2.0,0.6,10.0,1.6,2.0,7.0,,,,,,,,,,,,,,,,,,,,,,,,,,,,,,,,,,,,,,,,,,,,,,,,,,,,,,,,,,,,,,,,,,,,,,,,,,,,,,,,,,,,,,
,,,,,,,0.0,,,,,,,,,,,,,,,,,0.0,,,,,,,,,0.0,,,,,,,,,,,,,,,,,,,,,,,,,1.4,1.4,,,,,,0.0,,,,,,,,1.4,,,1.4,,,,,,,,,0.0,,,,,1.5896907216494844,,,,1.0,1.4,7.0,,,,,,,,,,,,,,,,,,,,,,,,,,,,,,,,,,,,,,,,,,,,,,,,,,,,,,,,,,,,,,,,,,,,,,,,,,,,,,,,,,,,,,
,,,,,,,0.0,,,,,,,,,,,,,,,,,0.0,,,,,,,,,0.0,,,,,,,,,,,,,,,,,,,,,,,,,2.6,2.2,,,,,,0.0,,,,,,,,2.6,,,2.2,,,,,,,,,0.0,,,,1.193798449612403,1.1495327102803738,1.4,2.6,3.0,0.8,1.8,7.0,,,,,,,,,,,,,,,,,,,,,,,,,,,,,,,,,,,,,,,,,,,,,,,,,,,,,,,,,,,,,,,,,,,,,,,,,,,,,,,,,,,,,,
,,,,,,,0.0,,,,,,,,,,,,,,,,,0.0,,,,,,,,,0.0,,,,,,,,,,,,,,,,,,,,,,,,,1.8,1.4,,,,,,0.0,,,,,,,,1.8,,,1.4,,,,,,,,,0.0,,,,1.3672316384180792,1.05175983436853,1.4,1.8,4.0,1.4,1.0,9.0,,,,,,,,,,,,,,,,,,,,,,,,,,,,,,,,,,,,,,,,,,,,,,,,,,,,,,,,,,,,,,,,,,,,,,,,,,,,,,,,,,,,,,
,,,,,,,0.0,,,,,,,,,,,,,,,,,0.0,,,,,,,,,0.0,,,,,,,,,,,,,,,,,,,,,,,,,1.0,1.0,,,,,,0.0,,,,,,,,1.0,,,1.0,,,,,,,,,0.0,,,,,1.2574850299401197,,,,1.4,1.0,9.0,,,,,,,,,,,,,,,,,,,,,,,,,,,,,,,,,,,,,,,,,,,,,,,,,,,,,,,,,,,,,,,,,,,,,,,,,,,,,,,,,,,,,,
,,,,,,,0.0,,,,,,,,,,,,,,,,,0.0,,,,,,,,,0.0,,,,,,,,,,,,,,,,,,,,,,,,,1.0,1.0,,,,,,0.0,,,,,,,,1.0,,,1.0,,,,,,,,,0.0,,,,,1.2986111111111112,,,,1.2,1.0,7.0,,,,,,,,,,,,,,,,,,,,,,,,,,,,,,,,,,,,,,,,,,,,,,,,,,,,,,,,,,,,,,,,,,,,,,,,,,,,,,,,,,,,,,
,,,,,,,0.0,,,,,,,,,,,,,,,,,0.0,,,,,,,,,0.0,,,,,,,,,,,,,,,,,,,,,,,,,2.0,1.7,,,,,,0.0,,,,,,,,2.0,,,1.7,,,,,,,,,0.0,,,,2.072463768115942,1.5855670103092783,2.4,1.4,8.0,1.8,2.0,9.0,,,,,,,,,,,,,,,,,,,,,,,,,,,,,,,,,,,,,,,,,,,,,,,,,,,,,,,,,,,,,,,,,,,,,,,,,,,,,,,,,,,,,,
,,,,,,,0.0,,,,,,,,,,,,,,,,,0.0,,,,,,,,,0.0,,,,,,,,,,,,,,,,,,,,,,,,,1.6,1.5,,,,,,0.0,,,,,,,,1.6,,,1.5,,,,,,,,,0.0,,,,2.1931330472103006,1.358695652173913,2.4,1.4,13.0,2.0,1.6,9.0,,,,,,,,,,,,,,,,,,,,,,,,,,,,,,,,,,,,,,,,,,,,,,,,,,,,,,,,,,,,,,,,,,,,,,,,,,,,,,,,,,,,,,
,,,,,,,0.0,,,,,,,,,,,,,,,,,0.0,,,,,,,,,0.0,,,,,,,,,,,,,,,,,,,,,,,,,2.2,1.7000000000000002,,,,,,0.0,,,,,,,,2.2,,,1.7000000000000002,,,,,,,,,0.0,,,,1.103202846975089,1.1121076233183858,1.0,1.2,6.0,1.4,2.2,9.0,,,,,,,,,,,,,,,,,,,,,,,,,,,,,,,,,,,,,,,,,,,,,,,,,,,,,,,,,,,,,,,,,,,,,,,,,,,,,,,,,,,,,,
,,,,,,,0.0,,,,,,,,,,,,,,,,,0.0,,,,,,,,,0.0,,,,,,,,,,,,,,,,,,,,,,,,,1.4,1.2,,,,,,0.0,,,,,,,,1.4,,,1.2,,,,,,,,,0.0,,,,1.3609467455621302,1.5896907216494844,0.8,1.0,4.0,1.0,1.4,7.0,,,,,,,,,,,,,,,,,,,,,,,,,,,,,,,,,,,,,,,,,,,,,,,,,,,,,,,,,,,,,,,,,,,,,,,,,,,,,,,,,,,,,,
,,,,,,,0.0,,,,,,,,,,,,,,,,,0.0,,,,,,,,,0.0,,,,,,,,,,,,,,,,,,,,,,,,,1.8,1.3,,,,,,0.0,,,,,,,,1.8,,,1.3,,,,,,,,,0.0,,,,1.684782608695652,1.1495327102803738,1.6,0.8,8.0,0.8,1.8,7.0,,,,,,,,,,,,,,,,,,,,,,,,,,,,,,,,,,,,,,,,,,,,,,,,,,,,,,,,,,,,,,,,,,,,,,,,,,,,,,,,,,,,,,
,,,,,,,0.0,,,,,,,,,,,,,,,,,0.0,,,,,,,,,0.0,,,,,,,,,,,,,,,,,,,,,,,,,1.8,1.2,,,,,,0.0,,,,,,,,1.8,,,1.2,,,,,,,,,0.0,,,,1.3511904761904763,0.8617021276595744,2.0,0.6,10.0,1.4,1.8,7.0,,,,,,,,,,,,,,,,,,,,,,,,,,,,,,,,,,,,,,,,,,,,,,,,,,,,,,,,,,,,,,,,,,,,,,,,,,,,,,,,,,,,,,
,,,,,,,0.0,,,,,,,,,,,,,,,,,0.0,,,,,,,,,0.0,,,,,,,,,,,,,,,,,,,,,,,,,0.6,0.6,,,,,,0.0,,,,,,,,0.6,,,0.6,,,,,,,,,0.0,,,,1.5030800821355237,,1.4,0.6,10.0,,,,,,,,,,,,,,,,,,,,,,,,,,,,,,,,,,,,,,,,,,,,,,,,,,,,,,,,,,,,,,,,,,,,,,,,,,,,,,,,,,,,,,,,,
,,,,,,,0.0,,,,,,,,,,,,,,,,,0.0,,,,,,,,,0.0,,,,,,,,,,,,,,,,,,,,,,,,,1.8,1.8,,,,,,0.0,,,,,,,,1.8,,,1.8,,,,,,,,,0.0,,,,1.3672316384180792,,1.4,1.8,4.0,,,,,,,,,,,,,,,,,,,,,,,,,,,,,,,,,,,,,,,,,,,,,,,,,,,,,,,,,,,,,,,,,,,,,,,,,,,,,,,,,,,,,,,,,
,,,,,,,0.0,,,,,,,,,,,,,,,,,0.0,,,,,,,,,0.0,,,,,,,,,,,,,,,,,,,,,,,,,0.8,0.8,,,,,,0.0,,,,,,,,0.8,,,0.8,,,,,,,,,0.0,,,,1.4256756756756757,1.651639344262295,1.0,0.8,5.0,1.6,0.8,13.0,,,,,,,,,,,,,,,,,,,,,,,,,,,,,,,,,,,,,,,,,,,,,,,,,,,,,,,,,,,,,,,,,,,,,,,,,,,,,,,,,,,,,,
,,,,,,,0.0,,,,,,,,,,,,,,,,,0.0,,,,,,,,,0.0,,,,,,,,,,,,,,,,,,,,,,,,,1.4,1.1,,,,,,0.0,,,,,,,,1.4,,,1.1,,,,,,,,,0.0,,,,2.1931330472103006,1.6454918032786885,2.4,1.4,13.0,1.4,0.8,11.0,,,,,,,,,,,,,,,,,,,,,,,,,,,,,,,,,,,,,,,,,,,,,,,,,,,,,,,,,,,,,,,,,,,,,,,,,,,,,,,,,,,,,,
,,,,,,,0.0,,,,,,,,,,,,,,,,,0.0,,,,,,,,,0.0,,,,,,,,,,,,,,,,,,,,,,,,,1.8,1.8,,,,,,0.0,,,,,,,,1.8,,,1.8,,,,,,,,,0.0,,,,1.5714285714285714,,2.0,1.8,8.0,,,,,,,,,,,,,,,,,,,,,,,,,,,,,,,,,,,,,,,,,,,,,,,,,,,,,,,,,,,,,,,,,,,,,,,,,,,,,,,,,,,,,,,,,
,,,,,,,0.0,,,,,,,,,,,,,,,,,0.0,,,,,,,,,0.0,,,,,,,,,,,,,,,,,,,,,,,,,1.4,1.0,,,,,,0.0,,,,,,,,1.4,,,1.0,,,,,,,,,0.0,,,,1.2602739726027397,1.1450381679389312,0.0,0.6,2.0,1.4,1.4,9.0,,,,,,,,,,,,,,,,,,,,,,,,,,,,,,,,,,,,,,,,,,,,,,,,,,,,,,,,,,,,,,,,,,,,,,,,,,,,,,,,,,,,,,
,,,,,,,0.0,,,,,,,,,,,,,,,,,0.0,,,,,,,,,0.0,,,,,,,,,,,,,,,,,,,,,,,,,2.4,2.2,,,,,,0.0,,,,,,,,2.4,,,2.2,,,,,,,,,0.0,,,,1.8008213552361396,1.5855670103092783,0.8,2.4,1.0,1.8,2.0,9.0,,,,,,,,,,,,,,,,,,,,,,,,,,,,,,,,,,,,,,,,,,,,,,,,,,,,,,,,,,,,,,,,,,,,,,,,,,,,,,,,,,,,,,
,,,,,,,0.0,,,,,,,,,,,,,,,,,0.0,,,,,,,,,0.0,,,,,,,,,,,,,,,,,,,,,,,,,2.0,1.5,,,,,,0.0,,,,,,,,2.0,,,1.5,,,,,,,,,0.0,,,,2.145228215767635,1.1506849315068493,2.4,1.0,12.0,1.6,2.0,7.0,,,,,,,,,,,,,,,,,,,,,,,,,,,,,,,,,,,,,,,,,,,,,,,,,,,,,,,,,,,,,,,,,,,,,,,,,,,,,,,,,,,,,,
,,,,,,,0.0,,,,,,,,,,,,,,,,,0.0,,,,,,,,,0.0,,,,,,,,,,,,,,,,,,,,,,,,,2.2,1.9000000000000001,,,,,,0.0,,,,,,,,2.2,,,1.9000000000000001,,,,,,,,,0.0,,,,1.3668224299065421,1.1121076233183858,0.8,1.6,4.0,1.4,2.2,9.0,,,,,,,,,,,,,,,,,,,,,,,,,,,,,,,,,,,,,,,,,,,,,,,,,,,,,,,,,,,,,,,,,,,,,,,,,,,,,,,,,,,,,,
,,,,,,,0.0,,,,,,,,,,,,,,,,,0.0,,,,,,,,,0.0,,,,,,,,,,,,,,,,,,,,,,,,,2.0,1.5,,,,,,0.0,,,,,,,,2.0,,,1.5,,,,,,,,,0.0,,,,2.041322314049587,1.05175983436853,2.4,2.0,9.0,1.4,1.0,9.0,,,,,,,,,,,,,,,,,,,,,,,,,,,,,,,,,,,,,,,,,,,,,,,,,,,,,,,,,,,,,,,,,,,,,,,,,,,,,,,,,,,,,,
,,,,,,,0.0,,,,,,,,,,,,,,,,,0.0,,,,,,,,,0.0,,,,,,,,,,,,,,,,,,,,,,,,,1.8,1.8,,,,,,0.0,,,,,,,,1.8,,,1.8,,,,,,,,,0.0,,,,,1.402061855670103,,,,0.6,1.8,5.0,,,,,,,,,,,,,,,,,,,,,,,,,,,,,,,,,,,,,,,,,,,,,,,,,,,,,,,,,,,,,,,,,,,,,,,,,,,,,,,,,,,,,,
,,,,,,,0.0,,,,,,,,,,,,,,,,,0.0,,,,,,,,,0.0,,,,,,,,,,,,,,,,,,,,,,,,,2.6,2.0,,,,,,0.0,,,,,,,,2.6,,,2.0,,,,,,,,,0.0,,,,1.193798449612403,1.2335329341317365,1.4,2.6,3.0,2.2,1.4,9.0,,,,,,,,,,,,,,,,,,,,,,,,,,,,,,,,,,,,,,,,,,,,,,,,,,,,,,,,,,,,,,,,,,,,,,,,,,,,,,,,,,,,,,
,,,,,,,0.0,,,,,,,,,,,,,,,,,0.0,,,,,,,,,0.0,,,,,,,,,,,,,,,,,,,,,,,,,1.6,1.6,,,,,,0.0,,,,,,,,1.6,,,1.6,,,,,,,,,0.0,,,,,0.9430199430199431,,,,1.0,1.6,7.0,,,,,,,,,,,,,,,,,,,,,,,,,,,,,,,,,,,,,,,,,,,,,,,,,,,,,,,,,,,,,,,,,,,,,,,,,,,,,,,,,,,,,,
,,,,,,,0.0,,,,,,,,,,,,,,,,,0.0,,,,,,,,,0.0,,,,,,,,,,,,,,,,,,,,,,,,,0.8,0.8,,,,,,0.0,,,,,,,,0.8,,,0.8,,,,,,,,,0.0,,,,,1.6365591397849462,,,,2.0,0.8,13.0,,,,,,,,,,,,,,,,,,,,,,,,,,,,,,,,,,,,,,,,,,,,,,,,,,,,,,,,,,,,,,,,,,,,,,,,,,,,,,,,,,,,,,
,,,,,,,0.0,,,,,,,,,,,,,,,,,0.0,,,,,,,,,0.0,,,,,,,,,,,,,,,,,,,,,,,,,1.6,1.5,,,,,,0.0,,,,,,,,1.6,,,1.5,,,,,,,,,0.0,,,,2.072463768115942,1.358695652173913,2.4,1.4,8.0,2.0,1.6,9.0,,,,,,,,,,,,,,,,,,,,,,,,,,,,,,,,,,,,,,,,,,,,,,,,,,,,,,,,,,,,,,,,,,,,,,,,,,,,,,,,,,,,,,
,,,,,,,0.0,,,,,,,,,,,,,,,,,0.0,,,,,,,,,0.0,,,,,,,,,,,,,,,,,,,,,,,,,1.2,1.1,,,,,,0.0,,,,,,,,1.2,,,1.1,,,,,,,,,0.0,,,,2.0351966873706004,1.2986111111111112,2.4,1.2,12.0,1.2,1.0,7.0,,,,,,,,,,,,,,,,,,,,,,,,,,,,,,,,,,,,,,,,,,,,,,,,,,,,,,,,,,,,,,,,,,,,,,,,,,,,,,,,,,,,,,
,,,,,,,0.0,,,,,,,,,,,,,,,,,0.0,,,,,,,,,0.0,,,,,,,,,,,,,,,,,,,,,,,,,1.2,1.1,,,,,,0.0,,,,,,,,1.2,,,1.1,,,,,,,,,0.0,,,,1.103202846975089,1.2574850299401197,1.0,1.2,6.0,1.4,1.0,9.0,,,,,,,,,,,,,,,,,,,,,,,,,,,,,,,,,,,,,,,,,,,,,,,,,,,,,,,,,,,,,,,,,,,,,,,,,,,,,,,,,,,,,,
,,,,,,,0.0,,,,,,,,,,,,,,,,,0.0,,,,,,,,,0.0,,,,,,,,,,,,,,,,,,,,,,,,,2.0,1.5,,,,,,0.0,,,,,,,,2.0,,,1.5,,,,,,,,,0.0,,,,1.3609467455621302,1.5855670103092783,0.8,1.0,4.0,1.8,2.0,9.0,,,,,,,,,,,,,,,,,,,,,,,,,,,,,,,,,,,,,,,,,,,,,,,,,,,,,,,,,,,,,,,,,,,,,,,,,,,,,,,,,,,,,,
,,,,,,,0.0,,,,,,,,,,,,,,,,,0.0,,,,,,,,,0.0,,,,,,,,,,,,,,,,,,,,,,,,,0.8,0.8,,,,,,0.0,,,,,,,,0.8,,,0.8,,,,,,,,,0.0,,,,1.684782608695652,,1.6,0.8,8.0,,,,,,,,,,,,,,,,,,,,,,,,,,,,,,,,,,,,,,,,,,,,,,,,,,,,,,,,,,,,,,,,,,,,,,,,,,,,,,,,,,,,,,,,,
,,,,,,,0.0,,,,,,,,,,,,,,,,,0.0,,,,,,,,,0.0,,,,,,,,,,,,,,,,,,,,,,,,,0.8,0.7,,,,,,0.0,,,,,,,,0.8,,,0.7,,,,,,,,,0.0,,,,1.3511904761904763,1.6454918032786885,2.0,0.6,10.0,1.4,0.8,11.0,,,,,,,,,,,,,,,,,,,,,,,,,,,,,,,,,,,,,,,,,,,,,,,,,,,,,,,,,,,,,,,,,,,,,,,,,,,,,,,,,,,,,,
,,,,,,,0.0,,,,,,,,,,,,,,,,,0.0,,,,,,,,,0.0,,,,,,,,,,,,,,,,,,,,,,,,,0.8,0.7,,,,,,0.0,,,,,,,,0.8,,,0.7,,,,,,,,,0.0,,,,1.5030800821355237,1.651639344262295,1.4,0.6,10.0,1.6,0.8,13.0,,,,,,,,,,,,,,,,,,,,,,,,,,,,,,,,,,,,,,,,,,,,,,,,,,,,,,,,,,,,,,,,,,,,,,,,,,,,,,,,,,,,,,
,,,,,,,0.0,,,,,,,,,,,,,,,,,0.0,,,,,,,,,0.0,,,,,,,,,,,,,,,,,,,,,,,,,1.8,1.8,,,,,,0.0,,,,,,,,1.8,,,1.8,,,,,,,,,0.0,,,,1.3672316384180792,,1.4,1.8,4.0,,,,,,,,,,,,,,,,,,,,,,,,,,,,,,,,,,,,,,,,,,,,,,,,,,,,,,,,,,,,,,,,,,,,,,,,,,,,,,,,,,,,,,,,,
,,,,,,,0.0,,,,,,,,,,,,,,,,,0.0,,,,,,,,,0.0,,,,,,,,,,,,,,,,,,,,,,,,,1.8,1.3,,,,,,0.0,,,,,,,,1.8,,,1.3,,,,,,,,,0.0,,,,1.4256756756756757,0.8617021276595744,1.0,0.8,5.0,1.4,1.8,7.0,,,,,,,,,,,,,,,,,,,,,,,,,,,,,,,,,,,,,,,,,,,,,,,,,,,,,,,,,,,,,,,,,,,,,,,,,,,,,,,,,,,,,,
,,,,,,,0.0,,,,,,,,,,,,,,,,,0.0,,,,,,,,,0.0,,,,,,,,,,,,,,,,,,,,,,,,,1.8,1.6,,,,,,0.0,,,,,,,,1.8,,,1.6,,,,,,,,,0.0,,,,2.1931330472103006,1.1495327102803738,2.4,1.4,13.0,0.8,1.8,7.0,,,,,,,,,,,,,,,,,,,,,,,,,,,,,,,,,,,,,,,,,,,,,,,,,,,,,,,,,,,,,,,,,,,,,,,,,,,,,,,,,,,,,,
,,,,,,,0.0,,,,,,,,,,,,,,,,,0.0,,,,,,,,,0.0,,,,,,,,,,,,,,,,,,,,,,,,,1.8,1.6,,,,,,0.0,,,,,,,,1.8,,,1.6,,,,,,,,,0.0,,,,1.5714285714285714,1.1450381679389312,2.0,1.8,8.0,1.4,1.4,9.0,,,,,,,,,,,,,,,,,,,,,,,,,,,,,,,,,,,,,,,,,,,,,,,,,,,,,,,,,,,,,,,,,,,,,,,,,,,,,,,,,,,,,,
,,,,,,,0.0,,,,,,,,,,,,,,,,,0.0,,,,,,,,,0.0,,,,,,,,,,,,,,,,,,,,,,,,,0.6,0.6,,,,,,0.0,,,,,,,,0.6,,,0.6,,,,,,,,,0.0,,,,1.2602739726027397,,0.0,0.6,2.0,,,,,,,,,,,,,,,,,,,,,,,,,,,,,,,,,,,,,,,,,,,,,,,,,,,,,,,,,,,,,,,,,,,,,,,,,,,,,,,,,,,,,,,,,
,,,,,,,0.0,,,,,,,,,,,,,,,,,0.0,,,,,,,,,0.0,,,,,,,,,,,,,,,,,,,,,,,,,2.4,1.9,,,,,,0.0,,,,,,,,2.4,,,1.9,,,,,,,,,0.0,,,,1.8008213552361396,1.5896907216494844,0.8,2.4,1.0,1.0,1.4,7.0,,,,,,,,,,,,,,,,,,,,,,,,,,,,,,,,,,,,,,,,,,,,,,,,,,,,,,,,,,,,,,,,,,,,,,,,,,,,,,,,,,,,,,
,,,,,,,0.0,,,,,,,,,,,,,,,,,0.0,,,,,,,,,0.0,,,,,,,,,,,,,,,,,,,,,,,,,1.4,1.2,,,,,,0.0,,,,,,,,1.4,,,1.2,,,,,,,,,0.0,,,,2.145228215767635,1.2335329341317365,2.4,1.0,12.0,2.2,1.4,9.0,,,,,,,,,,,,,,,,,,,,,,,,,,,,,,,,,,,,,,,,,,,,,,,,,,,,,,,,,,,,,,,,,,,,,,,,,,,,,,,,,,,,,,
,,,,,,,0.0,,,,,,,,,,,,,,,,,0.0,,,,,,,,,0.0,,,,,,,,,,,,,,,,,,,,,,,,,1.8,1.7000000000000002,,,,,,0.0,,,,,,,,1.8,,,1.7000000000000002,,,,,,,,,0.0,,,,1.3668224299065421,1.402061855670103,0.8,1.6,4.0,0.6,1.8,5.0,,,,,,,,,,,,,,,,,,,,,,,,,,,,,,,,,,,,,,,,,,,,,,,,,,,,,,,,,,,,,,,,,,,,,,,,,,,,,,,,,,,,,,
,,,,,,,0.0,,,,,,,,,,,,,,,,,0.0,,,,,,,,,0.0,,,,,,,,,,,,,,,,,,,,,,,,,2.0,1.8,,,,,,0.0,,,,,,,,2.0,,,1.8,,,,,,,,,0.0,,,,2.041322314049587,1.358695652173913,2.4,2.0,9.0,2.0,1.6,9.0,,,,,,,,,,,,,,,,,,,,,,,,,,,,,,,,,,,,,,,,,,,,,,,,,,,,,,,,,,,,,,,,,,,,,,,,,,,,,,,,,,,,,,
,,,,,,,0.0,,,,,,,,,,,,,,,,,0.0,,,,,,,,,0.0,,,,,,,,,,,,,,,,,,,,,,,,,2.0,2.0,,,,,,0.0,,,,,,,,2.0,,,2.0,,,,,,,,,0.0,,,,,1.1506849315068493,,,,1.6,2.0,7.0,,,,,,,,,,,,,,,,,,,,,,,,,,,,,,,,,,,,,,,,,,,,,,,,,,,,,,,,,,,,,,,,,,,,,,,,,,,,,,,,,,,,,,
,,,,,,,0.0,,,,,,,,,,,,,,,,,0.0,,,,,,,,,0.0,,,,,,,,,,,,,,,,,,,,,,,,,2.6,1.8,,,,,,0.0,,,,,,,,2.6,,,1.8,,,,,,,,,0.0,,,,1.193798449612403,1.2986111111111112,1.4,2.6,3.0,1.2,1.0,7.0,,,,,,,,,,,,,,,,,,,,,,,,,,,,,,,,,,,,,,,,,,,,,,,,,,,,,,,,,,,,,,,,,,,,,,,,,,,,,,,,,,,,,,
,,,,,,,0.0,,,,,,,,,,,,,,,,,0.0,,,,,,,,,0.0,,,,,,,,,,,,,,,,,,,,,,,,,2.2,2.2,,,,,,0.0,,,,,,,,2.2,,,2.2,,,,,,,,,0.0,,,,,1.1121076233183858,,,,1.4,2.2,9.0,,,,,,,,,,,,,,,,,,,,,,,,,,,,,,,,,,,,,,,,,,,,,,,,,,,,,,,,,,,,,,,,,,,,,,,,,,,,,,,,,,,,,,
,,,,,,,0.0,,,,,,,,,,,,,,,,,0.0,,,,,,,,,0.0,,,,,,,,,,,,,,,,,,,,,,,,,1.0,1.0,,,,,,0.0,,,,,,,,1.0,,,1.0,,,,,,,,,0.0,,,,,1.05175983436853,,,,1.4,1.0,9.0,,,,,,,,,,,,,,,,,,,,,,,,,,,,,,,,,,,,,,,,,,,,,,,,,,,,,,,,,,,,,,,,,,,,,,,,,,,,,,,,,,,,,,
,,,,,,,0.0,,,,,,,,,,,,,,,,,0.0,,,,,,,,,0.0,,,,,,,,,,,,,,,,,,,,,,,,,1.4,1.2,,,,,,0.0,,,,,,,,1.4,,,1.2,,,,,,,,,0.0,,,,2.072463768115942,1.2574850299401197,2.4,1.4,8.0,1.4,1.0,9.0,,,,,,,,,,,,,,,,,,,,,,,,,,,,,,,,,,,,,,,,,,,,,,,,,,,,,,,,,,,,,,,,,,,,,,,,,,,,,,,,,,,,,,
,,,,,,,0.0,,,,,,,,,,,,,,,,,0.0,,,,,,,,,0.0,,,,,,,,,,,,,,,,,,,,,,,,,1.6,1.4,,,,,,0.0,,,,,,,,1.6,,,1.4,,,,,,,,,0.0,,,,2.0351966873706004,0.9430199430199431,2.4,1.2,12.0,1.0,1.6,7.0,,,,,,,,,,,,,,,,,,,,,,,,,,,,,,,,,,,,,,,,,,,,,,,,,,,,,,,,,,,,,,,,,,,,,,,,,,,,,,,,,,,,,,
,,,,,,,0.0,,,,,,,,,,,,,,,,,0.0,,,,,,,,,0.0,,,,,,,,,,,,,,,,,,,,,,,,,1.2,1.0,,,,,,0.0,,,,,,,,1.2,,,1.0,,,,,,,,,0.0,,,,1.103202846975089,1.6365591397849462,1.0,1.2,6.0,2.0,0.8,13.0,,,,,,,,,,,,,,,,,,,,,,,,,,,,,,,,,,,,,,,,,,,,,,,,,,,,,,,,,,,,,,,,,,,,,,,,,,,,,,,,,,,,,,
