match_id,kickoff_time_utc,home_team,away_team,prob_homewin,pred_label,odds_B365H,is_predicted_fixture,generated_at,snapshot_file,kickoff_dt,match_key,FTR,FTHG,FTAG,home_win,pred_win,correct,implied_prob,is_value,profit
3,2026-08-24,Fulham,Chelsea,0.1180088335643427,0,4.07,1,2026-08-23 14:42:11.701557+00:00,predictions_20260823T144212.csv,2026-08-24 00:00:00+00:00,2026-08-24|Fulham|Chelsea,A,2.0,3.0,False,False,True,0.24570024570024568,False,0.0
7,2026-08-23,Newcastle,Liverpool,0.0994502108634439,0,3.86,1,2026-08-22 15:48:22.260064+00:00,predictions_20260822T154822.csv,2026-08-23 00:00:00+00:00,2026-08-23|Newcastle|Liverpool,D,2.0,2.0,False,False,True,0.2590673575129534,False,0.0
6,2026-08-23,Man City,Bournemouth,0.6157745549466572,1,1.52,1,2026-08-22 15:48:22.260064+00:00,predictions_20260822T154822.csv,2026-08-23 00:00:00+00:00,2026-08-23|Man City|Bournemouth,H,2.0,1.0,True,True,True,0.6578947368421053,False,0.0
5,2026-08-23,Brighton,Aston Villa,0.0619084665438458,0,2.23,1,2026-08-22 15:48:22.260064+00:00,predictions_20260822T154822.csv,2026-08-23 00:00:00+00:00,2026-08-23|Brighton|Aston Villa,H,4.0,0.0,True,False,False,0.4484304932735426,False,0.0
3,2026-08-22,Ipswich Town,Sunderland,0.4401932583829047,0,2.81,1,2026-08-21 18:42:54.776856+00:00,predictions_20260821T184254.csv,2026-08-22 00:00:00+00:00,2026-08-22|Ipswich Town|Sunderland,H,2.0,1.0,True,False,False,0.35587188612099646,True,-1.0
4,2026-08-22,Nott'm Forest,Leeds,0.0871592426022978,0,2.35,1,2026-08-21 18:42:54.776856+00:00,predictions_20260821T184254.csv,2026-08-22 00:00:00+00:00,2026-08-22|Nott'm Forest|Leeds,A,0.0,1.0,False,False,True,0.425531914893617,False,0.0
5,2026-08-22,Brentford,Tottenham,0.1057996721506687,0,2.39,1,2026-08-21 18:42:54.776856+00:00,predictions_20260821T184254.csv,2026-08-22 00:00:00+00:00,2026-08-22|Brentford|Tottenham,H,3.0,0.0,True,False,False,0.41841004184100417,False,0.0
2,2026-08-22,Everton,Crystal Palace,0.1165737008617954,0,2.28,1,2026-08-21 18:42:54.776856+00:00,predictions_20260821T184254.csv,2026-08-22 00:00:00+00:00,2026-08-22|Everton|Crystal Palace,H,2.0,0.0,True,False,False,0.4385964912280702,False,0.0
1,2026-08-22,Hull City,Man United,0.0350539608824158,0,9.08,1,2026-08-21 18:42:54.776856+00:00,predictions_20260821T184254.csv,2026-08-22 00:00:00+00:00,2026-08-22|Hull City|Man United,H,2.0,0.0,True,False,False,0.11013215859030837,False,0.0
