MatchWeek,HomeTeam,AwayTeam,HomeScore,AwayScore,Kickoff,Venue,MatchId
1,Liverpool,Bournemouth,4,2,2025-08-15 20:00:00,"Anfield, Liverpool",2561895
1,Aston Villa,Newcastle United,0,0,2025-08-16 12:30:00,"Villa Park, Birmingham",2561896
1,Brighton and Hove Albion,Fulham,1,1,2025-08-16 15:00:00,"American Express Stadium, Falmer",2561897
1,Nottingham Forest,Brentford,3,1,2025-08-17 14:00:00,"The City Ground, Nottingham",2561898
1,Sunderland,West Ham United,3,0,2025-08-16 15:00:00,"Stadium of Light, Sunderland",2561899
1,Tottenham Hotspur,Burnley,3,0,2025-08-16 15:00:00,"Tottenham Hotspur Stadium, London",2561900
1,Wolverhampton Wanderers,Manchester City,0,4,2025-08-16 17:30:00,"Molineux Stadium, Wolverhampton",2561901
1,Chelsea,Crystal Palace,0,0,2025-08-17 14:00:00,"Stamford Bridge, London",2561902
1,Manchester United,Arsenal,0,1,2025-08-17 16:30:00,"Old Trafford, Manchester",2561903
1,Leeds United,Everton,1,0,2025-08-18 20:00:00,"Elland Road, Leeds",2561904
2,Bournemouth,Wolverhampton Wanderers,1,0,2025-08-23 15:00:00,"Vitality Stadium, Bournemouth",2561905
2,Arsenal,Leeds United,5,0,2025-08-23 17:30:00,"Emirates Stadium, London",2561906
2,Brentford,Aston Villa,1,0,2025-08-23 15:00:00,"Gtech Community Stadium, Brentford",2561907
2,Burnley,Sunderland,2,0,2025-08-23 15:00:00,"Turf Moor, Burnley",2561908
2,Crystal Palace,Nottingham Forest,1,1,2025-08-24 14:00:00,"Selhurst Park, London",2561909
2,Everton,Brighton and Hove Albion,2,0,2025-08-24 14:00:00,"Hill Dickinson Stadium, Liverpool",2561910
2,Fulham,Manchester United,1,1,2025-08-24 16:30:00,"Craven Cottage, London",2561911
2,Manchester City,Tottenham Hotspur,0,2,2025-08-23 12:30:00,"Etihad Stadium, Manchester",2561912
2,Newcastle United,Liverpool,2,3,2025-08-25 20:00:00,"St. James' Park, Newcastle",2561913
2,West Ham United,Chelsea,1,5,2025-08-22 20:00:00,"London Stadium, London",2561914
3,Aston Villa,Crystal Palace,0,3,2025-08-31 19:00:00,"Villa Park, Birmingham",2561915
3,Brighton and Hove Albion,Manchester City,2,1,2025-08-31 14:00:00,"American Express Stadium, Falmer",2561916
3,Chelsea,Fulham,2,0,2025-08-30 12:30:00,"Stamford Bridge, London",2561917
3,Leeds United,Newcastle United,0,0,2025-08-30 17:30:00,"Elland Road, Leeds",2561918
3,Liverpool,Arsenal,1,0,2025-08-31 16:30:00,"Anfield, Liverpool",2561919
3,Manchester United,Burnley,3,2,2025-08-30 15:00:00,"Old Trafford, Manchester",2561920
3,Nottingham Forest,West Ham United,0,3,2025-08-31 14:00:00,"The City Ground, Nottingham",2561921
3,Sunderland,Brentford,2,1,2025-08-30 15:00:00,"Stadium of Light, Sunderland",2561922
3,Tottenham Hotspur,Bournemouth,0,1,2025-08-30 15:00:00,"Tottenham Hotspur Stadium, London",2561923
3,Wolverhampton Wanderers,Everton,2,3,2025-08-30 15:00:00,"Molineux Stadium, Wolverhampton",2561924
4,Bournemouth,Brighton and Hove Albion,2,1,2025-09-13 15:00:00,"Vitality Stadium, Bournemouth",2561925
4,Arsenal,Nottingham Forest,3,0,2025-09-13 12:30:00,"Emirates Stadium, London",2561926
4,Brentford,Chelsea,2,2,2025-09-13 20:00:00,"Gtech Community Stadium, Brentford",2561927
4,Burnley,Liverpool,0,1,2025-09-14 14:00:00,"Turf Moor, Burnley",2561928
4,Crystal Palace,Sunderland,0,0,2025-09-13 15:00:00,"Selhurst Park, London",2561929
4,Everton,Aston Villa,0,0,2025-09-13 15:00:00,"Hill Dickinson Stadium, Liverpool",2561930
4,Fulham,Leeds United,1,0,2025-09-13 15:00:00,"Craven Cottage, London",2561931
4,Manchester City,Manchester United,3,0,2025-09-14 16:30:00,"Etihad Stadium, Manchester",2561932
4,Newcastle United,Wolverhampton Wanderers,1,0,2025-09-13 15:00:00,"St. James' Park, Newcastle",2561933
4,West Ham United,Tottenham Hotspur,0,3,2025-09-13 17:30:00,"London Stadium, London",2561934
5,Bournemouth,Newcastle United,0,0,2025-09-21 14:00:00,"Vitality Stadium, Bournemouth",2561935
5,Arsenal,Manchester City,1,1,2025-09-21 16:30:00,"Emirates Stadium, London",2561936
5,Brighton and Hove Albion,Tottenham Hotspur,2,2,2025-09-20 15:00:00,"American Express Stadium, Falmer",2561937
5,Burnley,Nottingham Forest,1,1,2025-09-20 15:00:00,"Turf Moor, Burnley",2561938
5,Fulham,Brentford,3,1,2025-09-20 20:00:00,"Craven Cottage, London",2561939
5,Liverpool,Everton,2,1,2025-09-20 12:30:00,"Anfield, Liverpool",2561940
5,Manchester United,Chelsea,2,1,2025-09-20 17:30:00,"Old Trafford, Manchester",2561941
5,Sunderland,Aston Villa,1,1,2025-09-21 14:00:00,"Stadium of Light, Sunderland",2561942
5,West Ham United,Crystal Palace,1,2,2025-09-20 15:00:00,"London Stadium, London",2561943
5,Wolverhampton Wanderers,Leeds United,1,3,2025-09-20 15:00:00,"Molineux Stadium, Wolverhampton",2561944
6,Aston Villa,Fulham,3,1,2025-09-28 14:00:00,"Villa Park, Birmingham",2561945
6,Brentford,Manchester United,3,1,2025-09-27 12:30:00,"Gtech Community Stadium, Brentford",2561946
6,Chelsea,Brighton and Hove Albion,1,3,2025-09-27 15:00:00,"Stamford Bridge, London",2561947
6,Crystal Palace,Liverpool,2,1,2025-09-27 15:00:00,"Selhurst Park, London",2561948
6,Everton,West Ham United,1,1,2025-09-29 20:00:00,"Hill Dickinson Stadium, Liverpool",2561949
6,Leeds United,Bournemouth,2,2,2025-09-27 15:00:00,"Elland Road, Leeds",2561950
6,Manchester City,Burnley,5,1,2025-09-27 15:00:00,"Etihad Stadium, Manchester",2561951
6,Newcastle United,Arsenal,1,2,2025-09-28 16:30:00,"St. James' Park, Newcastle",2561952
6,Nottingham Forest,Sunderland,0,1,2025-09-27 17:30:00,"The City Ground, Nottingham",2561953
6,Tottenham Hotspur,Wolverhampton Wanderers,1,1,2025-09-27 20:00:00,"Tottenham Hotspur Stadium, London",2561954
7,Bournemouth,Fulham,3,1,2025-10-03 20:00:00,"Vitality Stadium, Bournemouth",2561955
7,Arsenal,West Ham United,2,0,2025-10-04 15:00:00,"Emirates Stadium, London",2561956
7,Aston Villa,Burnley,2,1,2025-10-05 14:00:00,"Villa Park, Birmingham",2561957
7,Brentford,Manchester City,0,1,2025-10-05 16:30:00,"Gtech Community Stadium, Brentford",2561958
7,Chelsea,Liverpool,2,1,2025-10-04 17:30:00,"Stamford Bridge, London",2561959
7,Everton,Crystal Palace,2,1,2025-10-05 14:00:00,"Hill Dickinson Stadium, Liverpool",2561960
7,Leeds United,Tottenham Hotspur,1,2,2025-10-04 12:30:00,"Elland Road, Leeds",2561961
7,Manchester United,Sunderland,2,0,2025-10-04 15:00:00,"Old Trafford, Manchester",2561962
7,Newcastle United,Nottingham Forest,2,0,2025-10-05 14:00:00,"St. James' Park, Newcastle",2561963
7,Wolverhampton Wanderers,Brighton and Hove Albion,1,1,2025-10-05 14:00:00,"Molineux Stadium, Wolverhampton",2561964
8,Brighton and Hove Albion,Newcastle United,2,1,2025-10-18 15:00:00,"American Express Stadium, Falmer",2561965
8,Burnley,Leeds United,2,0,2025-10-18 15:00:00,"Turf Moor, Burnley",2561966
8,Crystal Palace,Bournemouth,3,3,2025-10-18 15:00:00,"Selhurst Park, London",2561967
8,Fulham,Arsenal,0,1,2025-10-18 17:30:00,"Craven Cottage, London",2561968
8,Liverpool,Manchester United,1,2,2025-10-19 16:30:00,"Anfield, Liverpool",2561969
8,Manchester City,Everton,2,0,2025-10-18 15:00:00,"Etihad Stadium, Manchester",2561970
8,Nottingham Forest,Chelsea,0,3,2025-10-18 12:30:00,"The City Ground, Nottingham",2561971
8,Sunderland,Wolverhampton Wanderers,2,0,2025-10-18 15:00:00,"Stadium of Light, Sunderland",2561972
8,Tottenham Hotspur,Aston Villa,1,2,2025-10-19 14:00:00,"Tottenham Hotspur Stadium, London",2561973
8,West Ham United,Brentford,0,2,2025-10-20 20:00:00,"London Stadium, London",2561974
9,Bournemouth,Nottingham Forest,2,0,2025-10-26 14:00:00,"Vitality Stadium, Bournemouth",2561975
9,Arsenal,Crystal Palace,1,0,2025-10-26 14:00:00,"Emirates Stadium, London",2561976
9,Aston Villa,Manchester City,1,0,2025-10-26 14:00:00,"Villa Park, Birmingham",2561977
9,Brentford,Liverpool,3,2,2025-10-25 20:00:00,"Gtech Community Stadium, Brentford",2561978
9,Chelsea,Sunderland,1,2,2025-10-25 15:00:00,"Stamford Bridge, London",2561979
9,Everton,Tottenham Hotspur,0,3,2025-10-26 16:30:00,"Hill Dickinson Stadium, Liverpool",2561980
9,Leeds United,West Ham United,2,1,2025-10-24 20:00:00,"Elland Road, Leeds",2561981
9,Manchester United,Brighton and Hove Albion,4,2,2025-10-25 17:30:00,"Old Trafford, Manchester",2561982
9,Newcastle United,Fulham,2,1,2025-10-25 15:00:00,"St. James' Park, Newcastle",2561983
9,Wolverhampton Wanderers,Burnley,2,3,2025-10-26 14:00:00,"Molineux Stadium, Wolverhampton",2561984
10,Brighton and Hove Albion,Leeds United,3,0,2025-11-01 15:00:00,"American Express Stadium, Falmer",2561985
10,Burnley,Arsenal,0,2,2025-11-01 15:00:00,"Turf Moor, Burnley",2561986
10,Crystal Palace,Brentford,2,0,2025-11-01 15:00:00,"Selhurst Park, London",2561987
10,Fulham,Wolverhampton Wanderers,3,0,2025-11-01 15:00:00,"Craven Cottage, London",2561988
10,Liverpool,Aston Villa,2,0,2025-11-01 20:00:00,"Anfield, Liverpool",2561989
10,Manchester City,Bournemouth,3,1,2025-11-02 16:30:00,"Etihad Stadium, Manchester",2561990
10,Nottingham Forest,Manchester United,2,2,2025-11-01 15:00:00,"The City Ground, Nottingham",2561991
10,Sunderland,Everton,1,1,2025-11-03 20:00:00,"Stadium of Light, Sunderland",2561992
10,Tottenham Hotspur,Chelsea,0,1,2025-11-01 17:30:00,"Tottenham Hotspur Stadium, London",2561993
10,West Ham United,Newcastle United,3,1,2025-11-02 14:00:00,"London Stadium, London",2561994
11,Aston Villa,Bournemouth,4,0,2025-11-09 14:00:00,"Villa Park, Birmingham",2561995
11,Brentford,Newcastle United,3,1,2025-11-09 14:00:00,"Gtech Community Stadium, Brentford",2561996
11,Chelsea,Wolverhampton Wanderers,3,0,2025-11-08 20:00:00,"Stamford Bridge, London",2561997
11,Crystal Palace,Brighton and Hove Albion,0,0,2025-11-09 14:00:00,"Selhurst Park, London",2561998
11,Everton,Fulham,2,0,2025-11-08 15:00:00,"Hill Dickinson Stadium, Liverpool",2561999
11,Manchester City,Liverpool,3,0,2025-11-09 16:30:00,"Etihad Stadium, Manchester",2562000
11,Nottingham Forest,Leeds United,3,1,2025-11-09 14:00:00,"The City Ground, Nottingham",2562001
11,Sunderland,Arsenal,2,2,2025-11-08 17:30:00,"Stadium of Light, Sunderland",2562002
11,Tottenham Hotspur,Manchester United,2,2,2025-11-08 12:30:00,"Tottenham Hotspur Stadium, London",2562003
11,West Ham United,Burnley,3,2,2025-11-08 15:00:00,"London Stadium, London",2562004
12,Bournemouth,West Ham United,2,2,2025-11-22 15:00:00,"Vitality Stadium, Bournemouth",2562005
12,Arsenal,Tottenham Hotspur,4,1,2025-11-23 16:30:00,"Emirates Stadium, London",2562006
12,Brighton and Hove Albion,Brentford,2,1,2025-11-22 15:00:00,"American Express Stadium, Falmer",2562007
12,Burnley,Chelsea,0,2,2025-11-22 12:30:00,"Turf Moor, Burnley",2562008
12,Fulham,Sunderland,1,0,2025-11-22 15:00:00,"Craven Cottage, London",2562009
12,Leeds United,Aston Villa,1,2,2025-11-23 14:00:00,"Elland Road, Leeds",2562010
12,Liverpool,Nottingham Forest,0,3,2025-11-22 15:00:00,"Anfield, Liverpool",2562011
12,Manchester United,Everton,0,1,2025-11-24 20:00:00,"Old Trafford, Manchester",2562012
12,Newcastle United,Manchester City,2,1,2025-11-22 17:30:00,"St. James' Park, Newcastle",2562013
12,Wolverhampton Wanderers,Crystal Palace,0,2,2025-11-22 15:00:00,"Molineux Stadium, Wolverhampton",2562014
13,Aston Villa,Wolverhampton Wanderers,1,0,2025-11-30 14:05:00,"Villa Park, Birmingham",2562015
13,Brentford,Burnley,3,1,2025-11-29 15:00:00,"Gtech Community Stadium, Brentford",2562016
13,Chelsea,Arsenal,1,1,2025-11-30 16:30:00,"Stamford Bridge, London",2562017
13,Crystal Palace,Manchester United,1,2,2025-11-30 12:00:00,"Selhurst Park, London",2562018
13,Everton,Newcastle United,1,4,2025-11-29 17:30:00,"Hill Dickinson Stadium, Liverpool",2562019
13,Manchester City,Leeds United,3,2,2025-11-29 15:00:00,"Etihad Stadium, Manchester",2562020
13,Nottingham Forest,Brighton and Hove Albion,0,2,2025-11-30 14:05:00,"The City Ground, Nottingham",2562021
13,Sunderland,Bournemouth,3,2,2025-11-29 15:00:00,"Stadium of Light, Sunderland",2562022
13,Tottenham Hotspur,Fulham,1,2,2025-11-29 20:00:00,"Tottenham Hotspur Stadium, London",2562023
13,West Ham United,Liverpool,0,2,2025-11-30 14:05:00,"London Stadium, London",2562024
14,Bournemouth,Everton,0,1,2025-12-02 19:30:00,"Vitality Stadium, Bournemouth",2562025
14,Arsenal,Brentford,2,0,2025-12-03 19:30:00,"Emirates Stadium, London",2562026
14,Brighton and Hove Albion,Aston Villa,3,4,2025-12-03 19:30:00,"American Express Stadium, Falmer",2562027
14,Burnley,Crystal Palace,0,1,2025-12-03 19:30:00,"Turf Moor, Burnley",2562028
14,Fulham,Manchester City,4,5,2025-12-02 19:30:00,"Craven Cottage, London",2562029
14,Leeds United,Chelsea,3,1,2025-12-03 20:15:00,"Elland Road, Leeds",2562030
14,Liverpool,Sunderland,1,1,2025-12-03 20:15:00,"Anfield, Liverpool",2562031
14,Manchester United,West Ham United,1,1,2025-12-04 20:00:00,"Old Trafford, Manchester",2562032
14,Newcastle United,Tottenham Hotspur,2,2,2025-12-02 20:15:00,"St. James' Park, Newcastle",2562033
14,Wolverhampton Wanderers,Nottingham Forest,0,1,2025-12-03 19:30:00,"Molineux Stadium, Wolverhampton",2562034
15,Bournemouth,Chelsea,0,0,2025-12-06 15:00:00,"Vitality Stadium, Bournemouth",2562035
15,Aston Villa,Arsenal,2,1,2025-12-06 12:30:00,"Villa Park, Birmingham",2562036
15,Brighton and Hove Albion,West Ham United,1,1,2025-12-07 14:00:00,"American Express Stadium, Falmer",2562037
15,Everton,Nottingham Forest,3,0,2025-12-06 15:00:00,"Hill Dickinson Stadium, Liverpool",2562038
15,Fulham,Crystal Palace,1,2,2025-12-07 16:30:00,"Craven Cottage, London",2562039
15,Leeds United,Liverpool,3,3,2025-12-06 17:30:00,"Elland Road, Leeds",2562040
15,Manchester City,Sunderland,3,0,2025-12-06 15:00:00,"Etihad Stadium, Manchester",2562041
15,Newcastle United,Burnley,2,1,2025-12-06 15:00:00,"St. James' Park, Newcastle",2562042
15,Tottenham Hotspur,Brentford,2,0,2025-12-06 15:00:00,"Tottenham Hotspur Stadium, London",2562043
15,Wolverhampton Wanderers,Manchester United,1,4,2025-12-08 20:00:00,"Molineux Stadium, Wolverhampton",2562044
16,Arsenal,Wolverhampton Wanderers,2,1,2025-12-13 20:00:00,"Emirates Stadium, London",2562045
16,Brentford,Leeds United,1,1,2025-12-14 16:30:00,"Gtech Community Stadium, Brentford",2562046
16,Burnley,Fulham,2,3,2025-12-13 17:30:00,"Turf Moor, Burnley",2562047
16,Chelsea,Everton,2,0,2025-12-13 15:00:00,"Stamford Bridge, London",2562048
16,Crystal Palace,Manchester City,0,3,2025-12-14 14:00:00,"Selhurst Park, London",2562049
16,Liverpool,Brighton and Hove Albion,2,0,2025-12-13 15:00:00,"Anfield, Liverpool",2562050
16,Manchester United,Bournemouth,4,4,2025-12-15 20:00:00,"Old Trafford, Manchester",2562051
16,Nottingham Forest,Tottenham Hotspur,3,0,2025-12-14 14:00:00,"The City Ground, Nottingham",2562052
16,Sunderland,Newcastle United,1,0,2025-12-14 14:00:00,"Stadium of Light, Sunderland",2562053
16,West Ham United,Aston Villa,2,3,2025-12-14 14:00:00,"London Stadium, London",2562054
17,Bournemouth,Burnley,1,1,2025-12-20 15:00:00,"Vitality Stadium, Bournemouth",2562055
17,Aston Villa,Manchester United,2,1,2025-12-21 16:30:00,"Villa Park, Birmingham",2562056
17,Brighton and Hove Albion,Sunderland,0,0,2025-12-20 15:00:00,"American Express Stadium, Falmer",2562057
17,Everton,Arsenal,0,1,2025-12-20 20:00:00,"Hill Dickinson Stadium, Liverpool",2562058
17,Fulham,Nottingham Forest,1,0,2025-12-22 20:00:00,"Craven Cottage, London",2562059
17,Leeds United,Crystal Palace,4,1,2025-12-20 20:00:00,"Elland Road, Leeds",2562060
17,Manchester City,West Ham United,3,0,2025-12-20 15:00:00,"Etihad Stadium, Manchester",2562061
17,Newcastle United,Chelsea,2,2,2025-12-20 12:30:00,"St. James' Park, Newcastle",2562062
17,Tottenham Hotspur,Liverpool,1,2,2025-12-20 17:30:00,"Tottenham Hotspur Stadium, London",2562063
17,Wolverhampton Wanderers,Brentford,0,2,2025-12-20 15:00:00,"Molineux Stadium, Wolverhampton",2562064
18,Arsenal,Brighton and Hove Albion,2,1,2025-12-27 15:00:00,"Emirates Stadium, London",2562065
18,Brentford,Bournemouth,4,1,2025-12-27 15:00:00,"Gtech Community Stadium, Brentford",2562066
18,Burnley,Everton,0,0,2025-12-27 15:00:00,"Turf Moor, Burnley",2562067
18,Chelsea,Aston Villa,1,2,2025-12-27 17:30:00,"Stamford Bridge, London",2562068
18,Crystal Palace,Tottenham Hotspur,0,1,2025-12-28 16:30:00,"Selhurst Park, London",2562069
18,Liverpool,Wolverhampton Wanderers,2,1,2025-12-27 15:00:00,"Anfield, Liverpool",2562070
18,Manchester United,Newcastle United,1,0,2025-12-26 20:00:00,"Old Trafford, Manchester",2562071
18,Nottingham Forest,Manchester City,1,2,2025-12-27 12:30:00,"The City Ground, Nottingham",2562072
18,Sunderland,Leeds United,1,1,2025-12-28 14:00:00,"Stadium of Light, Sunderland",2562073
18,West Ham United,Fulham,0,1,2025-12-27 15:00:00,"London Stadium, London",2562074
19,Arsenal,Aston Villa,4,1,2025-12-30 20:15:00,"Emirates Stadium, London",2562075
19,Brentford,Tottenham Hotspur,0,0,2026-01-01 20:00:00,"Gtech Community Stadium, Brentford",2562076
19,Burnley,Newcastle United,1,3,2025-12-30 19:30:00,"Turf Moor, Burnley",2562077
19,Chelsea,Bournemouth,2,2,2025-12-30 19:30:00,"Stamford Bridge, London",2562078
19,Crystal Palace,Fulham,1,1,2026-01-01 17:30:00,"Selhurst Park, London",2562079
19,Liverpool,Leeds United,0,0,2026-01-01 17:30:00,"Anfield, Liverpool",2562080
19,Manchester United,Wolverhampton Wanderers,1,1,2025-12-30 20:15:00,"Old Trafford, Manchester",2562081
19,Nottingham Forest,Everton,0,2,2025-12-30 19:30:00,"The City Ground, Nottingham",2562082
19,Sunderland,Manchester City,0,0,2026-01-01 20:00:00,"Stadium of Light, Sunderland",2562083
19,West Ham United,Brighton and Hove Albion,2,2,2025-12-30 19:30:00,"London Stadium, London",2562084
20,Bournemouth,Arsenal,2,3,2026-01-03 17:30:00,"Vitality Stadium, Bournemouth",2562085
20,Aston Villa,Nottingham Forest,3,1,2026-01-03 12:30:00,"Villa Park, Birmingham",2562086
20,Brighton and Hove Albion,Burnley,2,0,2026-01-03 15:00:00,"American Express Stadium, Falmer",2562087
20,Everton,Brentford,2,4,2026-01-04 15:00:00,"Hill Dickinson Stadium, Liverpool",2562088
20,Fulham,Liverpool,2,2,2026-01-04 15:15:00,"Craven Cottage, London",2562089
20,Leeds United,Manchester United,1,1,2026-01-04 12:30:00,"Elland Road, Leeds",2562090
20,Manchester City,Chelsea,1,1,2026-01-04 17:30:00,"Etihad Stadium, Manchester",2562091
20,Newcastle United,Crystal Palace,2,0,2026-01-04 15:00:00,"St. James' Park, Newcastle",2562092
20,Tottenham Hotspur,Sunderland,1,1,2026-01-04 15:00:00,"Tottenham Hotspur Stadium, London",2562093
20,Wolverhampton Wanderers,West Ham United,3,0,2026-01-03 15:00:00,"Molineux Stadium, Wolverhampton",2562094
21,Bournemouth,Tottenham Hotspur,3,2,2026-01-07 19:30:00,"Vitality Stadium, Bournemouth",2562095
21,Arsenal,Liverpool,0,0,2026-01-08 20:00:00,"Emirates Stadium, London",2562096
21,Brentford,Sunderland,3,0,2026-01-07 19:30:00,"Gtech Community Stadium, Brentford",2562097
21,Burnley,Manchester United,2,2,2026-01-07 20:15:00,"Turf Moor, Burnley",2562098
21,Crystal Palace,Aston Villa,0,0,2026-01-07 19:30:00,"Selhurst Park, London",2562099
21,Everton,Wolverhampton Wanderers,1,1,2026-01-07 19:30:00,"Hill Dickinson Stadium, Liverpool",2562100
21,Fulham,Chelsea,2,1,2026-01-07 19:30:00,"Craven Cottage, London",2562101
21,Manchester City,Brighton and Hove Albion,1,1,2026-01-07 19:30:00,"Etihad Stadium, Manchester",2562102
21,Newcastle United,Leeds United,4,3,2026-01-07 20:15:00,"St. James' Park, Newcastle",2562103
21,West Ham United,Nottingham Forest,1,2,2026-01-06 20:00:00,"London Stadium, London",2562104
22,Aston Villa,Everton,0,1,2026-01-18 16:30:00,"Villa Park, Birmingham",2562105
22,Brighton and Hove Albion,Bournemouth,1,1,2026-01-19 20:00:00,"American Express Stadium, Falmer",2562106
22,Chelsea,Brentford,2,0,2026-01-17 15:00:00,"Stamford Bridge, London",2562107
22,Leeds United,Fulham,1,0,2026-01-17 15:00:00,"Elland Road, Leeds",2562108
22,Liverpool,Burnley,1,1,2026-01-17 15:00:00,"Anfield, Liverpool",2562109
22,Manchester United,Manchester City,2,0,2026-01-17 12:30:00,"Old Trafford, Manchester",2562110
22,Nottingham Forest,Arsenal,0,0,2026-01-17 17:30:00,"The City Ground, Nottingham",2562111
22,Sunderland,Crystal Palace,2,1,2026-01-17 15:00:00,"Stadium of Light, Sunderland",2562112
22,Tottenham Hotspur,West Ham United,1,2,2026-01-17 15:00:00,"Tottenham Hotspur Stadium, London",2562113
22,Wolverhampton Wanderers,Newcastle United,0,0,2026-01-18 14:00:00,"Molineux Stadium, Wolverhampton",2562114
23,Bournemouth,Liverpool,3,2,2026-01-24 17:30:00,"Vitality Stadium, Bournemouth",2562115
23,Arsenal,Manchester United,2,3,2026-01-25 16:30:00,"Emirates Stadium, London",2562116
23,Brentford,Nottingham Forest,0,2,2026-01-25 14:00:00,"Gtech Community Stadium, Brentford",2562117
23,Burnley,Tottenham Hotspur,2,2,2026-01-24 15:00:00,"Turf Moor, Burnley",2562118
23,Crystal Palace,Chelsea,1,3,2026-01-25 14:00:00,"Selhurst Park, London",2562119
23,Everton,Leeds United,1,1,2026-01-26 20:00:00,"Hill Dickinson Stadium, Liverpool",2562120
23,Fulham,Brighton and Hove Albion,2,1,2026-01-24 15:00:00,"Craven Cottage, London",2562121
23,Manchester City,Wolverhampton Wanderers,2,0,2026-01-24 15:00:00,"Etihad Stadium, Manchester",2562122
23,Newcastle United,Aston Villa,0,2,2026-01-25 14:00:00,"St. James' Park, Newcastle",2562123
23,West Ham United,Sunderland,3,1,2026-01-24 12:30:00,"London Stadium, London",2562124
24,Aston Villa,Brentford,0,1,2026-02-01 14:00:00,"Villa Park, Birmingham",2562125
24,Brighton and Hove Albion,Everton,1,1,2026-01-31 15:00:00,"American Express Stadium, Falmer",2562126
24,Chelsea,West Ham United,3,2,2026-01-31 17:30:00,"Stamford Bridge, London",2562127
24,Leeds United,Arsenal,0,4,2026-01-31 15:00:00,"Elland Road, Leeds",2562128
24,Liverpool,Newcastle United,4,1,2026-01-31 20:00:00,"Anfield, Liverpool",2562129
24,Manchester United,Fulham,3,2,2026-02-01 14:00:00,"Old Trafford, Manchester",2562130
24,Nottingham Forest,Crystal Palace,1,1,2026-02-01 14:00:00,"The City Ground, Nottingham",2562131
24,Sunderland,Burnley,3,0,2026-02-02 20:00:00,"Stadium of Light, Sunderland",2562132
24,Tottenham Hotspur,Manchester City,2,2,2026-02-01 16:30:00,"Tottenham Hotspur Stadium, London",2562133
24,Wolverhampton Wanderers,Bournemouth,0,2,2026-01-31 15:00:00,"Molineux Stadium, Wolverhampton",2562134
25,Bournemouth,Aston Villa,1,1,2026-02-07 15:00:00,"Vitality Stadium, Bournemouth",2562135
25,Arsenal,Sunderland,3,0,2026-02-07 15:00:00,"Emirates Stadium, London",2562136
25,Brighton and Hove Albion,Crystal Palace,0,1,2026-02-08 14:00:00,"American Express Stadium, Falmer",2562137
25,Burnley,West Ham United,0,2,2026-02-07 15:00:00,"Turf Moor, Burnley",2562138
25,Fulham,Everton,1,2,2026-02-07 15:00:00,"Craven Cottage, London",2562139
25,Leeds United,Nottingham Forest,3,1,2026-02-06 20:00:00,"Elland Road, Leeds",2562140
25,Liverpool,Manchester City,1,2,2026-02-08 16:30:00,"Anfield, Liverpool",2562141
25,Manchester United,Tottenham Hotspur,2,0,2026-02-07 12:30:00,"Old Trafford, Manchester",2562142
25,Newcastle United,Brentford,2,3,2026-02-07 17:30:00,"St. James' Park, Newcastle",2562143
25,Wolverhampton Wanderers,Chelsea,1,3,2026-02-07 15:00:00,"Molineux Stadium, Wolverhampton",2562144
26,Aston Villa,Brighton and Hove Albion,1,0,2026-02-11 19:30:00,"Villa Park, Birmingham",2562145
26,Brentford,Arsenal,1,1,2026-02-12 20:00:00,"Gtech Community Stadium, Brentford",2562146
26,Chelsea,Leeds United,2,2,2026-02-10 19:30:00,"Stamford Bridge, London",2562147
26,Crystal Palace,Burnley,2,3,2026-02-11 19:40:00,"Selhurst Park, London",2562148
26,Everton,Bournemouth,1,2,2026-02-10 19:30:00,"Hill Dickinson Stadium, Liverpool",2562149
26,Manchester City,Fulham,3,0,2026-02-11 19:30:00,"Etihad Stadium, Manchester",2562150
26,Nottingham Forest,Wolverhampton Wanderers,0,0,2026-02-11 19:30:00,"The City Ground, Nottingham",2562151
26,Sunderland,Liverpool,0,1,2026-02-11 20:15:00,"Stadium of Light, Sunderland",2562152
26,Tottenham Hotspur,Newcastle United,1,2,2026-02-10 19:30:00,"Tottenham Hotspur Stadium, London",2562153
26,West Ham United,Manchester United,1,1,2026-02-10 20:15:00,"London Stadium, London",2562154
26,Wolverhampton Wanderers,Arsenal,2,2,2026-02-18 20:00:00,"Molineux Stadium, Wolverhampton",2562204
27,Aston Villa,Leeds United,1,1,2026-02-21 15:00:00,"Villa Park, Birmingham",2562155
27,Brentford,Brighton and Hove Albion,0,2,2026-02-21 15:00:00,"Gtech Community Stadium, Brentford",2562156
27,Chelsea,Burnley,1,1,2026-02-21 15:00:00,"Stamford Bridge, London",2562157
27,Crystal Palace,Wolverhampton Wanderers,1,0,2026-02-22 14:00:00,"Selhurst Park, London",2562158
27,Everton,Manchester United,0,1,2026-02-23 20:00:00,"Hill Dickinson Stadium, Liverpool",2562159
27,Manchester City,Newcastle United,2,1,2026-02-21 20:00:00,"Etihad Stadium, Manchester",2562160
27,Nottingham Forest,Liverpool,0,1,2026-02-22 14:00:00,"The City Ground, Nottingham",2562161
27,Sunderland,Fulham,1,3,2026-02-22 14:00:00,"Stadium of Light, Sunderland",2562162
27,Tottenham Hotspur,Arsenal,1,4,2026-02-22 16:30:00,"Tottenham Hotspur Stadium, London",2562163
27,West Ham United,Bournemouth,0,0,2026-02-21 17:30:00,"London Stadium, London",2562164
28,Bournemouth,Sunderland,1,1,2026-02-28 12:30:00,"Vitality Stadium, Bournemouth",2562165
28,Arsenal,Chelsea,2,1,2026-03-01 16:30:00,"Emirates Stadium, London",2562166
28,Brighton and Hove Albion,Nottingham Forest,2,1,2026-03-01 14:00:00,"American Express Stadium, Falmer",2562167
28,Burnley,Brentford,3,4,2026-02-28 15:00:00,"Turf Moor, Burnley",2562168
28,Fulham,Tottenham Hotspur,2,1,2026-03-01 14:00:00,"Craven Cottage, London",2562169
28,Leeds United,Manchester City,0,1,2026-02-28 17:30:00,"Elland Road, Leeds",2562170
28,Liverpool,West Ham United,5,2,2026-02-28 15:00:00,"Anfield, Liverpool",2562171
28,Manchester United,Crystal Palace,2,1,2026-03-01 14:00:00,"Old Trafford, Manchester",2562172
28,Newcastle United,Everton,2,3,2026-02-28 15:00:00,"St. James' Park, Newcastle",2562173
28,Wolverhampton Wanderers,Aston Villa,2,0,2026-02-27 20:00:00,"Molineux Stadium, Wolverhampton",2562174
29,Bournemouth,Brentford,0,0,2026-03-03 19:30:00,"Vitality Stadium, Bournemouth",2562175
29,Aston Villa,Chelsea,1,4,2026-03-04 19:30:00,"Villa Park, Birmingham",2562176
29,Brighton and Hove Albion,Arsenal,0,1,2026-03-04 19:30:00,"American Express Stadium, Falmer",2562177
29,Everton,Burnley,2,0,2026-03-03 19:30:00,"Hill Dickinson Stadium, Liverpool",2562178
29,Fulham,West Ham United,0,1,2026-03-04 19:30:00,"Craven Cottage, London",2562179
29,Leeds United,Sunderland,0,1,2026-03-03 19:30:00,"Elland Road, Leeds",2562180
29,Manchester City,Nottingham Forest,2,2,2026-03-04 19:30:00,"Etihad Stadium, Manchester",2562181
29,Newcastle United,Manchester United,2,1,2026-03-04 20:15:00,"St. James' Park, Newcastle",2562182
29,Tottenham Hotspur,Crystal Palace,1,3,2026-03-05 20:00:00,"Tottenham Hotspur Stadium, London",2562183
29,Wolverhampton Wanderers,Liverpool,2,1,2026-03-03 20:15:00,"Molineux Stadium, Wolverhampton",2562184
30,Arsenal,Everton,2,0,2026-03-14 17:30:00,"Emirates Stadium, London",2562185
30,Brentford,Wolverhampton Wanderers,2,2,2026-03-16 20:00:00,"Gtech Community Stadium, Brentford",2562186
30,Burnley,Bournemouth,0,0,2026-03-14 15:00:00,"Turf Moor, Burnley",2562187
30,Chelsea,Newcastle United,0,1,2026-03-14 17:30:00,"Stamford Bridge, London",2562188
30,Crystal Palace,Leeds United,0,0,2026-03-15 14:00:00,"Selhurst Park, London",2562189
30,Liverpool,Tottenham Hotspur,1,1,2026-03-15 16:30:00,"Anfield, Liverpool",2562190
30,Manchester United,Aston Villa,3,1,2026-03-15 14:00:00,"Old Trafford, Manchester",2562191
30,Nottingham Forest,Fulham,0,0,2026-03-15 14:00:00,"The City Ground, Nottingham",2562192
30,Sunderland,Brighton and Hove Albion,0,1,2026-03-14 15:00:00,"Stadium of Light, Sunderland",2562193
30,West Ham United,Manchester City,1,1,2026-03-14 20:00:00,"London Stadium, London",2562194
31,Bournemouth,Manchester United,2,2,2026-03-20 20:00:00,"Vitality Stadium, Bournemouth",2562195
31,Aston Villa,West Ham United,2,0,2026-03-22 14:15:00,"Villa Park, Birmingham",2562196
31,Brighton and Hove Albion,Liverpool,2,1,2026-03-21 12:45:00,"American Express Stadium, Falmer",2562197
31,Everton,Chelsea,3,0,2026-03-21 17:30:00,"Hill Dickinson Stadium, Liverpool",2562198
31,Fulham,Burnley,3,1,2026-03-21 15:00:00,"Craven Cottage, London",2562199
31,Leeds United,Brentford,0,0,2026-03-21 20:00:00,"Elland Road, Leeds",2562200
31,Manchester City,Crystal Palace,0,0,2026-03-21 15:00:00,"Etihad Stadium, Manchester",2562201
31,Newcastle United,Sunderland,1,2,2026-03-22 12:00:00,"St. James' Park, Newcastle",2562202
31,Tottenham Hotspur,Nottingham Forest,0,3,2026-03-22 14:15:00,"Tottenham Hotspur Stadium, London",2562203
32,Arsenal,Bournemouth,,,2026-04-11 12:30:00,"Emirates Stadium, London",2562205
32,Brentford,Everton,,,2026-04-11 15:00:00,"Gtech Community Stadium, Brentford",2562206
32,Burnley,Brighton and Hove Albion,,,2026-04-11 15:00:00,"Turf Moor, Burnley",2562207
32,Chelsea,Manchester City,,,2026-04-12 16:30:00,"Stamford Bridge, London",2562208
32,Crystal Palace,Newcastle United,,,2026-04-12 14:00:00,"Selhurst Park, London",2562209
32,Liverpool,Fulham,,,2026-04-11 17:30:00,"Anfield, Liverpool",2562210
32,Manchester United,Leeds United,,,2026-04-13 20:00:00,"Old Trafford, Manchester",2562211
32,Nottingham Forest,Aston Villa,,,2026-04-12 14:00:00,"The City Ground, Nottingham",2562212
32,Sunderland,Tottenham Hotspur,,,2026-04-12 14:00:00,"Stadium of Light, Sunderland",2562213
32,West Ham United,Wolverhampton Wanderers,,,2026-04-10 20:00:00,"London Stadium, London",2562214
33,Aston Villa,Sunderland,,,2026-04-19 14:00:00,"Villa Park, Birmingham",2562215
33,Brentford,Fulham,,,2026-04-18 12:30:00,"Gtech Community Stadium, Brentford",2562216
33,Chelsea,Manchester United,,,2026-04-18 20:00:00,"Stamford Bridge, London",2562217
33,Crystal Palace,West Ham United,,,2026-04-20 20:00:00,"Selhurst Park, London",2562218
33,Everton,Liverpool,,,2026-04-19 14:00:00,"Hill Dickinson Stadium, Liverpool",2562219
33,Leeds United,Wolverhampton Wanderers,,,2026-04-18 15:00:00,"Elland Road, Leeds",2562220
33,Manchester City,Arsenal,,,2026-04-19 16:30:00,"Etihad Stadium, Manchester",2562221
33,Newcastle United,Bournemouth,,,2026-04-18 15:00:00,"St. James' Park, Newcastle",2562222
33,Nottingham Forest,Burnley,,,2026-04-19 14:00:00,"The City Ground, Nottingham",2562223
33,Tottenham Hotspur,Brighton and Hove Albion,,,2026-04-18 17:30:00,"Tottenham Hotspur Stadium, London",2562224
34,Bournemouth,Leeds United,,,2026-04-25 15:00:00,"Vitality Stadium, Bournemouth",2562225
34,Arsenal,Newcastle United,,,2026-04-25 17:30:00,"Emirates Stadium, London",2562226
34,Brighton and Hove Albion,Chelsea,,,2026-04-26 16:30:00,"American Express Stadium, Falmer",2562227
34,Burnley,Manchester City,,,2026-04-26 14:00:00,"Turf Moor, Burnley",2562228
34,Fulham,Aston Villa,,,2026-04-25 12:30:00,"Craven Cottage, London",2562229
34,Liverpool,Crystal Palace,,,2026-04-25 15:00:00,"Anfield, Liverpool",2562230
34,Manchester United,Brentford,,,2026-04-27 20:00:00,"Old Trafford, Manchester",2562231
34,Sunderland,Nottingham Forest,,,2026-04-24 20:00:00,"Stadium of Light, Sunderland",2562232
34,West Ham United,Everton,,,2026-04-25 15:00:00,"London Stadium, London",2562233
34,Wolverhampton Wanderers,Tottenham Hotspur,,,2026-04-25 15:00:00,"Molineux Stadium, Wolverhampton",2562234
35,Bournemouth,Crystal Palace,,,2026-05-02 15:00:00,"Vitality Stadium, Bournemouth",2562235
35,Arsenal,Fulham,,,2026-05-02 17:30:00,"Emirates Stadium, London",2562236
35,Aston Villa,Tottenham Hotspur,,,2026-05-02 12:30:00,"Villa Park, Birmingham",2562237
35,Brentford,West Ham United,,,2026-05-02 15:00:00,"Gtech Community Stadium, Brentford",2562238
35,Chelsea,Nottingham Forest,,,2026-05-04 15:00:00,"Stamford Bridge, London",2562239
35,Everton,Manchester City,,,2026-05-04 20:00:00,"Hill Dickinson Stadium, Liverpool",2562240
35,Leeds United,Burnley,,,2026-05-01 20:00:00,"Elland Road, Leeds",2562241
35,Manchester United,Liverpool,,,2026-05-03 15:30:00,"Old Trafford, Manchester",2562242
35,Newcastle United,Brighton and Hove Albion,,,2026-05-02 15:00:00,"St. James' Park, Newcastle",2562243
35,Wolverhampton Wanderers,Sunderland,,,2026-05-02 15:00:00,"Molineux Stadium, Wolverhampton",2562244
36,Brighton and Hove Albion,Wolverhampton Wanderers,,,2026-05-09 15:00:00,"American Express Stadium, Falmer",2562245
36,Burnley,Aston Villa,,,2026-05-09 15:00:00,"Turf Moor, Burnley",2562246
36,Crystal Palace,Everton,,,2026-05-09 15:00:00,"Selhurst Park, London",2562247
36,Fulham,Bournemouth,,,2026-05-09 15:00:00,"Craven Cottage, London",2562248
36,Liverpool,Chelsea,,,2026-05-09 15:00:00,"Anfield, Liverpool",2562249
36,Manchester City,Brentford,,,2026-05-09 15:00:00,"Etihad Stadium, Manchester",2562250
36,Nottingham Forest,Newcastle United,,,2026-05-09 15:00:00,"The City Ground, Nottingham",2562251
36,Sunderland,Manchester United,,,2026-05-09 15:00:00,"Stadium of Light, Sunderland",2562252
36,Tottenham Hotspur,Leeds United,,,2026-05-09 15:00:00,"Tottenham Hotspur Stadium, London",2562253
36,West Ham United,Arsenal,,,2026-05-09 15:00:00,"London Stadium, London",2562254
37,Bournemouth,Manchester City,,,2026-05-17 15:00:00,"Vitality Stadium, Bournemouth",2562255
37,Arsenal,Burnley,,,2026-05-17 15:00:00,"Emirates Stadium, London",2562256
37,Aston Villa,Liverpool,,,2026-05-17 15:00:00,"Villa Park, Birmingham",2562257
37,Brentford,Crystal Palace,,,2026-05-17 15:00:00,"Gtech Community Stadium, Brentford",2562258
37,Chelsea,Tottenham Hotspur,,,2026-05-17 15:00:00,"Stamford Bridge, London",2562259
37,Everton,Sunderland,,,2026-05-17 15:00:00,"Hill Dickinson Stadium, Liverpool",2562260
37,Leeds United,Brighton and Hove Albion,,,2026-05-17 15:00:00,"Elland Road, Leeds",2562261
37,Manchester United,Nottingham Forest,,,2026-05-17 15:00:00,"Old Trafford, Manchester",2562262
37,Newcastle United,West Ham United,,,2026-05-17 15:00:00,"St. James' Park, Newcastle",2562263
37,Wolverhampton Wanderers,Fulham,,,2026-05-17 15:00:00,"Molineux Stadium, Wolverhampton",2562264
38,Brighton and Hove Albion,Manchester United,,,2026-05-24 16:00:00,"American Express Stadium, Falmer",2562265
38,Burnley,Wolverhampton Wanderers,,,2026-05-24 16:00:00,"Turf Moor, Burnley",2562266
38,Crystal Palace,Arsenal,,,2026-05-24 16:00:00,"Selhurst Park, London",2562267
38,Fulham,Newcastle United,,,2026-05-24 16:00:00,"Craven Cottage, London",2562268
38,Liverpool,Brentford,,,2026-05-24 16:00:00,"Anfield, Liverpool",2562269
38,Manchester City,Aston Villa,,,2026-05-24 16:00:00,"Etihad Stadium, Manchester",2562270
38,Nottingham Forest,Bournemouth,,,2026-05-24 16:00:00,"The City Ground, Nottingham",2562271
38,Sunderland,Chelsea,,,2026-05-24 16:00:00,"Stadium of Light, Sunderland",2562272
38,Tottenham Hotspur,Everton,,,2026-05-24 16:00:00,"Tottenham Hotspur Stadium, London",2562273
38,West Ham United,Leeds United,,,2026-05-24 16:00:00,"London Stadium, London",2562274
