HomeTeam,AwayTeam,Date,Year,Month,DayOfWeek,Div,Time,FTHG,FTAG,FTR,HTHG,HTAG,HTR,Attendance,Referee,HS,AS,HST,AST,HHW,AHW,HC,AC,HF,AF,HO,AO,HY,AY,HR,AR,1XBH,1XBD,1XBA,B365H,B365D,B365A,B365>2.5,B365<2.5,B365AHH,B365AHA,B365AH,BFH,BFD,BFA,BFEH,BFED,BFEA,BFDH,BFDD,BFDA,BMGMH,BMGMD,BMGMA,BVH,BVD,BVA,VCH,VCD,VCA,BSH,BSD,BSA,BWH,BWD,BWA,CLH,CLD,CLA,GBH,GBD,GBA,GB>2.5,GB<2.5,GBAHH,GBAHA,GBAH,IWH,IWD,IWA,LBH,LBD,LBA,LBAHH,LBAHA,LBAH,PSH,PSD,PSA,P>2.5,P<2.5,PAHH,PAHA,SOH,SOD,SOA,SBH,SBD,SBA,SJH,SJD,SJA,SYH,SYD,SYA,WHH,WHD,WHA,Bb1X2,BbMxH,BbAvH,BbMxD,BbAvD,BbMxA,BbAvA,BbOU,BbMx>2.5,BbAv>2.5,BbMx<2.5,BbAv<2.5,BbAH,BbAHh,BbMxAHH,BbAvAHH,BbMxAHA,BbAvAHA,MaxH,MaxD,MaxA,AvgH,AvgD,AvgA,Max>2.5,Max<2.5,Avg>2.5,Avg<2.5,MaxAHH,MaxAHA,AvgAHH,AvgAHA,AHh,HomeWin,Season,HomeTeam_mean_FTHG,AwayTeam_mean_FTAG,HomeRecentGF,HomeRecentGA,HomeRecentPts,AwayRecentGF,AwayRecentGA,AwayRecentPts,HomeTeam_Arsenal,HomeTeam_Aston Villa,HomeTeam_Birmingham,HomeTeam_Blackburn,HomeTeam_Blackpool,HomeTeam_Bolton,HomeTeam_Bournemouth,HomeTeam_Bradford,HomeTeam_Brentford,HomeTeam_Brighton,HomeTeam_Burnley,HomeTeam_Cardiff,HomeTeam_Charlton,HomeTeam_Chelsea,HomeTeam_Coventry,HomeTeam_Crystal Palace,HomeTeam_Derby,HomeTeam_Everton,HomeTeam_Fulham,HomeTeam_Huddersfield,HomeTeam_Hull,HomeTeam_Ipswich,HomeTeam_Leeds,HomeTeam_Leicester,HomeTeam_Liverpool,HomeTeam_Luton,HomeTeam_Man City,HomeTeam_Man United,HomeTeam_Middlesbrough,HomeTeam_Newcastle,HomeTeam_Norwich,HomeTeam_Nott'm Forest,HomeTeam_Portsmouth,HomeTeam_QPR,HomeTeam_Reading,HomeTeam_Sheffield United,HomeTeam_Southampton,HomeTeam_Stoke,HomeTeam_Sunderland,HomeTeam_Swansea,HomeTeam_Tottenham,HomeTeam_Watford,HomeTeam_West Brom,HomeTeam_West Ham,HomeTeam_Wigan,HomeTeam_Wolves,AwayTeam_Arsenal,AwayTeam_Aston Villa,AwayTeam_Birmingham,AwayTeam_Blackburn,AwayTeam_Blackpool,AwayTeam_Bolton,AwayTeam_Bournemouth,AwayTeam_Bradford,AwayTeam_Brentford,AwayTeam_Brighton,AwayTeam_Burnley,AwayTeam_Cardiff,AwayTeam_Charlton,AwayTeam_Chelsea,AwayTeam_Coventry,AwayTeam_Crystal Palace,AwayTeam_Derby,AwayTeam_Everton,AwayTeam_Fulham,AwayTeam_Huddersfield,AwayTeam_Hull,AwayTeam_Ipswich,AwayTeam_Leeds,AwayTeam_Leicester,AwayTeam_Liverpool,AwayTeam_Luton,AwayTeam_Man City,AwayTeam_Man United,AwayTeam_Middlesbrough,AwayTeam_Newcastle,AwayTeam_Norwich,AwayTeam_Nott'm Forest,AwayTeam_Portsmouth,AwayTeam_QPR,AwayTeam_Reading,AwayTeam_Sheffield United,AwayTeam_Southampton,AwayTeam_Stoke,AwayTeam_Sunderland,AwayTeam_Swansea,AwayTeam_Tottenham,AwayTeam_Watford,AwayTeam_West Brom,AwayTeam_West Ham,AwayTeam_Wigan,AwayTeam_Wolves,Kickoff,B365_gt_2_5,B365_lt_2_5,GB_gt_2_5,GB_lt_2_5,P_gt_2_5,P_lt_2_5,BbMx_gt_2_5,BbAv_gt_2_5,BbMx_lt_2_5,BbAv_lt_2_5,Max_gt_2_5,Max_lt_2_5,Avg_gt_2_5,Avg_lt_2_5,HomeTeam_Aston_Villa,HomeTeam_Crystal_Palace,HomeTeam_Man_City,HomeTeam_Man_United,HomeTeam_Nott_m_Forest,HomeTeam_Sheffield_United,HomeTeam_West_Brom,HomeTeam_West_Ham,AwayTeam_Aston_Villa,AwayTeam_Crystal_Palace,AwayTeam_Man_City,AwayTeam_Man_United,AwayTeam_Nott_m_Forest,AwayTeam_Sheffield_United,AwayTeam_West_Brom,AwayTeam_West_Ham,date,home_team,away_team
Brentford,Fulham,2026-04-18 12:30:00,2026,4,5,,,,,,,,,,,,,,,,,,,,,,,,,,,2.19,3.8,3.4,2.14,3.76,3.34,1.83,2.14,,,,2.19,3.8,3.4,2.19,3.8,3.4,2.19,3.8,3.4,2.19,3.8,3.4,2.19,3.8,3.4,,3.8,3.4,,3.8,3.4,2.19,3.8,3.4,2.19,3.8,3.4,2.19,3.8,3.4,1.83,2.14,,,,2.19,3.8,3.4,2.1,3.5,3.3,,,,2.14,3.76,3.34,1.83,2.14,,,2.19,3.8,3.4,2.19,3.8,3.4,2.19,3.8,3.4,2.19,3.8,3.4,2.1,3.5,3.1,,2.19,2.19,3.8,3.8,3.4,3.4,,1.83,1.83,2.14,2.14,,,,,,,2.19,3.8,3.4,2.19,3.8,3.4,1.83,2.14,1.83,2.14,,,,,,,,1.6666666666666667,0.9457142857142856,1.2,1.4,5.0,1.0,1.6,4.0,,,,,,,,,,,,,,,,,,,,,,,,,,,,,,,,,,,,,,,,,,,,,,,,,,,,,,,,,,,,,,,,,,,,,,,,,,,,,,,,,,,,,,,,,,,,,2026-04-18 12:30:00,,,,,,,,,,,,,,,,,,,,,,,,,,,,,,,2026-04-18,brentford,fulham
Leeds,Wolves,2026-04-18 15:00:00,2026,4,5,,,,,,,,,,,,,,,,,,,,,,,,,,,,,,,,,,,,,,,,,,,,,,,,,,,,,,,,,,,,,,,,,,,,,,,,,,,,,,,,,,,,,,,,,,,,,,,,,,,,,,,,,,,,,,,,,,,,,,,,,,,,,,,,,,,,,,,,,,,1.4109589041095891,0.9592760180995475,0.6,1.4,4.0,0.6,1.2,3.0,,,,,,,,,,,,,,,,,,,,,,,,,,,,,,,,,,,,,,,,,,,,,,,,,,,,,,,,,,,,,,,,,,,,,,,,,,,,,,,,,,,,,,,,,,,,,2026-04-18 15:00:00,,,,,,,,,,,,,,,,,,,,,,,,,,,,,,,2026-04-18,leeds,wolves
Newcastle,Bournemouth,2026-04-18 15:00:00,2026,4,5,,,,,,,,,,,,,,,,,,,,,,,,,,,,,,,,,,,,,,,,,,,,,,,,,,,,,,,,,,,,,,,,,,,,,,,,,,,,,,,,,,,,,,,,,,,,,,,,,,,,,,,,,,,,,,,,,,,,,,,,,,,,,,,,,,,,,,,,,,,1.5672645739910314,1.2469879518072289,1.4,2.2,3.0,1.0,0.4,9.0,,,,,,,,,,,,,,,,,,,,,,,,,,,,,,,,,,,,,,,,,,,,,,,,,,,,,,,,,,,,,,,,,,,,,,,,,,,,,,,,,,,,,,,,,,,,,2026-04-18 15:00:00,,,,,,,,,,,,,,,,,,,,,,,,,,,,,,,2026-04-18,newcastle,bournemouth
Tottenham,Brighton,2026-04-18 17:30:00,2026,4,5,,,,,,,,,,,,,,,,,,,,,,,,,,,,,,,,,,,,,,,,,,,,,,,,,,,,,,,,,,,,,,,,,,,,,,,,,,,,,,,,,,,,,,,,,,,,,,,,,,,,,,,,,,,,,,,,,,,,,,,,,,,,,,,,,,,,,,,,,,,1.8041237113402064,1.1987951807228916,1.0,2.8,1.0,1.0,0.8,7.0,,,,,,,,,,,,,,,,,,,,,,,,,,,,,,,,,,,,,,,,,,,,,,,,,,,,,,,,,,,,,,,,,,,,,,,,,,,,,,,,,,,,,,,,,,,,,2026-04-18 17:30:00,,,,,,,,,,,,,,,,,,,,,,,,,,,,,,,2026-04-18,tottenham,brighton
Chelsea,Man United,2026-04-18 20:00:00,2026,4,5,,,,,,,,,,,,,,,,,,,,,,,,,,,,,,,,,,,,,,,,,,,,,,,,,,,,,,,,,,,,,,,,,,,,,,,,,,,,,,,,,,,,,,,,,,,,,,,,,,,,,,,,,,,,,,,,,,,,,,,,,,,,,,,,,,,,,,,,,,,2.033126293995859,1.5942028985507246,1.6,1.2,8.0,1.6,1.4,8.0,,,,,,,,,,,,,,,,,,,,,,,,,,,,,,,,,,,,,,,,,,,,,,,,,,,,,,,,,,,,,,,,,,,,,,,,,,,,,,,,,,,,,,,,,,,,,2026-04-18 20:00:00,,,,,,,,,,,,,,,,,,,,,,,,,,,,,,,2026-04-18,chelsea,man united
Aston Villa,Sunderland,2026-04-19 14:00:00,2026,4,6,,,,,,,,,,,,,,,,,,,,,,,,,,,1.72,3.94,5.58,1.7,3.79,5.4,1.96,1.93,,,,1.72,3.94,5.58,1.72,3.94,5.58,1.72,3.94,5.58,1.72,3.94,5.58,1.72,3.94,5.58,,3.94,5.58,,3.94,5.58,1.72,3.94,5.58,1.72,3.94,5.58,1.72,3.94,5.58,1.96,1.93,,,,1.72,3.94,5.58,1.65,3.8,5.0,,,,1.7,3.79,5.4,1.96,1.93,,,1.72,3.94,5.58,1.72,3.94,5.58,1.72,3.94,5.58,1.72,3.94,5.58,1.65,3.7,5.0,,1.72,1.72,3.94,3.94,5.58,5.58,,1.96,1.96,1.93,1.93,,,,,,,1.72,3.94,5.58,1.72,3.94,5.58,1.96,1.93,1.96,1.93,,,,,,,,1.3723653395784543,0.8571428571428571,1.0,1.2,7.0,1.0,1.6,7.0,,,,,,,,,,,,,,,,,,,,,,,,,,,,,,,,,,,,,,,,,,,,,,,,,,,,,,,,,,,,,,,,,,,,,,,,,,,,,,,,,,,,,,,,,,,,,2026-04-19 14:00:00,,,,,,,,,,,,,,,,,,,,,,,,,,,,,,,2026-04-19,aston villa,sunderland
Everton,Liverpool,2026-04-19 14:00:00,2026,4,6,,,,,,,,,,,,,,,,,,,,,,,,,,,3.35,3.46,2.34,3.29,3.36,2.31,1.94,1.94,,,,3.35,3.46,2.34,3.35,3.46,2.34,3.35,3.46,2.34,3.35,3.46,2.34,3.35,3.46,2.34,,3.46,2.34,,3.46,2.34,3.35,3.46,2.34,3.35,3.46,2.34,3.35,3.46,2.34,1.94,1.94,,,,3.35,3.46,2.34,3.1,3.3,2.25,,,,3.29,3.36,2.31,1.94,1.94,,,3.35,3.46,2.34,3.35,3.46,2.34,3.35,3.46,2.34,3.35,3.46,2.34,3.1,3.25,2.2,,3.35,3.35,3.46,3.46,2.34,2.34,,1.94,1.94,1.94,1.94,,,,,,,3.35,3.46,2.34,3.35,3.46,2.34,1.94,1.94,1.94,1.94,,,,,,,,1.5051546391752575,1.6440329218106997,1.4,0.8,7.0,1.2,1.4,6.0,,,,,,,,,,,,,,,,,,,,,,,,,,,,,,,,,,,,,,,,,,,,,,,,,,,,,,,,,,,,,,,,,,,,,,,,,,,,,,,,,,,,,,,,,,,,,2026-04-19 14:00:00,,,,,,,,,,,,,,,,,,,,,,,,,,,,,,,2026-04-19,everton,liverpool
Nott'm Forest,Burnley,2026-04-19 14:00:00,2026,4,6,,,,,,,,,,,,,,,,,,,,,,,,,,,,,,,,,,,,,,,,,,,,,,,,,,,,,,,,,,,,,,,,,,,,,,,,,,,,,,,,,,,,,,,,,,,,,,,,,,,,,,,,,,,,,,,,,,,,,,,,,,,,,,,,,,,,,,,,,,,1.295774647887324,0.9623655913978496,0.2,0.4,4.0,1.0,2.2,4.0,,,,,,,,,,,,,,,,,,,,,,,,,,,,,,,,,,,,,,,,,,,,,,,,,,,,,,,,,,,,,,,,,,,,,,,,,,,,,,,,,,,,,,,,,,,,,2026-04-19 14:00:00,,,,,,,,,,,,,,,,,,,,,,,,,,,,,,,2026-04-19,nott'm forest,burnley
Man City,Arsenal,2026-04-19 16:30:00,2026,4,6,,,,,,,,,,,,,,,,,,,,,,,,,,,,,,,,,,,,,,,,,,,,,,,,,,,,,,,,,,,,,,,,,,,,,,,,,,,,,,,,,,,,,,,,,,,,,,,,,,,,,,,,,,,,,,,,,,,,,,,,,,,,,,,,,,,,,,,,,,,2.1900647948164145,1.6556701030927834,2.0,0.8,11.0,2.4,0.8,11.0,,,,,,,,,,,,,,,,,,,,,,,,,,,,,,,,,,,,,,,,,,,,,,,,,,,,,,,,,,,,,,,,,,,,,,,,,,,,,,,,,,,,,,,,,,,,,2026-04-19 16:30:00,,,,,,,,,,,,,,,,,,,,,,,,,,,,,,,2026-04-19,man city,arsenal
Crystal Palace,West Ham,2026-04-20 20:00:00,2026,4,0,,,,,,,,,,,,,,,,,,,,,,,,,,,,,,,,,,,,,,,,,,,,,,,,,,,,,,,,,,,,,,,,,,,,,,,,,,,,,,,,,,,,,,,,,,,,,,,,,,,,,,,,,,,,,,,,,,,,,,,,,,,,,,,,,,,,,,,,,,,1.1867704280155642,1.0928074245939676,0.8,1.2,5.0,1.4,2.0,6.0,,,,,,,,,,,,,,,,,,,,,,,,,,,,,,,,,,,,,,,,,,,,,,,,,,,,,,,,,,,,,,,,,,,,,,,,,,,,,,,,,,,,,,,,,,,,,2026-04-20 20:00:00,,,,,,,,,,,,,,,,,,,,,,,,,,,,,,,2026-04-20,crystal palace,west ham
Brighton,Chelsea,2026-04-21 20:00:00,2026,4,1,,,,,,,,,,,,,,,,,,,,,,,,,,,,,,,,,,,,,,,,,,,,,,,,,,,,,,,,,,,,,,,,,,,,,,,,,,,,,,,,,,,,,,,,,,,,,,,,,,,,,,,,,,,,,,,,,,,,,,,,,,,,,,,,,,,,,,,,,,,1.3313253012048192,1.5838509316770186,1.0,1.0,7.0,2.2,1.6,9.0,,,,,,,,,,,,,,,,,,,,,,,,,,,,,,,,,,,,,,,,,,,,,,,,,,,,,,,,,,,,,,,,,,,,,,,,,,,,,,,,,,,,,,,,,,,,,2026-04-21 20:00:00,,,,,,,,,,,,,,,,,,,,,,,,,,,,,,,2026-04-21,brighton,chelsea
Bournemouth,Leeds,2026-04-22 20:00:00,2026,4,2,,,,,,,,,,,,,,,,,,,,,,,,,,,,,,,,,,,,,,,,,,,,,,,,,,,,,,,,,,,,,,,,,,,,,,,,,,,,,,,,,,,,,,,,,,,,,,,,,,,,,,,,,,,,,,,,,,,,,,,,,,,,,,,,,,,,,,,,,,,1.3712574850299402,1.2937062937062938,1.4,1.2,7.0,1.4,1.6,4.0,,,,,,,,,,,,,,,,,,,,,,,,,,,,,,,,,,,,,,,,,,,,,,,,,,,,,,,,,,,,,,,,,,,,,,,,,,,,,,,,,,,,,,,,,,,,,2026-04-22 20:00:00,,,,,,,,,,,,,,,,,,,,,,,,,,,,,,,2026-04-22,bournemouth,leeds
Burnley,Man City,2026-04-22 20:00:00,2026,4,2,,,,,,,,,,,,,,,,,,,,,,,,,,,,,,,,,,,,,,,,,,,,,,,,,,,,,,,,,,,,,,,,,,,,,,,,,,,,,,,,,,,,,,,,,,,,,,,,,,,,,,,,,,,,,,,,,,,,,,,,,,,,,,,,,,,,,,,,,,,1.0486486486486486,1.6314655172413792,1.4,2.0,3.0,1.2,1.2,8.0,,,,,,,,,,,,,,,,,,,,,,,,,,,,,,,,,,,,,,,,,,,,,,,,,,,,,,,,,,,,,,,,,,,,,,,,,,,,,,,,,,,,,,,,,,,,,2026-04-22 20:00:00,,,,,,,,,,,,,,,,,,,,,,,,,,,,,,,2026-04-22,burnley,man city
Sunderland,Nott'm Forest,2026-04-24 20:00:00,2026,4,4,,,,,,,,,,,,,,,,,,,,,,,,,,,,,,,,,,,,,,,,,,,,,,,,,,,,,,,,,,,,,,,,,,,,,,,,,,,,,,,,,,,,,,,,,,,,,,,,,,,,,,,,,,,,,,,,,,,,,,,,,,,,,,,,,,,,,,,,,,,1.1035714285714286,1.1527777777777777,1.2,1.2,6.0,1.8,1.4,7.0,,,,,,,,,,,,,,,,,,,,,,,,,,,,,,,,,,,,,,,,,,,,,,,,,,,,,,,,,,,,,,,,,,,,,,,,,,,,,,,,,,,,,,,,,,,,,2026-04-24 20:00:00,,,,,,,,,,,,,,,,,,,,,,,,,,,,,,,2026-04-24,sunderland,nott'm forest
Fulham,Aston Villa,2026-04-25 12:30:00,2026,4,5,,,,,,,,,,,,,,,,,,,,,,,,,,,2.8,3.74,2.56,2.71,3.64,2.46,1.81,2.17,,,,2.8,3.74,2.56,2.8,3.74,2.56,2.8,3.74,2.56,2.8,3.74,2.56,2.8,3.74,2.56,,3.74,2.56,,3.74,2.56,2.8,3.74,2.56,2.8,3.74,2.56,2.8,3.74,2.56,1.81,2.17,,,,2.8,3.74,2.56,2.8,3.74,2.56,,,,2.71,3.64,2.46,1.81,2.17,,,2.8,3.74,2.56,2.8,3.74,2.56,2.8,3.74,2.56,2.8,3.74,2.56,2.6,3.5,2.45,,2.8,2.8,3.74,3.74,2.56,2.56,,1.81,1.81,2.17,2.17,,,,,,,2.8,3.74,2.56,2.8,3.74,2.56,1.81,2.17,1.81,2.17,,,,,,,,1.369318181818182,1.1502347417840375,1.6,1.2,9.0,0.8,1.2,5.0,,,,,,,,,,,,,,,,,,,,,,,,,,,,,,,,,,,,,,,,,,,,,,,,,,,,,,,,,,,,,,,,,,,,,,,,,,,,,,,,,,,,,,,,,,,,,2026-04-25 12:30:00,,,,,,,,,,,,,,,,,,,,,,,,,,,,,,,2026-04-25,fulham,aston villa
Liverpool,Crystal Palace,2026-04-25 15:00:00,2026,4,5,,,,,,,,,,,,,,,,,,,,,,,,,,,1.55,4.83,6.2,1.47,4.72,6.02,1.54,2.32,,,,1.55,4.83,6.2,1.55,4.83,6.2,1.55,4.83,6.2,1.55,4.83,6.2,1.55,4.83,6.2,,4.83,6.2,,4.83,6.2,1.55,4.83,6.2,1.55,4.83,6.2,1.55,4.83,6.2,1.54,2.32,,,,1.55,4.83,6.2,1.55,4.83,6.2,,,,1.47,4.72,6.02,1.54,2.32,,,1.55,4.83,6.2,1.55,4.83,6.2,1.55,4.83,6.2,1.55,4.83,6.2,1.5,4.4,5.5,,1.55,1.55,4.83,4.83,6.2,6.2,,1.54,1.54,2.32,2.32,,,,,,,1.55,4.83,6.2,1.55,4.83,6.2,1.54,2.32,1.54,2.32,,,,,,,,2.074688796680498,1.1467181467181466,2.4,1.4,8.0,1.4,1.2,7.0,,,,,,,,,,,,,,,,,,,,,,,,,,,,,,,,,,,,,,,,,,,,,,,,,,,,,,,,,,,,,,,,,,,,,,,,,,,,,,,,,,,,,,,,,,,,,2026-04-25 15:00:00,,,,,,,,,,,,,,,,,,,,,,,,,,,,,,,2026-04-25,liverpool,crystal palace
West Ham,Everton,2026-04-25 15:00:00,2026,4,5,,,,,,,,,,,,,,,,,,,,,,,,,,,,,,,,,,,,,,,,,,,,,,,,,,,,,,,,,,,,,,,,,,,,,,,,,,,,,,,,,,,,,,,,,,,,,,,,,,,,,,,,,,,,,,,,,,,,,,,,,,,,,,,,,,,,,,,,,,,1.4292343387470998,1.0518672199170125,1.2,1.0,6.0,1.4,1.2,10.0,,,,,,,,,,,,,,,,,,,,,,,,,,,,,,,,,,,,,,,,,,,,,,,,,,,,,,,,,,,,,,,,,,,,,,,,,,,,,,,,,,,,,,,,,,,,,2026-04-25 15:00:00,,,,,,,,,,,,,,,,,,,,,,,,,,,,,,,2026-04-25,west ham,everton
Wolves,Tottenham,2026-04-25 15:00:00,2026,4,5,,,,,,,,,,,,,,,,,,,,,,,,,,,,,,,,,,,,,,,,,,,,,,,,,,,,,,,,,,,,,,,,,,,,,,,,,,,,,,,,,,,,,,,,,,,,,,,,,,,,,,,,,,,,,,,,,,,,,,,,,,,,,,,,,,,,,,,,,,,1.2126696832579185,1.4070247933884297,1.4,1.6,7.0,1.2,2.0,2.0,,,,,,,,,,,,,,,,,,,,,,,,,,,,,,,,,,,,,,,,,,,,,,,,,,,,,,,,,,,,,,,,,,,,,,,,,,,,,,,,,,,,,,,,,,,,,2026-04-25 15:00:00,,,,,,,,,,,,,,,,,,,,,,,,,,,,,,,2026-04-25,wolves,tottenham
Arsenal,Newcastle,2026-04-25 17:30:00,2026,4,5,,,,,,,,,,,,,,,,,,,,,,,,,,,,,,,,,,,,,,,,,,,,,,,,,,,,,,,,,,,,,,,,,,,,,,,,,,,,,,,,,,,,,,,,,,,,,,,,,,,,,,,,,,,,,,,,,,,,,,,,,,,,,,,,,,,,,,,,,,,2.1434511434511436,1.1101123595505618,1.8,0.8,10.0,1.0,1.4,7.0,,,,,,,,,,,,,,,,,,,,,,,,,,,,,,,,,,,,,,,,,,,,,,,,,,,,,,,,,,,,,,,,,,,,,,,,,,,,,,,,,,,,,,,,,,,,,2026-04-25 17:30:00,,,,,,,,,,,,,,,,,,,,,,,,,,,,,,,2026-04-25,arsenal,newcastle
Man United,Brentford,2026-04-27 20:00:00,2026,4,0,,,,,,,,,,,,,,,,,,,,,,,,,,,,,,,,,,,,,,,,,,,,,,,,,,,,,,,,,,,,,,,,,,,,,,,,,,,,,,,,,,,,,,,,,,,,,,,,,,,,,,,,,,,,,,,,,,,,,,,,,,,,,,,,,,,,,,,,,,,2.0352697095435683,1.3406593406593406,2.4,0.8,15.0,1.6,1.0,11.0,,,,,,,,,,,,,,,,,,,,,,,,,,,,,,,,,,,,,,,,,,,,,,,,,,,,,,,,,,,,,,,,,,,,,,,,,,,,,,,,,,,,,,,,,,,,,2026-04-27 20:00:00,,,,,,,,,,,,,,,,,,,,,,,,,,,,,,,2026-04-27,man united,brentford
Leeds,Burnley,2026-05-01 20:00:00,2026,5,4,,,,,,,,,,,,,,,,,,,,,,,,,,,,,,,,,,,,,,,,,,,,,,,,,,,,,,,,,,,,,,,,,,,,,,,,,,,,,,,,,,,,,,,,,,,,,,,,,,,,,,,,,,,,,,,,,,,,,,,,,,,,,,,,,,,,,,,,,,,1.4109589041095891,0.9623655913978496,0.6,1.4,4.0,1.0,2.2,4.0,,,,,,,,,,,,,,,,,,,,,,,,,,,,,,,,,,,,,,,,,,,,,,,,,,,,,,,,,,,,,,,,,,,,,,,,,,,,,,,,,,,,,,,,,,,,,2026-05-01 20:00:00,,,,,,,,,,,,,,,,,,,,,,,,,,,,,,,2026-05-01,leeds,burnley
Aston Villa,Tottenham,2026-05-02 12:30:00,2026,5,5,,,,,,,,,,,,,,,,,,,,,,,,,,,,,,,,,,,,,,,,,,,,,,,,,,,,,,,,,,,,,,,,,,,,,,,,,,,,,,,,,,,,,,,,,,,,,,,,,,,,,,,,,,,,,,,,,,,,,,,,,,,,,,,,,,,,,,,,,,,1.3723653395784543,1.4070247933884297,1.0,1.2,7.0,1.2,2.0,2.0,,,,,,,,,,,,,,,,,,,,,,,,,,,,,,,,,,,,,,,,,,,,,,,,,,,,,,,,,,,,,,,,,,,,,,,,,,,,,,,,,,,,,,,,,,,,,2026-05-02 12:30:00,,,,,,,,,,,,,,,,,,,,,,,,,,,,,,,2026-05-02,aston villa,tottenham
Bournemouth,Crystal Palace,2026-05-02 15:00:00,2026,5,5,,,,,,,,,,,,,,,,,,,,,,,,,,,,,,,,,,,,,,,,,,,,,,,,,,,,,,,,,,,,,,,,,,,,,,,,,,,,,,,,,,,,,,,,,,,,,,,,,,,,,,,,,,,,,,,,,,,,,,,,,,,,,,,,,,,,,,,,,,,1.3712574850299402,1.1467181467181466,1.4,1.2,7.0,1.4,1.2,7.0,,,,,,,,,,,,,,,,,,,,,,,,,,,,,,,,,,,,,,,,,,,,,,,,,,,,,,,,,,,,,,,,,,,,,,,,,,,,,,,,,,,,,,,,,,,,,2026-05-02 15:00:00,,,,,,,,,,,,,,,,,,,,,,,,,,,,,,,2026-05-02,bournemouth,crystal palace
Brentford,West Ham,2026-05-02 15:00:00,2026,5,5,,,,,,,,,,,,,,,,,,,,,,,,,,,,,,,,,,,,,,,,,,,,,,,,,,,,,,,,,,,,,,,,,,,,,,,,,,,,,,,,,,,,,,,,,,,,,,,,,,,,,,,,,,,,,,,,,,,,,,,,,,,,,,,,,,,,,,,,,,,1.6666666666666667,1.0928074245939676,1.2,1.4,5.0,1.4,2.0,6.0,,,,,,,,,,,,,,,,,,,,,,,,,,,,,,,,,,,,,,,,,,,,,,,,,,,,,,,,,,,,,,,,,,,,,,,,,,,,,,,,,,,,,,,,,,,,,2026-05-02 15:00:00,,,,,,,,,,,,,,,,,,,,,,,,,,,,,,,2026-05-02,brentford,west ham
Newcastle,Brighton,2026-05-02 15:00:00,2026,5,5,,,,,,,,,,,,,,,,,,,,,,,,,,,,,,,,,,,,,,,,,,,,,,,,,,,,,,,,,,,,,,,,,,,,,,,,,,,,,,,,,,,,,,,,,,,,,,,,,,,,,,,,,,,,,,,,,,,,,,,,,,,,,,,,,,,,,,,,,,,1.5672645739910314,1.1987951807228916,1.4,2.2,3.0,1.0,0.8,7.0,,,,,,,,,,,,,,,,,,,,,,,,,,,,,,,,,,,,,,,,,,,,,,,,,,,,,,,,,,,,,,,,,,,,,,,,,,,,,,,,,,,,,,,,,,,,,2026-05-02 15:00:00,,,,,,,,,,,,,,,,,,,,,,,,,,,,,,,2026-05-02,newcastle,brighton
Wolves,Sunderland,2026-05-02 15:00:00,2026,5,5,,,,,,,,,,,,,,,,,,,,,,,,,,,,,,,,,,,,,,,,,,,,,,,,,,,,,,,,,,,,,,,,,,,,,,,,,,,,,,,,,,,,,,,,,,,,,,,,,,,,,,,,,,,,,,,,,,,,,,,,,,,,,,,,,,,,,,,,,,,1.2126696832579185,0.8571428571428571,1.4,1.6,7.0,1.0,1.6,7.0,,,,,,,,,,,,,,,,,,,,,,,,,,,,,,,,,,,,,,,,,,,,,,,,,,,,,,,,,,,,,,,,,,,,,,,,,,,,,,,,,,,,,,,,,,,,,2026-05-02 15:00:00,,,,,,,,,,,,,,,,,,,,,,,,,,,,,,,2026-05-02,wolves,sunderland
Arsenal,Fulham,2026-05-02 17:30:00,2026,5,5,,,,,,,,,,,,,,,,,,,,,,,,,,,,,,,,,,,,,,,,,,,,,,,,,,,,,,,,,,,,,,,,,,,,,,,,,,,,,,,,,,,,,,,,,,,,,,,,,,,,,,,,,,,,,,,,,,,,,,,,,,,,,,,,,,,,,,,,,,,2.1434511434511436,0.9457142857142856,1.8,0.8,10.0,1.0,1.6,4.0,,,,,,,,,,,,,,,,,,,,,,,,,,,,,,,,,,,,,,,,,,,,,,,,,,,,,,,,,,,,,,,,,,,,,,,,,,,,,,,,,,,,,,,,,,,,,2026-05-02 17:30:00,,,,,,,,,,,,,,,,,,,,,,,,,,,,,,,2026-05-02,arsenal,fulham
Man United,Liverpool,2026-05-03 15:30:00,2026,5,6,,,,,,,,,,,,,,,,,,,,,,,,,,,,,,,,,,,,,,,,,,,,,,,,,,,,,,,,,,,,,,,,,,,,,,,,,,,,,,,,,,,,,,,,,,,,,,,,,,,,,,,,,,,,,,,,,,,,,,,,,,,,,,,,,,,,,,,,,,,2.0352697095435683,1.6440329218106997,2.4,0.8,15.0,1.2,1.4,6.0,,,,,,,,,,,,,,,,,,,,,,,,,,,,,,,,,,,,,,,,,,,,,,,,,,,,,,,,,,,,,,,,,,,,,,,,,,,,,,,,,,,,,,,,,,,,,2026-05-03 15:30:00,,,,,,,,,,,,,,,,,,,,,,,,,,,,,,,2026-05-03,man united,liverpool
Chelsea,Nott'm Forest,2026-05-04 15:00:00,2026,5,0,,,,,,,,,,,,,,,,,,,,,,,,,,,,,,,,,,,,,,,,,,,,,,,,,,,,,,,,,,,,,,,,,,,,,,,,,,,,,,,,,,,,,,,,,,,,,,,,,,,,,,,,,,,,,,,,,,,,,,,,,,,,,,,,,,,,,,,,,,,2.033126293995859,1.1527777777777777,1.6,1.2,8.0,1.8,1.4,7.0,,,,,,,,,,,,,,,,,,,,,,,,,,,,,,,,,,,,,,,,,,,,,,,,,,,,,,,,,,,,,,,,,,,,,,,,,,,,,,,,,,,,,,,,,,,,,2026-05-04 15:00:00,,,,,,,,,,,,,,,,,,,,,,,,,,,,,,,2026-05-04,chelsea,nott'm forest
Everton,Man City,2026-05-04 20:00:00,2026,5,0,,,,,,,,,,,,,,,,,,,,,,,,,,,,,,,,,,,,,,,,,,,,,,,,,,,,,,,,,,,,,,,,,,,,,,,,,,,,,,,,,,,,,,,,,,,,,,,,,,,,,,,,,,,,,,,,,,,,,,,,,,,,,,,,,,,,,,,,,,,1.5051546391752575,1.6314655172413792,1.4,0.8,7.0,1.2,1.2,8.0,,,,,,,,,,,,,,,,,,,,,,,,,,,,,,,,,,,,,,,,,,,,,,,,,,,,,,,,,,,,,,,,,,,,,,,,,,,,,,,,,,,,,,,,,,,,,2026-05-04 20:00:00,,,,,,,,,,,,,,,,,,,,,,,,,,,,,,,2026-05-04,everton,man city
Liverpool,Chelsea,2026-05-09 12:30:00,2026,5,5,,,,,,,,,,,,,,,,,,,,,,,,,,,,,,,,,,,,,,,,,,,,,,,,,,,,,,,,,,,,,,,,,,,,,,,,,,,,,,,,,,,,,,,,,,,,,,,,,,,,,,,,,,,,,,,,,,,,,,,,,,,,,,,,,,,,,,,,,,,2.074688796680498,1.5838509316770186,2.4,1.4,8.0,2.2,1.6,9.0,,,,,,,,,,,,,,,,,,,,,,,,,,,,,,,,,,,,,,,,,,,,,,,,,,,,,,,,,,,,,,,,,,,,,,,,,,,,,,,,,,,,,,,,,,,,,2026-05-09 12:30:00,,,,,,,,,,,,,,,,,,,,,,,,,,,,,,,2026-05-09,liverpool,chelsea
Brighton,Wolves,2026-05-09 15:00:00,2026,5,5,,,,,,,,,,,,,,,,,,,,,,,,,,,,,,,,,,,,,,,,,,,,,,,,,,,,,,,,,,,,,,,,,,,,,,,,,,,,,,,,,,,,,,,,,,,,,,,,,,,,,,,,,,,,,,,,,,,,,,,,,,,,,,,,,,,,,,,,,,,1.3313253012048192,0.9592760180995475,1.0,1.0,7.0,0.6,1.2,3.0,,,,,,,,,,,,,,,,,,,,,,,,,,,,,,,,,,,,,,,,,,,,,,,,,,,,,,,,,,,,,,,,,,,,,,,,,,,,,,,,,,,,,,,,,,,,,2026-05-09 15:00:00,,,,,,,,,,,,,,,,,,,,,,,,,,,,,,,2026-05-09,brighton,wolves
Burnley,Aston Villa,2026-05-09 15:00:00,2026,5,5,,,,,,,,,,,,,,,,,,,,,,,,,,,,,,,,,,,,,,,,,,,,,,,,,,,,,,,,,,,,,,,,,,,,,,,,,,,,,,,,,,,,,,,,,,,,,,,,,,,,,,,,,,,,,,,,,,,,,,,,,,,,,,,,,,,,,,,,,,,1.0486486486486486,1.1502347417840375,1.4,2.0,3.0,0.8,1.2,5.0,,,,,,,,,,,,,,,,,,,,,,,,,,,,,,,,,,,,,,,,,,,,,,,,,,,,,,,,,,,,,,,,,,,,,,,,,,,,,,,,,,,,,,,,,,,,,2026-05-09 15:00:00,,,,,,,,,,,,,,,,,,,,,,,,,,,,,,,2026-05-09,burnley,aston villa
Crystal Palace,Everton,2026-05-09 15:00:00,2026,5,5,,,,,,,,,,,,,,,,,,,,,,,,,,,,,,,,,,,,,,,,,,,,,,,,,,,,,,,,,,,,,,,,,,,,,,,,,,,,,,,,,,,,,,,,,,,,,,,,,,,,,,,,,,,,,,,,,,,,,,,,,,,,,,,,,,,,,,,,,,,1.1867704280155642,1.0518672199170125,0.8,1.2,5.0,1.4,1.2,10.0,,,,,,,,,,,,,,,,,,,,,,,,,,,,,,,,,,,,,,,,,,,,,,,,,,,,,,,,,,,,,,,,,,,,,,,,,,,,,,,,,,,,,,,,,,,,,2026-05-09 15:00:00,,,,,,,,,,,,,,,,,,,,,,,,,,,,,,,2026-05-09,crystal palace,everton
Fulham,Bournemouth,2026-05-09 15:00:00,2026,5,5,,,,,,,,,,,,,,,,,,,,,,,,,,,,,,,,,,,,,,,,,,,,,,,,,,,,,,,,,,,,,,,,,,,,,,,,,,,,,,,,,,,,,,,,,,,,,,,,,,,,,,,,,,,,,,,,,,,,,,,,,,,,,,,,,,,,,,,,,,,1.369318181818182,1.2469879518072289,1.6,1.2,9.0,1.0,0.4,9.0,,,,,,,,,,,,,,,,,,,,,,,,,,,,,,,,,,,,,,,,,,,,,,,,,,,,,,,,,,,,,,,,,,,,,,,,,,,,,,,,,,,,,,,,,,,,,2026-05-09 15:00:00,,,,,,,,,,,,,,,,,,,,,,,,,,,,,,,2026-05-09,fulham,bournemouth
Sunderland,Man United,2026-05-09 15:00:00,2026,5,5,,,,,,,,,,,,,,,,,,,,,,,,,,,,,,,,,,,,,,,,,,,,,,,,,,,,,,,,,,,,,,,,,,,,,,,,,,,,,,,,,,,,,,,,,,,,,,,,,,,,,,,,,,,,,,,,,,,,,,,,,,,,,,,,,,,,,,,,,,,1.1035714285714286,1.5942028985507246,1.2,1.2,6.0,1.6,1.4,8.0,,,,,,,,,,,,,,,,,,,,,,,,,,,,,,,,,,,,,,,,,,,,,,,,,,,,,,,,,,,,,,,,,,,,,,,,,,,,,,,,,,,,,,,,,,,,,2026-05-09 15:00:00,,,,,,,,,,,,,,,,,,,,,,,,,,,,,,,2026-05-09,sunderland,man united
Man City,Brentford,2026-05-09 17:30:00,2026,5,5,,,,,,,,,,,,,,,,,,,,,,,,,,,,,,,,,,,,,,,,,,,,,,,,,,,,,,,,,,,,,,,,,,,,,,,,,,,,,,,,,,,,,,,,,,,,,,,,,,,,,,,,,,,,,,,,,,,,,,,,,,,,,,,,,,,,,,,,,,,2.1900647948164145,1.3406593406593406,2.0,0.8,11.0,1.6,1.0,11.0,,,,,,,,,,,,,,,,,,,,,,,,,,,,,,,,,,,,,,,,,,,,,,,,,,,,,,,,,,,,,,,,,,,,,,,,,,,,,,,,,,,,,,,,,,,,,2026-05-09 17:30:00,,,,,,,,,,,,,,,,,,,,,,,,,,,,,,,2026-05-09,man city,brentford
Nott'm Forest,Newcastle,2026-05-10 14:00:00,2026,5,6,,,,,,,,,,,,,,,,,,,,,,,,,,,,,,,,,,,,,,,,,,,,,,,,,,,,,,,,,,,,,,,,,,,,,,,,,,,,,,,,,,,,,,,,,,,,,,,,,,,,,,,,,,,,,,,,,,,,,,,,,,,,,,,,,,,,,,,,,,,1.295774647887324,1.1101123595505618,0.2,0.4,4.0,1.0,1.4,7.0,,,,,,,,,,,,,,,,,,,,,,,,,,,,,,,,,,,,,,,,,,,,,,,,,,,,,,,,,,,,,,,,,,,,,,,,,,,,,,,,,,,,,,,,,,,,,2026-05-10 14:00:00,,,,,,,,,,,,,,,,,,,,,,,,,,,,,,,2026-05-10,nott'm forest,newcastle
West Ham,Arsenal,2026-05-10 16:30:00,2026,5,6,,,,,,,,,,,,,,,,,,,,,,,,,,,,,,,,,,,,,,,,,,,,,,,,,,,,,,,,,,,,,,,,,,,,,,,,,,,,,,,,,,,,,,,,,,,,,,,,,,,,,,,,,,,,,,,,,,,,,,,,,,,,,,,,,,,,,,,,,,,1.4292343387470998,1.6556701030927834,1.2,1.0,6.0,2.4,0.8,11.0,,,,,,,,,,,,,,,,,,,,,,,,,,,,,,,,,,,,,,,,,,,,,,,,,,,,,,,,,,,,,,,,,,,,,,,,,,,,,,,,,,,,,,,,,,,,,2026-05-10 16:30:00,,,,,,,,,,,,,,,,,,,,,,,,,,,,,,,2026-05-10,west ham,arsenal
Tottenham,Leeds,2026-05-11 20:00:00,2026,5,0,,,,,,,,,,,,,,,,,,,,,,,,,,,,,,,,,,,,,,,,,,,,,,,,,,,,,,,,,,,,,,,,,,,,,,,,,,,,,,,,,,,,,,,,,,,,,,,,,,,,,,,,,,,,,,,,,,,,,,,,,,,,,,,,,,,,,,,,,,,1.8041237113402064,1.2937062937062938,1.0,2.8,1.0,1.4,1.6,4.0,,,,,,,,,,,,,,,,,,,,,,,,,,,,,,,,,,,,,,,,,,,,,,,,,,,,,,,,,,,,,,,,,,,,,,,,,,,,,,,,,,,,,,,,,,,,,2026-05-11 20:00:00,,,,,,,,,,,,,,,,,,,,,,,,,,,,,,,2026-05-11,tottenham,leeds
Arsenal,Burnley,2026-05-17 15:00:00,2026,5,6,,,,,,,,,,,,,,,,,,,,,,,,,,,,,,,,,,,,,,,,,,,,,,,,,,,,,,,,,,,,,,,,,,,,,,,,,,,,,,,,,,,,,,,,,,,,,,,,,,,,,,,,,,,,,,,,,,,,,,,,,,,,,,,,,,,,,,,,,,,2.1434511434511436,0.9623655913978496,1.8,0.8,10.0,1.0,2.2,4.0,,,,,,,,,,,,,,,,,,,,,,,,,,,,,,,,,,,,,,,,,,,,,,,,,,,,,,,,,,,,,,,,,,,,,,,,,,,,,,,,,,,,,,,,,,,,,2026-05-17 15:00:00,,,,,,,,,,,,,,,,,,,,,,,,,,,,,,,2026-05-17,arsenal,burnley
Aston Villa,Liverpool,2026-05-17 15:00:00,2026,5,6,,,,,,,,,,,,,,,,,,,,,,,,,,,,,,,,,,,,,,,,,,,,,,,,,,,,,,,,,,,,,,,,,,,,,,,,,,,,,,,,,,,,,,,,,,,,,,,,,,,,,,,,,,,,,,,,,,,,,,,,,,,,,,,,,,,,,,,,,,,1.3723653395784543,1.6440329218106997,1.0,1.2,7.0,1.2,1.4,6.0,,,,,,,,,,,,,,,,,,,,,,,,,,,,,,,,,,,,,,,,,,,,,,,,,,,,,,,,,,,,,,,,,,,,,,,,,,,,,,,,,,,,,,,,,,,,,2026-05-17 15:00:00,,,,,,,,,,,,,,,,,,,,,,,,,,,,,,,2026-05-17,aston villa,liverpool
Bournemouth,Man City,2026-05-17 15:00:00,2026,5,6,,,,,,,,,,,,,,,,,,,,,,,,,,,,,,,,,,,,,,,,,,,,,,,,,,,,,,,,,,,,,,,,,,,,,,,,,,,,,,,,,,,,,,,,,,,,,,,,,,,,,,,,,,,,,,,,,,,,,,,,,,,,,,,,,,,,,,,,,,,1.3712574850299402,1.6314655172413792,1.4,1.2,7.0,1.2,1.2,8.0,,,,,,,,,,,,,,,,,,,,,,,,,,,,,,,,,,,,,,,,,,,,,,,,,,,,,,,,,,,,,,,,,,,,,,,,,,,,,,,,,,,,,,,,,,,,,2026-05-17 15:00:00,,,,,,,,,,,,,,,,,,,,,,,,,,,,,,,2026-05-17,bournemouth,man city
Brentford,Crystal Palace,2026-05-17 15:00:00,2026,5,6,,,,,,,,,,,,,,,,,,,,,,,,,,,,,,,,,,,,,,,,,,,,,,,,,,,,,,,,,,,,,,,,,,,,,,,,,,,,,,,,,,,,,,,,,,,,,,,,,,,,,,,,,,,,,,,,,,,,,,,,,,,,,,,,,,,,,,,,,,,1.6666666666666667,1.1467181467181466,1.2,1.4,5.0,1.4,1.2,7.0,,,,,,,,,,,,,,,,,,,,,,,,,,,,,,,,,,,,,,,,,,,,,,,,,,,,,,,,,,,,,,,,,,,,,,,,,,,,,,,,,,,,,,,,,,,,,2026-05-17 15:00:00,,,,,,,,,,,,,,,,,,,,,,,,,,,,,,,2026-05-17,brentford,crystal palace
Chelsea,Tottenham,2026-05-17 15:00:00,2026,5,6,,,,,,,,,,,,,,,,,,,,,,,,,,,,,,,,,,,,,,,,,,,,,,,,,,,,,,,,,,,,,,,,,,,,,,,,,,,,,,,,,,,,,,,,,,,,,,,,,,,,,,,,,,,,,,,,,,,,,,,,,,,,,,,,,,,,,,,,,,,2.033126293995859,1.4070247933884297,1.6,1.2,8.0,1.2,2.0,2.0,,,,,,,,,,,,,,,,,,,,,,,,,,,,,,,,,,,,,,,,,,,,,,,,,,,,,,,,,,,,,,,,,,,,,,,,,,,,,,,,,,,,,,,,,,,,,2026-05-17 15:00:00,,,,,,,,,,,,,,,,,,,,,,,,,,,,,,,2026-05-17,chelsea,tottenham
Everton,Sunderland,2026-05-17 15:00:00,2026,5,6,,,,,,,,,,,,,,,,,,,,,,,,,,,,,,,,,,,,,,,,,,,,,,,,,,,,,,,,,,,,,,,,,,,,,,,,,,,,,,,,,,,,,,,,,,,,,,,,,,,,,,,,,,,,,,,,,,,,,,,,,,,,,,,,,,,,,,,,,,,1.5051546391752575,0.8571428571428571,1.4,0.8,7.0,1.0,1.6,7.0,,,,,,,,,,,,,,,,,,,,,,,,,,,,,,,,,,,,,,,,,,,,,,,,,,,,,,,,,,,,,,,,,,,,,,,,,,,,,,,,,,,,,,,,,,,,,2026-05-17 15:00:00,,,,,,,,,,,,,,,,,,,,,,,,,,,,,,,2026-05-17,everton,sunderland
Leeds,Brighton,2026-05-17 15:00:00,2026,5,6,,,,,,,,,,,,,,,,,,,,,,,,,,,,,,,,,,,,,,,,,,,,,,,,,,,,,,,,,,,,,,,,,,,,,,,,,,,,,,,,,,,,,,,,,,,,,,,,,,,,,,,,,,,,,,,,,,,,,,,,,,,,,,,,,,,,,,,,,,,1.4109589041095891,1.1987951807228916,0.6,1.4,4.0,1.0,0.8,7.0,,,,,,,,,,,,,,,,,,,,,,,,,,,,,,,,,,,,,,,,,,,,,,,,,,,,,,,,,,,,,,,,,,,,,,,,,,,,,,,,,,,,,,,,,,,,,2026-05-17 15:00:00,,,,,,,,,,,,,,,,,,,,,,,,,,,,,,,2026-05-17,leeds,brighton
Man United,Nott'm Forest,2026-05-17 15:00:00,2026,5,6,,,,,,,,,,,,,,,,,,,,,,,,,,,,,,,,,,,,,,,,,,,,,,,,,,,,,,,,,,,,,,,,,,,,,,,,,,,,,,,,,,,,,,,,,,,,,,,,,,,,,,,,,,,,,,,,,,,,,,,,,,,,,,,,,,,,,,,,,,,2.0352697095435683,1.1527777777777777,2.4,0.8,15.0,1.8,1.4,7.0,,,,,,,,,,,,,,,,,,,,,,,,,,,,,,,,,,,,,,,,,,,,,,,,,,,,,,,,,,,,,,,,,,,,,,,,,,,,,,,,,,,,,,,,,,,,,2026-05-17 15:00:00,,,,,,,,,,,,,,,,,,,,,,,,,,,,,,,2026-05-17,man united,nott'm forest
Newcastle,West Ham,2026-05-17 15:00:00,2026,5,6,,,,,,,,,,,,,,,,,,,,,,,,,,,,,,,,,,,,,,,,,,,,,,,,,,,,,,,,,,,,,,,,,,,,,,,,,,,,,,,,,,,,,,,,,,,,,,,,,,,,,,,,,,,,,,,,,,,,,,,,,,,,,,,,,,,,,,,,,,,1.5672645739910314,1.0928074245939676,1.4,2.2,3.0,1.4,2.0,6.0,,,,,,,,,,,,,,,,,,,,,,,,,,,,,,,,,,,,,,,,,,,,,,,,,,,,,,,,,,,,,,,,,,,,,,,,,,,,,,,,,,,,,,,,,,,,,2026-05-17 15:00:00,,,,,,,,,,,,,,,,,,,,,,,,,,,,,,,2026-05-17,newcastle,west ham
Wolves,Fulham,2026-05-17 15:00:00,2026,5,6,,,,,,,,,,,,,,,,,,,,,,,,,,,,,,,,,,,,,,,,,,,,,,,,,,,,,,,,,,,,,,,,,,,,,,,,,,,,,,,,,,,,,,,,,,,,,,,,,,,,,,,,,,,,,,,,,,,,,,,,,,,,,,,,,,,,,,,,,,,1.2126696832579185,0.9457142857142856,1.4,1.6,7.0,1.0,1.6,4.0,,,,,,,,,,,,,,,,,,,,,,,,,,,,,,,,,,,,,,,,,,,,,,,,,,,,,,,,,,,,,,,,,,,,,,,,,,,,,,,,,,,,,,,,,,,,,2026-05-17 15:00:00,,,,,,,,,,,,,,,,,,,,,,,,,,,,,,,2026-05-17,wolves,fulham
Man City,Crystal Palace,2026-05-22 15:00:00,2026,5,4,,,,,,,,,,,,,,,,,,,,,,,,,,,,,,,,,,,,,,,,,,,,,,,,,,,,,,,,,,,,,,,,,,,,,,,,,,,,,,,,,,,,,,,,,,,,,,,,,,,,,,,,,,,,,,,,,,,,,,,,,,,,,,,,,,,,,,,,,,,2.1900647948164145,1.1467181467181466,2.0,0.8,11.0,1.4,1.2,7.0,,,,,,,,,,,,,,,,,,,,,,,,,,,,,,,,,,,,,,,,,,,,,,,,,,,,,,,,,,,,,,,,,,,,,,,,,,,,,,,,,,,,,,,,,,,,,2026-05-22 15:00:00,,,,,,,,,,,,,,,,,,,,,,,,,,,,,,,2026-05-22,man city,crystal palace
Brighton,Man United,2026-05-24 16:00:00,2026,5,6,,,,,,,,,,,,,,,,,,,,,,,,,,,,,,,,,,,,,,,,,,,,,,,,,,,,,,,,,,,,,,,,,,,,,,,,,,,,,,,,,,,,,,,,,,,,,,,,,,,,,,,,,,,,,,,,,,,,,,,,,,,,,,,,,,,,,,,,,,,1.3313253012048192,1.5942028985507246,1.0,1.0,7.0,1.6,1.4,8.0,,,,,,,,,,,,,,,,,,,,,,,,,,,,,,,,,,,,,,,,,,,,,,,,,,,,,,,,,,,,,,,,,,,,,,,,,,,,,,,,,,,,,,,,,,,,,2026-05-24 16:00:00,,,,,,,,,,,,,,,,,,,,,,,,,,,,,,,2026-05-24,brighton,man united
Burnley,Wolves,2026-05-24 16:00:00,2026,5,6,,,,,,,,,,,,,,,,,,,,,,,,,,,,,,,,,,,,,,,,,,,,,,,,,,,,,,,,,,,,,,,,,,,,,,,,,,,,,,,,,,,,,,,,,,,,,,,,,,,,,,,,,,,,,,,,,,,,,,,,,,,,,,,,,,,,,,,,,,,1.0486486486486486,0.9592760180995475,1.4,2.0,3.0,0.6,1.2,3.0,,,,,,,,,,,,,,,,,,,,,,,,,,,,,,,,,,,,,,,,,,,,,,,,,,,,,,,,,,,,,,,,,,,,,,,,,,,,,,,,,,,,,,,,,,,,,2026-05-24 16:00:00,,,,,,,,,,,,,,,,,,,,,,,,,,,,,,,2026-05-24,burnley,wolves
Crystal Palace,Arsenal,2026-05-24 16:00:00,2026,5,6,,,,,,,,,,,,,,,,,,,,,,,,,,,,,,,,,,,,,,,,,,,,,,,,,,,,,,,,,,,,,,,,,,,,,,,,,,,,,,,,,,,,,,,,,,,,,,,,,,,,,,,,,,,,,,,,,,,,,,,,,,,,,,,,,,,,,,,,,,,1.1867704280155642,1.6556701030927834,0.8,1.2,5.0,2.4,0.8,11.0,,,,,,,,,,,,,,,,,,,,,,,,,,,,,,,,,,,,,,,,,,,,,,,,,,,,,,,,,,,,,,,,,,,,,,,,,,,,,,,,,,,,,,,,,,,,,2026-05-24 16:00:00,,,,,,,,,,,,,,,,,,,,,,,,,,,,,,,2026-05-24,crystal palace,arsenal
Fulham,Newcastle,2026-05-24 16:00:00,2026,5,6,,,,,,,,,,,,,,,,,,,,,,,,,,,,,,,,,,,,,,,,,,,,,,,,,,,,,,,,,,,,,,,,,,,,,,,,,,,,,,,,,,,,,,,,,,,,,,,,,,,,,,,,,,,,,,,,,,,,,,,,,,,,,,,,,,,,,,,,,,,1.369318181818182,1.1101123595505618,1.6,1.2,9.0,1.0,1.4,7.0,,,,,,,,,,,,,,,,,,,,,,,,,,,,,,,,,,,,,,,,,,,,,,,,,,,,,,,,,,,,,,,,,,,,,,,,,,,,,,,,,,,,,,,,,,,,,2026-05-24 16:00:00,,,,,,,,,,,,,,,,,,,,,,,,,,,,,,,2026-05-24,fulham,newcastle
Liverpool,Brentford,2026-05-24 16:00:00,2026,5,6,,,,,,,,,,,,,,,,,,,,,,,,,,,,,,,,,,,,,,,,,,,,,,,,,,,,,,,,,,,,,,,,,,,,,,,,,,,,,,,,,,,,,,,,,,,,,,,,,,,,,,,,,,,,,,,,,,,,,,,,,,,,,,,,,,,,,,,,,,,2.074688796680498,1.3406593406593406,2.4,1.4,8.0,1.6,1.0,11.0,,,,,,,,,,,,,,,,,,,,,,,,,,,,,,,,,,,,,,,,,,,,,,,,,,,,,,,,,,,,,,,,,,,,,,,,,,,,,,,,,,,,,,,,,,,,,2026-05-24 16:00:00,,,,,,,,,,,,,,,,,,,,,,,,,,,,,,,2026-05-24,liverpool,brentford
Man City,Aston Villa,2026-05-24 16:00:00,2026,5,6,,,,,,,,,,,,,,,,,,,,,,,,,,,,,,,,,,,,,,,,,,,,,,,,,,,,,,,,,,,,,,,,,,,,,,,,,,,,,,,,,,,,,,,,,,,,,,,,,,,,,,,,,,,,,,,,,,,,,,,,,,,,,,,,,,,,,,,,,,,2.1900647948164145,1.1502347417840375,2.0,0.8,11.0,0.8,1.2,5.0,,,,,,,,,,,,,,,,,,,,,,,,,,,,,,,,,,,,,,,,,,,,,,,,,,,,,,,,,,,,,,,,,,,,,,,,,,,,,,,,,,,,,,,,,,,,,2026-05-24 16:00:00,,,,,,,,,,,,,,,,,,,,,,,,,,,,,,,2026-05-24,man city,aston villa
Nott'm Forest,Bournemouth,2026-05-24 16:00:00,2026,5,6,,,,,,,,,,,,,,,,,,,,,,,,,,,,,,,,,,,,,,,,,,,,,,,,,,,,,,,,,,,,,,,,,,,,,,,,,,,,,,,,,,,,,,,,,,,,,,,,,,,,,,,,,,,,,,,,,,,,,,,,,,,,,,,,,,,,,,,,,,,1.295774647887324,1.2469879518072289,0.2,0.4,4.0,1.0,0.4,9.0,,,,,,,,,,,,,,,,,,,,,,,,,,,,,,,,,,,,,,,,,,,,,,,,,,,,,,,,,,,,,,,,,,,,,,,,,,,,,,,,,,,,,,,,,,,,,2026-05-24 16:00:00,,,,,,,,,,,,,,,,,,,,,,,,,,,,,,,2026-05-24,nott'm forest,bournemouth
Sunderland,Chelsea,2026-05-24 16:00:00,2026,5,6,,,,,,,,,,,,,,,,,,,,,,,,,,,,,,,,,,,,,,,,,,,,,,,,,,,,,,,,,,,,,,,,,,,,,,,,,,,,,,,,,,,,,,,,,,,,,,,,,,,,,,,,,,,,,,,,,,,,,,,,,,,,,,,,,,,,,,,,,,,1.1035714285714286,1.5838509316770186,1.2,1.2,6.0,2.2,1.6,9.0,,,,,,,,,,,,,,,,,,,,,,,,,,,,,,,,,,,,,,,,,,,,,,,,,,,,,,,,,,,,,,,,,,,,,,,,,,,,,,,,,,,,,,,,,,,,,2026-05-24 16:00:00,,,,,,,,,,,,,,,,,,,,,,,,,,,,,,,2026-05-24,sunderland,chelsea
Tottenham,Everton,2026-05-24 16:00:00,2026,5,6,,,,,,,,,,,,,,,,,,,,,,,,,,,,,,,,,,,,,,,,,,,,,,,,,,,,,,,,,,,,,,,,,,,,,,,,,,,,,,,,,,,,,,,,,,,,,,,,,,,,,,,,,,,,,,,,,,,,,,,,,,,,,,,,,,,,,,,,,,,1.8041237113402064,1.0518672199170125,1.0,2.8,1.0,1.4,1.2,10.0,,,,,,,,,,,,,,,,,,,,,,,,,,,,,,,,,,,,,,,,,,,,,,,,,,,,,,,,,,,,,,,,,,,,,,,,,,,,,,,,,,,,,,,,,,,,,2026-05-24 16:00:00,,,,,,,,,,,,,,,,,,,,,,,,,,,,,,,2026-05-24,tottenham,everton
West Ham,Leeds,2026-05-24 16:00:00,2026,5,6,,,,,,,,,,,,,,,,,,,,,,,,,,,,,,,,,,,,,,,,,,,,,,,,,,,,,,,,,,,,,,,,,,,,,,,,,,,,,,,,,,,,,,,,,,,,,,,,,,,,,,,,,,,,,,,,,,,,,,,,,,,,,,,,,,,,,,,,,,,1.4292343387470998,1.2937062937062938,1.2,1.0,6.0,1.4,1.6,4.0,,,,,,,,,,,,,,,,,,,,,,,,,,,,,,,,,,,,,,,,,,,,,,,,,,,,,,,,,,,,,,,,,,,,,,,,,,,,,,,,,,,,,,,,,,,,,2026-05-24 16:00:00,,,,,,,,,,,,,,,,,,,,,,,,,,,,,,,2026-05-24,west ham,leeds
