match_id,kickoff_time_utc,home_team,away_team,prob_homewin,pred_label,odds_B365H,is_predicted_fixture,generated_at
0,2026-09-06,Everton,Man United,0.2325632556679754,0,3.71,1,2026-09-06T12:09:36.254082+00:00
1,2026-09-06,Arsenal,Chelsea,0.581525904225989,1,1.73,1,2026-09-06T12:09:36.254082+00:00
2,2026-09-12,Aston Villa,Nott'm Forest,0.4270016049945666,0,2.09,1,2026-09-06T12:09:36.254082+00:00
3,2026-09-12,Bournemouth,Brentford,0.3571591200312773,0,2.5,1,2026-09-06T12:09:36.254082+00:00
4,2026-09-12,Chelsea,Hull City,0.6030827576070288,1,1.24,1,2026-09-06T12:09:36.254082+00:00
5,2026-09-12,Crystal Palace,Ipswich Town,0.5307326466256228,1,1.89,1,2026-09-06T12:09:36.254082+00:00
6,2026-09-12,Liverpool,Fulham,0.7760382386206115,1,1.43,1,2026-09-06T12:09:36.254082+00:00
7,2026-09-12,Tottenham,Everton,0.2302025777401428,0,1.96,1,2026-09-06T12:09:36.254082+00:00
8,2026-09-12,Sunderland,Arsenal,0.0856914424853954,0,6.59,1,2026-09-06T12:09:36.254082+00:00
9,2026-09-13,Coventry City,Brighton,0.0575244538350235,0,4.37,1,2026-09-06T12:09:36.254082+00:00
10,2026-09-13,Man United,Man City,0.1276678433316508,0,2.97,1,2026-09-06T12:09:36.254082+00:00
11,2026-09-14,Leeds,Newcastle,0.453783656443398,0,2.27,1,2026-09-06T12:09:36.254082+00:00
12,2026-09-18,Brentford,Chelsea,0.3714832359221804,0,2.62,1,2026-09-06T12:09:36.254082+00:00
13,2026-09-19,Tottenham,Aston Villa,0.3935692561319471,0,2.3,1,2026-09-06T12:09:36.254082+00:00
14,2026-09-19,Brighton,Arsenal,0.0791584712128229,0,4.33,1,2026-09-06T12:09:36.254082+00:00
15,2026-09-19,Everton,Ipswich Town,0.6413063705570548,1,1.7,1,2026-09-06T12:09:36.254082+00:00
16,2026-09-19,Newcastle,Hull City,0.5446227776967347,1,1.4,1,2026-09-06T12:09:36.254082+00:00
17,2026-09-19,Nott'm Forest,Coventry City,0.5951725925245049,1,1.75,1,2026-09-06T12:09:36.254082+00:00
18,2026-09-20,Bournemouth,Liverpool,0.0451369934532322,0,3.0,1,2026-09-06T12:09:36.254082+00:00
19,2026-09-20,Leeds,Crystal Palace,0.4109153994685984,0,2.15,1,2026-09-06T12:09:36.254082+00:00
20,2026-09-20,Man City,Sunderland,0.8039878972431327,1,1.25,1,2026-09-06T12:09:36.254082+00:00
21,2026-09-20,Fulham,Man United,0.1319884246254424,0,3.6,1,2026-09-06T12:09:36.254082+00:00
22,2026-10-10,Arsenal,Leeds,0.4361656140144813,0,,0,2026-09-06T12:09:36.254082+00:00
23,2026-10-10,Aston Villa,Brentford,0.4106094826690959,0,,0,2026-09-06T12:09:36.254082+00:00
24,2026-10-10,Chelsea,Bournemouth,0.3982415386581234,0,,0,2026-09-06T12:09:36.254082+00:00
25,2026-10-10,Ipswich Town,Fulham,0.5121796926980294,1,,0,2026-09-06T12:09:36.254082+00:00
26,2026-10-10,Sunderland,Brighton,0.4912934511191585,0,,0,2026-09-06T12:09:36.254082+00:00
27,2026-10-10,Man United,Tottenham,0.420814186134352,0,,0,2026-09-06T12:09:36.254082+00:00
28,2026-10-11,Crystal Palace,Nott'm Forest,0.4124021796765814,0,,0,2026-09-06T12:09:36.254082+00:00
29,2026-10-11,Hull City,Everton,0.3868028010959955,0,,0,2026-09-06T12:09:36.254082+00:00
30,2026-10-11,Liverpool,Man City,0.4785754986360331,0,,0,2026-09-06T12:09:36.254082+00:00
31,2026-10-12,Coventry City,Newcastle,0.4776727373906411,0,,0,2026-09-06T12:09:36.254082+00:00
32,2026-10-17,Everton,Chelsea,0.4986469467402545,0,,0,2026-09-06T12:09:36.254082+00:00
33,2026-10-17,Brentford,Liverpool,0.4814704163006209,0,,0,2026-09-06T12:09:36.254082+00:00
34,2026-10-17,Fulham,Hull City,0.4115268278619155,0,,0,2026-09-06T12:09:36.254082+00:00
35,2026-10-17,Man City,Ipswich Town,0.363638253959693,0,,0,2026-09-06T12:09:36.254082+00:00
36,2026-10-17,Newcastle,Aston Villa,0.3497555016342543,0,,0,2026-09-06T12:09:36.254082+00:00
37,2026-10-18,Bournemouth,Sunderland,0.5022988340241429,1,,0,2026-09-06T12:09:36.254082+00:00
38,2026-10-18,Brighton,Crystal Palace,0.4351241579711237,0,,0,2026-09-06T12:09:36.254082+00:00
39,2026-10-18,Leeds,Man United,0.4752535469406225,0,,0,2026-09-06T12:09:36.254082+00:00
40,2026-10-18,Nott'm Forest,Arsenal,0.3792332145803683,0,,0,2026-09-06T12:09:36.254082+00:00
41,2026-10-19,Tottenham,Coventry City,0.3751863407286483,0,,0,2026-09-06T12:09:36.254082+00:00
42,2026-10-23,Ipswich Town,Nott'm Forest,0.4344055718391971,0,,0,2026-09-06T12:09:36.254082+00:00
43,2026-10-24,Aston Villa,Man City,0.4719462917695767,0,,0,2026-09-06T12:09:36.254082+00:00
44,2026-10-24,Arsenal,Everton,0.3737494783080411,0,,0,2026-09-06T12:09:36.254082+00:00
45,2026-10-24,Coventry City,Fulham,0.5121796926980294,1,,0,2026-09-06T12:09:36.254082+00:00
46,2026-10-24,Chelsea,Tottenham,0.4643048320606686,0,,0,2026-09-06T12:09:36.254082+00:00
47,2026-10-25,Crystal Palace,Newcastle,0.4280262298583426,0,,0,2026-09-06T12:09:36.254082+00:00
48,2026-10-25,Hull City,Brentford,0.436976355003303,0,,0,2026-09-06T12:09:36.254082+00:00
49,2026-10-25,Liverpool,Brighton,0.4442521370203895,0,,0,2026-09-06T12:09:36.254082+00:00
50,2026-10-25,Man United,Bournemouth,0.3356075010486787,0,,0,2026-09-06T12:09:36.254082+00:00
51,2026-10-25,Sunderland,Leeds,0.4912934511191585,0,,0,2026-09-06T12:09:36.254082+00:00
52,2026-10-31,Chelsea,Man United,0.5130942939986926,1,,0,2026-09-06T12:09:36.254082+00:00
53,2026-10-31,Bournemouth,Leeds,0.4515407831764177,0,,0,2026-09-06T12:09:36.254082+00:00
54,2026-10-31,Brentford,Nott'm Forest,0.4361656140144813,0,,0,2026-09-06T12:09:36.254082+00:00
55,2026-10-31,Coventry City,Sunderland,0.4821874857574063,0,,0,2026-09-06T12:09:36.254082+00:00
56,2026-10-31,Hull City,Ipswich Town,0.3666901923200054,0,,0,2026-09-06T12:09:36.254082+00:00
57,2026-10-31,Man City,Brighton,0.4076573585089338,0,,0,2026-09-06T12:09:36.254082+00:00
58,2026-10-31,Tottenham,Crystal Palace,0.4039250659158427,0,,0,2026-09-06T12:09:36.254082+00:00
59,2026-10-31,Aston Villa,Fulham,0.538883251587342,1,,0,2026-09-06T12:09:36.254082+00:00
60,2026-11-01,Liverpool,Arsenal,0.4251117672820533,0,,0,2026-09-06T12:09:36.254082+00:00
61,2026-11-02,Newcastle,Everton,0.350075584737139,0,,0,2026-09-06T12:09:36.254082+00:00
62,2026-11-07,Arsenal,Hull City,0.3911006770208212,0,,0,2026-09-06T12:09:36.254082+00:00
63,2026-11-07,Brighton,Brentford,0.4386742215982233,0,,0,2026-09-06T12:09:36.254082+00:00
64,2026-11-07,Crystal Palace,Liverpool,0.4453938480245027,0,,0,2026-09-06T12:09:36.254082+00:00
65,2026-11-07,Everton,Coventry City,0.3911006770208212,0,,0,2026-09-06T12:09:36.254082+00:00
66,2026-11-07,Fulham,Newcastle,0.5110159929368244,1,,0,2026-09-06T12:09:36.254082+00:00
67,2026-11-07,Ipswich Town,Bournemouth,0.3813208391657154,0,,0,2026-09-06T12:09:36.254082+00:00
68,2026-11-07,Leeds,Tottenham,0.4269074711849803,0,,0,2026-09-06T12:09:36.254082+00:00
69,2026-11-07,Man United,Aston Villa,0.3464927878130583,0,,0,2026-09-06T12:09:36.254082+00:00
70,2026-11-07,Nott'm Forest,Man City,0.4312553742854673,0,,0,2026-09-06T12:09:36.254082+00:00
71,2026-11-07,Sunderland,Chelsea,0.5187235989253735,1,,0,2026-09-06T12:09:36.254082+00:00
72,2026-11-21,Aston Villa,Sunderland,0.5015188149271832,1,,0,2026-09-06T12:09:36.254082+00:00
73,2026-11-21,Bournemouth,Nott'm Forest,0.4515407831764177,0,,0,2026-09-06T12:09:36.254082+00:00
74,2026-11-21,Brentford,Everton,0.3737494783080411,0,,0,2026-09-06T12:09:36.254082+00:00
75,2026-11-21,Chelsea,Leeds,0.4442521370203895,0,,0,2026-09-06T12:09:36.254082+00:00
76,2026-11-21,Coventry City,Crystal Palace,0.4334294220712868,0,,0,2026-09-06T12:09:36.254082+00:00
77,2026-11-21,Hull City,Brighton,0.4344055718391971,0,,0,2026-09-06T12:09:36.254082+00:00
78,2026-11-21,Liverpool,Man United,0.5130942939986926,1,,0,2026-09-06T12:09:36.254082+00:00
79,2026-11-21,Man City,Fulham,0.4847469440036776,0,,0,2026-09-06T12:09:36.254082+00:00
80,2026-11-21,Newcastle,Arsenal,0.4155326088395782,0,,0,2026-09-06T12:09:36.254082+00:00
81,2026-11-21,Tottenham,Ipswich Town,0.3751863407286483,0,,0,2026-09-06T12:09:36.254082+00:00
82,2026-11-28,Arsenal,Man City,0.4850738992140827,0,,0,2026-09-06T12:09:36.254082+00:00
83,2026-11-28,Brighton,Newcastle,0.4793940913656603,0,,0,2026-09-06T12:09:36.254082+00:00
84,2026-11-28,Crystal Palace,Hull City,0.3486067435746707,0,,0,2026-09-06T12:09:36.254082+00:00
85,2026-11-28,Everton,Liverpool,0.4814704163006209,0,,0,2026-09-06T12:09:36.254082+00:00
86,2026-11-28,Fulham,Bournemouth,0.4132596949256549,0,,0,2026-09-06T12:09:36.254082+00:00
87,2026-11-28,Ipswich Town,Aston Villa,0.3935498196229043,0,,0,2026-09-06T12:09:36.254082+00:00
88,2026-11-28,Leeds,Coventry City,0.3605734819005179,0,,0,2026-09-06T12:09:36.254082+00:00
89,2026-11-28,Man United,Brentford,0.3887837376363574,0,,0,2026-09-06T12:09:36.254082+00:00
90,2026-11-28,Nott'm Forest,Chelsea,0.4446228176247691,0,,0,2026-09-06T12:09:36.254082+00:00
91,2026-11-28,Sunderland,Tottenham,0.5115151468486206,1,,0,2026-09-06T12:09:36.254082+00:00
92,2026-12-02,Aston Villa,Everton,0.3974250712432376,0,,0,2026-09-06T12:09:36.254082+00:00
93,2026-12-02,Bournemouth,Brighton,0.4515407831764177,0,,0,2026-09-06T12:09:36.254082+00:00
94,2026-12-02,Brentford,Arsenal,0.4314849476067442,0,,0,2026-09-06T12:09:36.254082+00:00
95,2026-12-02,Chelsea,Crystal Palace,0.4509768948500577,0,,0,2026-09-06T12:09:36.254082+00:00
96,2026-12-02,Coventry City,Ipswich Town,0.3576833149144868,0,,0,2026-09-06T12:09:36.254082+00:00
97,2026-12-02,Hull City,Nott'm Forest,0.4344055718391971,0,,0,2026-09-06T12:09:36.254082+00:00
98,2026-12-02,Liverpool,Sunderland,0.4851866205369978,0,,0,2026-09-06T12:09:36.254082+00:00
99,2026-12-02,Man City,Leeds,0.4076573585089338,0,,0,2026-09-06T12:09:36.254082+00:00
100,2026-12-02,Newcastle,Man United,0.4559409405099991,0,,0,2026-09-06T12:09:36.254082+00:00
101,2026-12-02,Tottenham,Fulham,0.4740962280042837,0,,0,2026-09-06T12:09:36.254082+00:00
102,2026-12-05,Aston Villa,Crystal Palace,0.4444041572626067,0,,0,2026-09-06T12:09:36.254082+00:00
103,2026-12-05,Bournemouth,Hull City,0.372106693442076,0,,0,2026-09-06T12:09:36.254082+00:00
104,2026-12-05,Brentford,Man City,0.4850738992140827,0,,0,2026-09-06T12:09:36.254082+00:00
105,2026-12-05,Chelsea,Liverpool,0.5130942939986926,1,,0,2026-09-06T12:09:36.254082+00:00
106,2026-12-05,Everton,Fulham,0.5139684973030917,1,,0,2026-09-06T12:09:36.254082+00:00
107,2026-12-05,Leeds,Ipswich Town,0.3516334276681547,0,,0,2026-09-06T12:09:36.254082+00:00
108,2026-12-05,Man United,Coventry City,0.3546643592731823,0,,0,2026-09-06T12:09:36.254082+00:00
109,2026-12-05,Newcastle,Sunderland,0.4184492821773046,0,,0,2026-09-06T12:09:36.254082+00:00
110,2026-12-05,Nott'm Forest,Brighton,0.4177102129277698,0,,0,2026-09-06T12:09:36.254082+00:00
111,2026-12-05,Tottenham,Arsenal,0.4244654107532846,0,,0,2026-09-06T12:09:36.254082+00:00
112,2026-12-12,Arsenal,Bournemouth,0.3683413880168049,0,,0,2026-09-06T12:09:36.254082+00:00
113,2026-12-12,Brighton,Everton,0.3884402176121054,0,,0,2026-09-06T12:09:36.254082+00:00
114,2026-12-12,Coventry City,Aston Villa,0.3842835219415293,0,,0,2026-09-06T12:09:36.254082+00:00
115,2026-12-12,Crystal Palace,Man United,0.4453938480245027,0,,0,2026-09-06T12:09:36.254082+00:00
116,2026-12-12,Fulham,Brentford,0.4322755942769246,0,,0,2026-09-06T12:09:36.254082+00:00
117,2026-12-12,Hull City,Tottenham,0.4255247418507396,0,,0,2026-09-06T12:09:36.254082+00:00
118,2026-12-12,Ipswich Town,Newcastle,0.4776727373906411,0,,0,2026-09-06T12:09:36.254082+00:00
119,2026-12-12,Liverpool,Leeds,0.4442521370203895,0,,0,2026-09-06T12:09:36.254082+00:00
120,2026-12-12,Man City,Chelsea,0.4694551029384515,0,,0,2026-09-06T12:09:36.254082+00:00
121,2026-12-12,Sunderland,Nott'm Forest,0.4912934511191585,0,,0,2026-09-06T12:09:36.254082+00:00
122,2026-12-19,Arsenal,Man United,0.4814704163006209,0,,0,2026-09-06T12:09:36.254082+00:00
123,2026-12-19,Bournemouth,Coventry City,0.372106693442076,0,,0,2026-09-06T12:09:36.254082+00:00
124,2026-12-19,Brentford,Newcastle,0.463872651700435,0,,0,2026-09-06T12:09:36.254082+00:00
125,2026-12-19,Brighton,Ipswich Town,0.372106693442076,0,,0,2026-09-06T12:09:36.254082+00:00
126,2026-12-19,Chelsea,Aston Villa,0.3941212015148306,0,,0,2026-09-06T12:09:36.254082+00:00
127,2026-12-19,Leeds,Fulham,0.4843173305302197,0,,0,2026-09-06T12:09:36.254082+00:00
128,2026-12-19,Liverpool,Tottenham,0.4643048320606686,0,,0,2026-09-06T12:09:36.254082+00:00
129,2026-12-19,Man City,Hull City,0.3546643592731823,0,,0,2026-09-06T12:09:36.254082+00:00
130,2026-12-19,Nott'm Forest,Everton,0.3244986677151273,0,,0,2026-09-06T12:09:36.254082+00:00
131,2026-12-19,Sunderland,Crystal Palace,0.4395658518020249,0,,0,2026-09-06T12:09:36.254082+00:00
132,2026-12-26,Aston Villa,Leeds,0.460885237930522,0,,0,2026-09-06T12:09:36.254082+00:00
133,2026-12-26,Coventry City,Chelsea,0.5124926386065265,1,,0,2026-09-06T12:09:36.254082+00:00
134,2026-12-26,Crystal Palace,Arsenal,0.4052240491146569,0,,0,2026-09-06T12:09:36.254082+00:00
135,2026-12-26,Everton,Sunderland,0.4769945099433318,0,,0,2026-09-06T12:09:36.254082+00:00
136,2026-12-26,Fulham,Brighton,0.4596799632248241,0,,0,2026-09-06T12:09:36.254082+00:00
137,2026-12-26,Hull City,Liverpool,0.4953103598084623,0,,0,2026-09-06T12:09:36.254082+00:00
138,2026-12-26,Ipswich Town,Brentford,0.436976355003303,0,,0,2026-09-06T12:09:36.254082+00:00
139,2026-12-26,Man United,Nott'm Forest,0.4012329544366282,0,,0,2026-09-06T12:09:36.254082+00:00
140,2026-12-26,Newcastle,Man City,0.4687739714040653,0,,0,2026-09-06T12:09:36.254082+00:00
141,2026-12-26,Tottenham,Bournemouth,0.3531526290832154,0,,0,2026-09-06T12:09:36.254082+00:00
142,2026-12-30,Aston Villa,Liverpool,0.5064513565696473,1,,0,2026-09-06T12:09:36.254082+00:00
143,2026-12-30,Coventry City,Brentford,0.436976355003303,0,,0,2026-09-06T12:09:36.254082+00:00
144,2026-12-30,Crystal Palace,Bournemouth,0.3352608385512337,0,,0,2026-09-06T12:09:36.254082+00:00
145,2026-12-30,Everton,Man City,0.4850738992140827,0,,0,2026-09-06T12:09:36.254082+00:00
146,2026-12-30,Fulham,Arsenal,0.4404016341382654,0,,0,2026-09-06T12:09:36.254082+00:00
147,2026-12-30,Hull City,Leeds,0.4344055718391971,0,,0,2026-09-06T12:09:36.254082+00:00
148,2026-12-30,Ipswich Town,Chelsea,0.5124926386065265,1,,0,2026-09-06T12:09:36.254082+00:00
149,2026-12-30,Man United,Sunderland,0.4479377170295718,0,,0,2026-09-06T12:09:36.254082+00:00
150,2026-12-30,Newcastle,Nott'm Forest,0.3886462754197601,0,,0,2026-09-06T12:09:36.254082+00:00
151,2026-12-30,Tottenham,Brighton,0.3973940798926356,0,,0,2026-09-06T12:09:36.254082+00:00
152,2027-01-02,Arsenal,Ipswich Town,0.234109091778751,0,,0,2026-09-06T12:09:36.254082+00:00
153,2027-01-02,Bournemouth,Aston Villa,0.2241654125862927,0,,0,2026-09-06T12:09:36.254082+00:00
154,2027-01-02,Brentford,Crystal Palace,0.2714163497863709,0,,0,2026-09-06T12:09:36.254082+00:00
155,2027-01-02,Brighton,Man United,0.3191511139020133,0,,0,2026-09-06T12:09:36.254082+00:00
156,2027-01-02,Chelsea,Newcastle,0.3938906829194455,0,,0,2026-09-06T12:09:36.254082+00:00
157,2027-01-02,Leeds,Everton,0.2596761010760038,0,,0,2026-09-06T12:09:36.254082+00:00
158,2027-01-02,Liverpool,Coventry City,0.3084671668466781,0,,0,2026-09-06T12:09:36.254082+00:00
159,2027-01-02,Man City,Tottenham,0.276981076052683,0,,0,2026-09-06T12:09:36.254082+00:00
160,2027-01-02,Nott'm Forest,Fulham,0.2835864904856377,0,,0,2026-09-06T12:09:36.254082+00:00
161,2027-01-02,Sunderland,Hull City,0.2421783856756425,0,,0,2026-09-06T12:09:36.254082+00:00
162,2027-01-06,Arsenal,Brentford,0.2337687206162835,0,,0,2026-09-06T12:09:36.254082+00:00
163,2027-01-06,Brighton,Bournemouth,0.2114706869175218,0,,0,2026-09-06T12:09:36.254082+00:00
164,2027-01-06,Crystal Palace,Chelsea,0.3086980359119965,0,,0,2026-09-06T12:09:36.254082+00:00
165,2027-01-06,Everton,Aston Villa,0.1878502780648526,0,,0,2026-09-06T12:09:36.254082+00:00
166,2027-01-06,Fulham,Tottenham,0.350784791448045,0,,0,2026-09-06T12:09:36.254082+00:00
167,2027-01-06,Ipswich Town,Coventry City,0.2160209327115829,0,,0,2026-09-06T12:09:36.254082+00:00
168,2027-01-06,Leeds,Man City,0.3401902859287228,0,,0,2026-09-06T12:09:36.254082+00:00
169,2027-01-06,Man United,Newcastle,0.2447075498113405,0,,0,2026-09-06T12:09:36.254082+00:00
170,2027-01-06,Nott'm Forest,Hull City,0.227429066855543,0,,0,2026-09-06T12:09:36.254082+00:00
171,2027-01-06,Sunderland,Liverpool,0.2983816737078402,0,,0,2026-09-06T12:09:36.254082+00:00
172,2027-01-16,Aston Villa,Man United,0.3451193894918964,0,,0,2026-09-06T12:09:36.254082+00:00
173,2027-01-16,Bournemouth,Ipswich Town,0.2528101000272761,0,,0,2026-09-06T12:09:36.254082+00:00
174,2027-01-16,Brentford,Brighton,0.2530722273934902,0,,0,2026-09-06T12:09:36.254082+00:00
175,2027-01-16,Chelsea,Sunderland,0.3556215844872407,0,,0,2026-09-06T12:09:36.254082+00:00
176,2027-01-16,Coventry City,Everton,0.1744616020918075,0,,0,2026-09-06T12:09:36.254082+00:00
177,2027-01-16,Hull City,Arsenal,0.2118246947757157,0,,0,2026-09-06T12:09:36.254082+00:00
178,2027-01-16,Liverpool,Crystal Palace,0.3521752829417583,0,,0,2026-09-06T12:09:36.254082+00:00
179,2027-01-16,Man City,Nott'm Forest,0.2107973602073797,0,,0,2026-09-06T12:09:36.254082+00:00
180,2027-01-16,Newcastle,Fulham,0.3142160119969754,0,,0,2026-09-06T12:09:36.254082+00:00
181,2027-01-16,Tottenham,Leeds,0.2579907464809315,0,,0,2026-09-06T12:09:36.254082+00:00
182,2027-01-23,Arsenal,Newcastle,0.28295376199819,0,,0,2026-09-06T12:09:36.254082+00:00
183,2027-01-23,Brighton,Man City,0.2939383000062649,0,,0,2026-09-06T12:09:36.254082+00:00
184,2027-01-23,Crystal Palace,Tottenham,0.2944293626407982,0,,0,2026-09-06T12:09:36.254082+00:00
185,2027-01-23,Everton,Brentford,0.2267037547562402,0,,0,2026-09-06T12:09:36.254082+00:00
186,2027-01-23,Fulham,Aston Villa,0.2965882108150232,0,,0,2026-09-06T12:09:36.254082+00:00
187,2027-01-23,Ipswich Town,Hull City,0.2160209327115829,0,,0,2026-09-06T12:09:36.254082+00:00
188,2027-01-23,Leeds,Chelsea,0.316843317881378,0,,0,2026-09-06T12:09:36.254082+00:00
189,2027-01-23,Man United,Liverpool,0.2762357777041044,0,,0,2026-09-06T12:09:36.254082+00:00
190,2027-01-23,Nott'm Forest,Bournemouth,0.1535759900607639,0,,0,2026-09-06T12:09:36.254082+00:00
191,2027-01-23,Sunderland,Coventry City,0.2421783856756425,0,,0,2026-09-06T12:09:36.254082+00:00
192,2027-01-30,Aston Villa,Ipswich Town,0.2518157193618056,0,,0,2026-09-06T12:09:36.254082+00:00
193,2027-01-30,Bournemouth,Fulham,0.3389235995641854,0,,0,2026-09-06T12:09:36.254082+00:00
194,2027-01-30,Brentford,Man United,0.323368366480071,0,,0,2026-09-06T12:09:36.254082+00:00
195,2027-01-30,Chelsea,Nott'm Forest,0.3104403179960809,0,,0,2026-09-06T12:09:36.254082+00:00
196,2027-01-30,Coventry City,Leeds,0.211790185523244,0,,0,2026-09-06T12:09:36.254082+00:00
197,2027-01-30,Hull City,Crystal Palace,0.2040076281965028,0,,0,2026-09-06T12:09:36.254082+00:00
198,2027-01-30,Liverpool,Everton,0.2818148221226967,0,,0,2026-09-06T12:09:36.254082+00:00
199,2027-01-30,Man City,Arsenal,0.2123367436149114,0,,0,2026-09-06T12:09:36.254082+00:00
200,2027-01-30,Newcastle,Brighton,0.2510332696710359,0,,0,2026-09-06T12:09:36.254082+00:00
201,2027-01-30,Tottenham,Sunderland,0.290370909169363,0,,0,2026-09-06T12:09:36.254082+00:00
202,2027-02-06,Arsenal,Liverpool,0.2974965977852843,0,,0,2026-09-06T12:09:36.254082+00:00
203,2027-02-06,Brighton,Hull City,0.2528101000272761,0,,0,2026-09-06T12:09:36.254082+00:00
204,2027-02-06,Crystal Palace,Coventry City,0.2613045364347295,0,,0,2026-09-06T12:09:36.254082+00:00
205,2027-02-06,Everton,Newcastle,0.28295376199819,0,,0,2026-09-06T12:09:36.254082+00:00
206,2027-02-06,Fulham,Man City,0.3802315764217112,0,,0,2026-09-06T12:09:36.254082+00:00
207,2027-02-06,Ipswich Town,Tottenham,0.2243960939380386,0,,0,2026-09-06T12:09:36.254082+00:00
208,2027-02-06,Leeds,Bournemouth,0.2813571552780425,0,,0,2026-09-06T12:09:36.254082+00:00
209,2027-02-06,Man United,Chelsea,0.2560524885344189,0,,0,2026-09-06T12:09:36.254082+00:00
210,2027-02-06,Nott'm Forest,Brentford,0.1859836368616835,0,,0,2026-09-06T12:09:36.254082+00:00
211,2027-02-06,Sunderland,Aston Villa,0.2031717962391498,0,,0,2026-09-06T12:09:36.254082+00:00
212,2027-02-10,Aston Villa,Bournemouth,0.2316584912546355,0,,0,2026-09-06T12:09:36.254082+00:00
213,2027-02-10,Coventry City,Liverpool,0.2687689962015472,0,,0,2026-09-06T12:09:36.254082+00:00
214,2027-02-10,Crystal Palace,Brentford,0.2789941905510623,0,,0,2026-09-06T12:09:36.254082+00:00
215,2027-02-10,Everton,Leeds,0.2309053545304892,0,,0,2026-09-06T12:09:36.254082+00:00
216,2027-02-10,Fulham,Nott'm Forest,0.3325909419930482,0,,0,2026-09-06T12:09:36.254082+00:00
217,2027-02-10,Hull City,Sunderland,0.245723929073662,0,,0,2026-09-06T12:09:36.254082+00:00
218,2027-02-10,Ipswich Town,Arsenal,0.2310272204785419,0,,0,2026-09-06T12:09:36.254082+00:00
219,2027-02-10,Man United,Brighton,0.2129608598641276,0,,0,2026-09-06T12:09:36.254082+00:00
220,2027-02-10,Newcastle,Chelsea,0.3094079055848803,0,,0,2026-09-06T12:09:36.254082+00:00
221,2027-02-10,Tottenham,Man City,0.3406616074246193,0,,0,2026-09-06T12:09:36.254082+00:00
222,2027-02-20,Arsenal,Fulham,0.2909903456147001,0,,0,2026-09-06T12:09:36.254082+00:00
223,2027-02-20,Bournemouth,Crystal Palace,0.2919614681317894,0,,0,2026-09-06T12:09:36.254082+00:00
224,2027-02-20,Brentford,Coventry City,0.234109091778751,0,,0,2026-09-06T12:09:36.254082+00:00
225,2027-02-20,Brighton,Tottenham,0.3227866596381271,0,,0,2026-09-06T12:09:36.254082+00:00
226,2027-02-20,Chelsea,Ipswich Town,0.3084671668466781,0,,0,2026-09-06T12:09:36.254082+00:00
227,2027-02-20,Leeds,Aston Villa,0.2540087739092641,0,,0,2026-09-06T12:09:36.254082+00:00
228,2027-02-20,Liverpool,Hull City,0.3084671668466781,0,,0,2026-09-06T12:09:36.254082+00:00
229,2027-02-20,Man City,Newcastle,0.2598445775858113,0,,0,2026-09-06T12:09:36.254082+00:00
230,2027-02-20,Nott'm Forest,Man United,0.2241509370975356,0,,0,2026-09-06T12:09:36.254082+00:00
231,2027-02-20,Sunderland,Everton,0.1964754810002073,0,,0,2026-09-06T12:09:36.254082+00:00
232,2027-02-27,Aston Villa,Chelsea,0.2816429989247239,0,,0,2026-09-06T12:09:36.254082+00:00
233,2027-02-27,Coventry City,Bournemouth,0.1711490921467117,0,,0,2026-09-06T12:09:36.254082+00:00
234,2027-02-27,Crystal Palace,Sunderland,0.3117369144030106,0,,0,2026-09-06T12:09:36.254082+00:00
235,2027-02-27,Everton,Nott'm Forest,0.2309053545304892,0,,0,2026-09-06T12:09:36.254082+00:00
236,2027-02-27,Fulham,Leeds,0.3325909419930482,0,,0,2026-09-06T12:09:36.254082+00:00
237,2027-02-27,Hull City,Man City,0.2501357356366409,0,,0,2026-09-06T12:09:36.254082+00:00
238,2027-02-27,Ipswich Town,Brighton,0.211790185523244,0,,0,2026-09-06T12:09:36.254082+00:00
239,2027-02-27,Man United,Arsenal,0.2145117482087564,0,,0,2026-09-06T12:09:36.254082+00:00
240,2027-02-27,Newcastle,Brentford,0.2717032278656957,0,,0,2026-09-06T12:09:36.254082+00:00
241,2027-02-27,Tottenham,Liverpool,0.3461381832603349,0,,0,2026-09-06T12:09:36.254082+00:00
242,2027-03-03,Arsenal,Crystal Palace,0.2318593117695132,0,,0,2026-09-06T12:09:36.254082+00:00
243,2027-03-03,Bournemouth,Tottenham,0.3116789869739348,0,,0,2026-09-06T12:09:36.254082+00:00
244,2027-03-03,Brentford,Ipswich Town,0.234109091778751,0,,0,2026-09-06T12:09:36.254082+00:00
245,2027-03-03,Brighton,Fulham,0.3359342985668521,0,,0,2026-09-06T12:09:36.254082+00:00
246,2027-03-03,Chelsea,Coventry City,0.3084671668466781,0,,0,2026-09-06T12:09:36.254082+00:00
247,2027-03-03,Leeds,Hull City,0.2847659411467518,0,,0,2026-09-06T12:09:36.254082+00:00
248,2027-03-03,Liverpool,Aston Villa,0.2765920248785506,0,,0,2026-09-06T12:09:36.254082+00:00
249,2027-03-03,Man City,Everton,0.1812857341653047,0,,0,2026-09-06T12:09:36.254082+00:00
250,2027-03-03,Nott'm Forest,Newcastle,0.2510040601800488,0,,0,2026-09-06T12:09:36.254082+00:00
251,2027-03-03,Sunderland,Man United,0.3213718818044065,0,,0,2026-09-06T12:09:36.254082+00:00
252,2027-03-13,Aston Villa,Hull City,0.2518157193618056,0,,0,2026-09-06T12:09:36.254082+00:00
253,2027-03-13,Bournemouth,Newcastle,0.3049332703173232,0,,0,2026-09-06T12:09:36.254082+00:00
254,2027-03-13,Chelsea,Arsenal,0.2903948010530132,0,,0,2026-09-06T12:09:36.254082+00:00
255,2027-03-13,Coventry City,Man City,0.2708436013185377,0,,0,2026-09-06T12:09:36.254082+00:00
256,2027-03-13,Crystal Palace,Fulham,0.3694219723350659,0,,0,2026-09-06T12:09:36.254082+00:00
257,2027-03-13,Leeds,Brighton,0.3094492740886455,0,,0,2026-09-06T12:09:36.254082+00:00
258,2027-03-13,Liverpool,Ipswich Town,0.3084671668466781,0,,0,2026-09-06T12:09:36.254082+00:00
259,2027-03-13,Man United,Everton,0.1644384396742469,0,,0,2026-09-06T12:09:36.254082+00:00
260,2027-03-13,Sunderland,Brentford,0.2509411251125175,0,,0,2026-09-06T12:09:36.254082+00:00
261,2027-03-13,Tottenham,Nott'm Forest,0.258707313025382,0,,0,2026-09-06T12:09:36.254082+00:00
262,2027-03-20,Arsenal,Sunderland,0.2697633260087899,0,,0,2026-09-06T12:09:36.254082+00:00
263,2027-03-20,Brentford,Bournemouth,0.1940562553653859,0,,0,2026-09-06T12:09:36.254082+00:00
264,2027-03-20,Brighton,Coventry City,0.2528101000272761,0,,0,2026-09-06T12:09:36.254082+00:00
265,2027-03-20,Everton,Tottenham,0.2672943496903756,0,,0,2026-09-06T12:09:36.254082+00:00
266,2027-03-20,Fulham,Liverpool,0.407249341260166,0,,0,2026-09-06T12:09:36.254082+00:00
267,2027-03-20,Hull City,Chelsea,0.2965328555647522,0,,0,2026-09-06T12:09:36.254082+00:00
268,2027-03-20,Ipswich Town,Crystal Palace,0.2220274132921947,0,,0,2026-09-06T12:09:36.254082+00:00
269,2027-03-20,Man City,Man United,0.2320963776894113,0,,0,2026-09-06T12:09:36.254082+00:00
270,2027-03-20,Newcastle,Leeds,0.251737067944247,0,,0,2026-09-06T12:09:36.254082+00:00
271,2027-03-20,Nott'm Forest,Aston Villa,0.1773761895054899,0,,0,2026-09-06T12:09:36.254082+00:00
272,2027-04-10,Aston Villa,Brighton,0.265015353815557,0,,0,2026-09-06T12:09:36.254082+00:00
273,2027-04-10,Bournemouth,Man City,0.2927722402025622,0,,0,2026-09-06T12:09:36.254082+00:00
274,2027-04-10,Chelsea,Fulham,0.3818520297648419,0,,0,2026-09-06T12:09:36.254082+00:00
275,2027-04-10,Coventry City,Arsenal,0.2303351520571464,0,,0,2026-09-06T12:09:36.254082+00:00
276,2027-04-10,Crystal Palace,Everton,0.2073514284983624,0,,0,2026-09-06T12:09:36.254082+00:00
277,2027-04-10,Leeds,Nott'm Forest,0.279734758005998,0,,0,2026-09-06T12:09:36.254082+00:00
278,2027-04-10,Liverpool,Newcastle,0.3426895894030463,0,,0,2026-09-06T12:09:36.254082+00:00
279,2027-04-10,Man United,Hull City,0.2137996621449523,0,,0,2026-09-06T12:09:36.254082+00:00
280,2027-04-10,Sunderland,Ipswich Town,0.2421783856756425,0,,0,2026-09-06T12:09:36.254082+00:00
281,2027-04-10,Tottenham,Brentford,0.303686496252914,0,,0,2026-09-06T12:09:36.254082+00:00
282,2027-04-17,Arsenal,Aston Villa,0.1884215002395748,0,,0,2026-09-06T12:09:36.254082+00:00
283,2027-04-17,Brentford,Leeds,0.2537798051443187,0,,0,2026-09-06T12:09:36.254082+00:00
284,2027-04-17,Brighton,Chelsea,0.2979738316046456,0,,0,2026-09-06T12:09:36.254082+00:00
285,2027-04-17,Everton,Bournemouth,0.1758417058158208,0,,0,2026-09-06T12:09:36.254082+00:00
286,2027-04-17,Fulham,Sunderland,0.3708929825182523,0,,0,2026-09-06T12:09:36.254082+00:00
287,2027-04-17,Hull City,Coventry City,0.2160209327115829,0,,0,2026-09-06T12:09:36.254082+00:00
288,2027-04-17,Ipswich Town,Man United,0.2680032717113789,0,,0,2026-09-06T12:09:36.254082+00:00
289,2027-04-17,Man City,Crystal Palace,0.1906757804685608,0,,0,2026-09-06T12:09:36.254082+00:00
290,2027-04-17,Newcastle,Tottenham,0.2672792206619024,0,,0,2026-09-06T12:09:36.254082+00:00
291,2027-04-17,Nott'm Forest,Liverpool,0.218030805931554,0,,0,2026-09-06T12:09:36.254082+00:00
292,2027-04-24,Aston Villa,Coventry City,0.2258255934708556,0,,0,2026-09-06T12:09:36.254082+00:00
293,2027-04-24,Bournemouth,Arsenal,0.250109043023229,0,,0,2026-09-06T12:09:36.254082+00:00
294,2027-04-24,Brentford,Fulham,0.3173609087959314,0,,0,2026-09-06T12:09:36.254082+00:00
295,2027-04-24,Chelsea,Man City,0.3368431020723683,0,,0,2026-09-06T12:09:36.254082+00:00
296,2027-04-24,Everton,Brighton,0.2315701696726389,0,,0,2026-09-06T12:09:36.254082+00:00
297,2027-04-24,Leeds,Liverpool,0.3247169929001969,0,,0,2026-09-06T12:09:36.254082+00:00
298,2027-04-24,Man United,Crystal Palace,0.1926831848277826,0,,0,2026-09-06T12:09:36.254082+00:00
299,2027-04-24,Newcastle,Ipswich Town,0.2490258902118707,0,,0,2026-09-06T12:09:36.254082+00:00
300,2027-04-24,Nott'm Forest,Sunderland,0.2474882669773598,0,,0,2026-09-06T12:09:36.254082+00:00
301,2027-04-24,Tottenham,Hull City,0.2559467441868545,0,,0,2026-09-06T12:09:36.254082+00:00
302,2027-05-01,Arsenal,Tottenham,0.3017819521424474,0,,0,2026-09-06T12:09:36.254082+00:00
303,2027-05-01,Brighton,Nott'm Forest,0.2428394129021218,0,,0,2026-09-06T12:09:36.254082+00:00
304,2027-05-01,Coventry City,Man United,0.2680032717113789,0,,0,2026-09-06T12:09:36.254082+00:00
305,2027-05-01,Crystal Palace,Aston Villa,0.2143195515266771,0,,0,2026-09-06T12:09:36.254082+00:00
306,2027-05-01,Fulham,Everton,0.2767894889900112,0,,0,2026-09-06T12:09:36.254082+00:00
307,2027-05-01,Hull City,Bournemouth,0.186948169953106,0,,0,2026-09-06T12:09:36.254082+00:00
308,2027-05-01,Ipswich Town,Leeds,0.2302985083271541,0,,0,2026-09-06T12:09:36.254082+00:00
309,2027-05-01,Liverpool,Chelsea,0.3424485514461037,0,,0,2026-09-06T12:09:36.254082+00:00
310,2027-05-01,Man City,Brentford,0.1929125645987938,0,,0,2026-09-06T12:09:36.254082+00:00
311,2027-05-01,Sunderland,Newcastle,0.2830210554268849,0,,0,2026-09-06T12:09:36.254082+00:00
312,2027-05-08,Bournemouth,Man United,0.2897933420422289,0,,0,2026-09-06T12:09:36.254082+00:00
313,2027-05-08,Brentford,Aston Villa,0.2076108731837515,0,,0,2026-09-06T12:09:36.254082+00:00
314,2027-05-08,Brighton,Sunderland,0.2822086235281629,0,,0,2026-09-06T12:09:36.254082+00:00
315,2027-05-08,Everton,Hull City,0.234109091778751,0,,0,2026-09-06T12:09:36.254082+00:00
316,2027-05-08,Fulham,Ipswich Town,0.2996834134946241,0,,0,2026-09-06T12:09:36.254082+00:00
317,2027-05-08,Leeds,Arsenal,0.260201159989075,0,,0,2026-09-06T12:09:36.254082+00:00
318,2027-05-08,Man City,Liverpool,0.2320963776894113,0,,0,2026-09-06T12:09:36.254082+00:00
319,2027-05-08,Newcastle,Coventry City,0.2490258902118707,0,,0,2026-09-06T12:09:36.254082+00:00
320,2027-05-08,Nott'm Forest,Crystal Palace,0.1785367768312327,0,,0,2026-09-06T12:09:36.254082+00:00
321,2027-05-08,Tottenham,Chelsea,0.318108519952839,0,,0,2026-09-06T12:09:36.254082+00:00
322,2027-05-15,Arsenal,Nott'm Forest,0.2315701696726389,0,,0,2026-09-06T12:09:36.254082+00:00
323,2027-05-15,Aston Villa,Newcastle,0.2747217240792753,0,,0,2026-09-06T12:09:36.254082+00:00
324,2027-05-15,Chelsea,Everton,0.2644951121806204,0,,0,2026-09-06T12:09:36.254082+00:00
325,2027-05-15,Coventry City,Tottenham,0.2436654905557598,0,,0,2026-09-06T12:09:36.254082+00:00
326,2027-05-15,Crystal Palace,Brighton,0.2708317229360305,0,,0,2026-09-06T12:09:36.254082+00:00
327,2027-05-15,Hull City,Fulham,0.2902851903461973,0,,0,2026-09-06T12:09:36.254082+00:00
328,2027-05-15,Ipswich Town,Man City,0.2708436013185377,0,,0,2026-09-06T12:09:36.254082+00:00
329,2027-05-15,Liverpool,Brentford,0.2836337154140184,0,,0,2026-09-06T12:09:36.254082+00:00
330,2027-05-15,Man United,Leeds,0.2135883579547333,0,,0,2026-09-06T12:09:36.254082+00:00
331,2027-05-15,Sunderland,Bournemouth,0.210136571255038,0,,0,2026-09-06T12:09:36.254082+00:00
332,2027-05-23,Bournemouth,Chelsea,0.2979738316046456,0,,0,2026-09-06T12:09:36.254082+00:00
333,2027-05-23,Brentford,Hull City,0.234109091778751,0,,0,2026-09-06T12:09:36.254082+00:00
334,2027-05-23,Brighton,Liverpool,0.2655535612603109,0,,0,2026-09-06T12:09:36.254082+00:00
335,2027-05-23,Everton,Arsenal,0.2173401228775522,0,,0,2026-09-06T12:09:36.254082+00:00
336,2027-05-23,Fulham,Coventry City,0.2996834134946241,0,,0,2026-09-06T12:09:36.254082+00:00
337,2027-05-23,Leeds,Sunderland,0.3136902544699807,0,,0,2026-09-06T12:09:36.254082+00:00
338,2027-05-23,Man City,Aston Villa,0.171189652742238,0,,0,2026-09-06T12:09:36.254082+00:00
339,2027-05-23,Newcastle,Crystal Palace,0.2451066556013383,0,,0,2026-09-06T12:09:36.254082+00:00
340,2027-05-23,Nott'm Forest,Ipswich Town,0.2032720811904326,0,,0,2026-09-06T12:09:36.254082+00:00
341,2027-05-23,Tottenham,Man United,0.3469850894180352,0,,0,2026-09-06T12:09:36.254082+00:00
342,2027-05-30,Arsenal,Brighton,0.2315701696726389,0,,0,2026-09-06T12:09:36.254082+00:00
343,2027-05-30,Aston Villa,Tottenham,0.2810693635263512,0,,0,2026-09-06T12:09:36.254082+00:00
344,2027-05-30,Chelsea,Brentford,0.2836337154140184,0,,0,2026-09-06T12:09:36.254082+00:00
345,2027-05-30,Coventry City,Nott'm Forest,0.2302985083271541,0,,0,2026-09-06T12:09:36.254082+00:00
346,2027-05-30,Crystal Palace,Leeds,0.2708317229360305,0,,0,2026-09-06T12:09:36.254082+00:00
347,2027-05-30,Hull City,Newcastle,0.2543801226601517,0,,0,2026-09-06T12:09:36.254082+00:00
348,2027-05-30,Ipswich Town,Everton,0.1904961848197575,0,,0,2026-09-06T12:09:36.254082+00:00
349,2027-05-30,Liverpool,Bournemouth,0.2600115467618537,0,,0,2026-09-06T12:09:36.254082+00:00
350,2027-05-30,Man United,Fulham,0.2456560742407173,0,,0,2026-09-06T12:09:36.254082+00:00
351,2027-05-30,Sunderland,Man City,0.3005908939418546,0,,0,2026-09-06T12:09:36.254082+00:00
