match_id,date,home,away,prob_home,pred_label,odds_B365H,actual,model_source,snapshot_created_at,prob_platt,prob_isotonic
0,2024-08-31,Everton,Bournemouth,0.1512212045818644,0,2.75,0,lightgbm_homewin_20251109T124027Z.pkl,2025-11-09T14:38:56.888708+00:00,0.3395029557863553,0.1875
1,2024-08-31,Arsenal,Brighton,0.5100826484802966,1,1.33,0,lightgbm_homewin_20251109T124027Z.pkl,2025-11-09T14:38:56.888708+00:00,0.464629669014192,0.5571428571428572
2,2024-08-31,Brentford,Southampton,0.3957583354774908,0,1.75,1,lightgbm_homewin_20251109T124027Z.pkl,2025-11-09T14:38:56.888708+00:00,0.42346013692334766,0.5571428571428572
3,2024-08-31,Ipswich,Fulham,0.3858172609419835,0,3.0,0,lightgbm_homewin_20251109T124027Z.pkl,2025-11-09T14:38:56.888708+00:00,0.41992165024605366,0.5571428571428572
4,2024-08-31,Nott'm Forest,Wolves,0.2514012883352457,0,2.0,0,lightgbm_homewin_20251109T124027Z.pkl,2025-11-09T14:38:56.888708+00:00,0.3730187940659707,0.3333333333333333
5,2024-08-31,West Ham,Man City,0.2261216285045619,0,7.0,0,lightgbm_homewin_20251109T124027Z.pkl,2025-11-09T14:38:56.888708+00:00,0.36443045115348144,0.2727272727272727
6,2024-08-31,Leicester,Aston Villa,0.2462438857014205,0,4.5,0,lightgbm_homewin_20251109T124027Z.pkl,2025-11-09T14:38:56.888708+00:00,0.37125993388332806,0.3333333333333333
7,2024-09-01,Chelsea,Crystal Palace,0.2056282483093961,0,1.6,0,lightgbm_homewin_20251109T124027Z.pkl,2025-11-09T14:38:56.888708+00:00,0.35753069816729655,0.1875
8,2024-09-01,Newcastle,Tottenham,0.3257011527650109,0,2.5,1,lightgbm_homewin_20251109T124027Z.pkl,2025-11-09T14:38:56.888708+00:00,0.3987106895527197,0.5571428571428572
9,2024-09-01,Man United,Liverpool,0.6094733155647434,1,3.7,0,lightgbm_homewin_20251109T124027Z.pkl,2025-11-09T14:38:56.888708+00:00,0.5008379916153983,0.5571428571428572
10,2024-09-14,Southampton,Man United,0.1811377021369921,0,4.5,0,lightgbm_homewin_20251109T124027Z.pkl,2025-11-09T14:38:56.888708+00:00,0.34936216511938084,0.1875
11,2024-09-14,Brighton,Ipswich,0.3098628457468053,0,1.38,0,lightgbm_homewin_20251109T124027Z.pkl,2025-11-09T14:38:56.888708+00:00,0.39318168286958943,0.45454545454545453
12,2024-09-14,Crystal Palace,Leicester,0.213984716096322,0,1.62,0,lightgbm_homewin_20251109T124027Z.pkl,2025-11-09T14:38:56.888708+00:00,0.3603372329346229,0.2727272727272727
13,2024-09-14,Fulham,West Ham,0.3129020528406253,0,2.38,0,lightgbm_homewin_20251109T124027Z.pkl,2025-11-09T14:38:56.888708+00:00,0.39424056935339585,0.45454545454545453
14,2024-09-14,Liverpool,Nott'm Forest,0.442644814596844,0,1.22,0,lightgbm_homewin_20251109T124027Z.pkl,2025-11-09T14:38:56.888708+00:00,0.44024941419998204,0.5571428571428572
15,2024-09-14,Man City,Brentford,0.1900044582003038,0,1.18,1,lightgbm_homewin_20251109T124027Z.pkl,2025-11-09T14:38:56.888708+00:00,0.3523096622851787,0.1875
16,2024-09-14,Aston Villa,Everton,0.3213145606540017,0,1.5,1,lightgbm_homewin_20251109T124027Z.pkl,2025-11-09T14:38:56.888708+00:00,0.3971767169524426,0.5571428571428572
17,2024-09-14,Bournemouth,Chelsea,0.2919180678154151,0,3.4,0,lightgbm_homewin_20251109T124027Z.pkl,2025-11-09T14:38:56.888708+00:00,0.386950307040266,0.3333333333333333
18,2024-09-15,Tottenham,Arsenal,0.3776853888015887,0,3.0,0,lightgbm_homewin_20251109T124027Z.pkl,2025-11-09T14:38:56.888708+00:00,0.41703323379375007,0.5571428571428572
19,2024-09-15,Wolves,Newcastle,0.2594673821217105,0,3.4,0,lightgbm_homewin_20251109T124027Z.pkl,2025-11-09T14:38:56.888708+00:00,0.3757763558562386,0.3333333333333333
20,2024-09-21,West Ham,Chelsea,0.3255810602652937,0,3.6,0,lightgbm_homewin_20251109T124027Z.pkl,2025-11-09T14:38:56.888708+00:00,0.39866866708407966,0.5571428571428572
21,2024-09-21,Aston Villa,Wolves,0.2954440159655381,0,1.57,1,lightgbm_homewin_20251109T124027Z.pkl,2025-11-09T14:38:56.888708+00:00,0.3881718552506905,0.45454545454545453
22,2024-09-21,Fulham,Newcastle,0.4499432222565407,0,3.0,1,lightgbm_homewin_20251109T124027Z.pkl,2025-11-09T14:38:56.888708+00:00,0.44287620748134743,0.5571428571428572
23,2024-09-21,Southampton,Ipswich,0.2334572429345882,0,2.25,0,lightgbm_homewin_20251109T124027Z.pkl,2025-11-09T14:38:56.888708+00:00,0.36691400147250525,0.3333333333333333
24,2024-09-21,Tottenham,Brentford,0.3119849598246894,0,1.55,1,lightgbm_homewin_20251109T124027Z.pkl,2025-11-09T14:38:56.888708+00:00,0.3939209409486673,0.45454545454545453
25,2024-09-21,Crystal Palace,Man United,0.4804093043754779,0,2.88,0,lightgbm_homewin_20251109T124027Z.pkl,2025-11-09T14:38:56.888708+00:00,0.4538742537813461,0.5571428571428572
26,2024-09-21,Leicester,Everton,0.2333692648500858,0,2.45,0,lightgbm_homewin_20251109T124027Z.pkl,2025-11-09T14:38:56.888708+00:00,0.36688417333755635,0.3333333333333333
27,2024-09-21,Liverpool,Bournemouth,0.4081032807224259,0,1.3,1,lightgbm_homewin_20251109T124027Z.pkl,2025-11-09T14:38:56.888708+00:00,0.4278651851688337,0.5571428571428572
28,2024-09-22,Brighton,Nott'm Forest,0.4837546244546921,0,1.75,0,lightgbm_homewin_20251109T124027Z.pkl,2025-11-09T14:38:56.888708+00:00,0.4550848375975492,0.5571428571428572
29,2024-09-22,Man City,Arsenal,0.4462457357933022,0,1.8,0,lightgbm_homewin_20251109T124027Z.pkl,2025-11-09T14:38:56.888708+00:00,0.44154502450946903,0.5571428571428572
30,2024-09-28,Arsenal,Leicester,0.3400109432462604,0,1.17,1,lightgbm_homewin_20251109T124027Z.pkl,2025-11-09T14:38:56.888708+00:00,0.4037284578049467,0.5571428571428572
31,2024-09-28,Newcastle,Man City,0.203673709592891,0,5.25,0,lightgbm_homewin_20251109T124027Z.pkl,2025-11-09T14:38:56.888708+00:00,0.3568756620474921,0.1875
32,2024-09-28,Brentford,West Ham,0.179353354302473,0,2.2,0,lightgbm_homewin_20251109T124027Z.pkl,2025-11-09T14:38:56.888708+00:00,0.34877039077561256,0.1875
33,2024-09-28,Chelsea,Brighton,0.3727249322038798,0,1.73,1,lightgbm_homewin_20251109T124027Z.pkl,2025-11-09T14:38:56.888708+00:00,0.415274073375429,0.5571428571428572
34,2024-09-28,Nott'm Forest,Fulham,0.4100360676742928,0,2.38,0,lightgbm_homewin_20251109T124027Z.pkl,2025-11-09T14:38:56.888708+00:00,0.42855591694584816,0.5571428571428572
35,2024-09-28,Everton,Crystal Palace,0.142699954240572,0,2.7,1,lightgbm_homewin_20251109T124027Z.pkl,2025-11-09T14:38:56.888708+00:00,0.33671953971631696,0.1875
36,2024-09-28,Wolves,Liverpool,0.2079858617577706,0,8.0,0,lightgbm_homewin_20251109T124027Z.pkl,2025-11-09T14:38:56.888708+00:00,0.35832152771060966,0.2727272727272727
37,2024-09-29,Ipswich,Aston Villa,0.2916257777077499,0,4.0,0,lightgbm_homewin_20251109T124027Z.pkl,2025-11-09T14:38:56.888708+00:00,0.3868491080763085,0.3333333333333333
38,2024-09-29,Man United,Tottenham,0.2698057275219493,0,2.35,0,lightgbm_homewin_20251109T124027Z.pkl,2025-11-09T14:38:56.888708+00:00,0.37932252401138966,0.3333333333333333
39,2024-09-30,Bournemouth,Southampton,0.3521353779773827,0,1.65,1,lightgbm_homewin_20251109T124027Z.pkl,2025-11-09T14:38:56.888708+00:00,0.4079957870688546,0.5571428571428572
40,2024-10-05,Brentford,Wolves,0.2489536488893271,0,2.05,1,lightgbm_homewin_20251109T124027Z.pkl,2025-11-09T14:38:56.888708+00:00,0.3721836387061524,0.3333333333333333
41,2024-10-05,Crystal Palace,Liverpool,0.2290744676081185,0,6.0,0,lightgbm_homewin_20251109T124027Z.pkl,2025-11-09T14:38:56.888708+00:00,0.3654293067524628,0.3333333333333333
42,2024-10-05,Arsenal,Southampton,0.2564824385623517,0,1.14,1,lightgbm_homewin_20251109T124027Z.pkl,2025-11-09T14:38:56.888708+00:00,0.37475494106164675,0.3333333333333333
43,2024-10-05,Leicester,Bournemouth,0.274182284909352,0,3.1,1,lightgbm_homewin_20251109T124027Z.pkl,2025-11-09T14:38:56.888708+00:00,0.3808276495128247,0.3333333333333333
44,2024-10-05,West Ham,Ipswich,0.233363425209988,0,1.8,1,lightgbm_homewin_20251109T124027Z.pkl,2025-11-09T14:38:56.888708+00:00,0.3668821934990658,0.3333333333333333
45,2024-10-05,Everton,Newcastle,0.2178329434330194,0,3.2,0,lightgbm_homewin_20251109T124027Z.pkl,2025-11-09T14:38:56.888708+00:00,0.3616328976682826,0.2727272727272727
46,2024-10-05,Man City,Fulham,0.2890267039880559,0,1.25,1,lightgbm_homewin_20251109T124027Z.pkl,2025-11-09T14:38:56.888708+00:00,0.38594966706152056,0.3333333333333333
47,2024-10-06,Aston Villa,Man United,0.3668884296201848,0,2.2,0,lightgbm_homewin_20251109T124027Z.pkl,2025-11-09T14:38:56.888708+00:00,0.41320699995220656,0.5571428571428572
48,2024-10-06,Chelsea,Nott'm Forest,0.3730255553685702,0,1.48,0,lightgbm_homewin_20251109T124027Z.pkl,2025-11-09T14:38:56.888708+00:00,0.4153806244358387,0.5571428571428572
49,2024-10-06,Brighton,Tottenham,0.3523602064798449,0,2.9,1,lightgbm_homewin_20251109T124027Z.pkl,2025-11-09T14:38:56.888708+00:00,0.4080750512501942,0.5571428571428572
50,2024-10-19,Fulham,Aston Villa,0.1656945636986775,0,2.45,0,lightgbm_homewin_20251109T124027Z.pkl,2025-11-09T14:38:56.888708+00:00,0.34425602994015647,0.1875
51,2024-10-19,Tottenham,West Ham,0.4171482481748669,0,1.5,1,lightgbm_homewin_20251109T124027Z.pkl,2025-11-09T14:38:56.888708+00:00,0.4311000179234545,0.5571428571428572
52,2024-10-19,Man United,Brentford,0.3511212433848831,0,1.7,1,lightgbm_homewin_20251109T124027Z.pkl,2025-11-09T14:38:56.888708+00:00,0.4076383094317062,0.5571428571428572
53,2024-10-19,Newcastle,Brighton,0.4019314220918423,0,1.95,0,lightgbm_homewin_20251109T124027Z.pkl,2025-11-09T14:38:56.888708+00:00,0.4256614050277543,0.5571428571428572
54,2024-10-19,Ipswich,Everton,0.1284789899280925,0,2.38,0,lightgbm_homewin_20251109T124027Z.pkl,2025-11-09T14:38:56.888708+00:00,0.33209954328679814,0.1875
55,2024-10-19,Bournemouth,Arsenal,0.1350359598622024,0,5.0,1,lightgbm_homewin_20251109T124027Z.pkl,2025-11-09T14:38:56.888708+00:00,0.33422577378549495,0.1875
56,2024-10-19,Southampton,Leicester,0.1485540493558883,0,2.3,0,lightgbm_homewin_20251109T124027Z.pkl,2025-11-09T14:38:56.888708+00:00,0.33863054115246033,0.1875
57,2024-10-20,Wolves,Man City,0.1826816921444296,0,8.0,0,lightgbm_homewin_20251109T124027Z.pkl,2025-11-09T14:38:56.888708+00:00,0.3498746003380355,0.1875
58,2024-10-20,Liverpool,Chelsea,0.5067046184305697,1,1.62,1,lightgbm_homewin_20251109T124027Z.pkl,2025-11-09T14:38:56.888708+00:00,0.4634034157933278,0.5571428571428572
59,2024-10-21,Nott'm Forest,Crystal Palace,0.2663088743376159,0,2.3,1,lightgbm_homewin_20251109T124027Z.pkl,2025-11-09T14:38:56.888708+00:00,0.378121599567498,0.3333333333333333
60,2024-10-25,Leicester,Nott'm Forest,0.3459683303993059,0,3.0,0,lightgbm_homewin_20251109T124027Z.pkl,2025-11-09T14:38:56.888708+00:00,0.40582344930269204,0.5571428571428572
61,2024-10-26,Aston Villa,Bournemouth,0.2631710977953759,0,1.85,0,lightgbm_homewin_20251109T124027Z.pkl,2025-11-09T14:38:56.888708+00:00,0.3770452635130306,0.3333333333333333
62,2024-10-26,Brentford,Ipswich,0.3559438920243302,0,1.65,1,lightgbm_homewin_20251109T124027Z.pkl,2025-11-09T14:38:56.888708+00:00,0.40933913687741497,0.5571428571428572
63,2024-10-26,Brighton,Wolves,0.2064495234414272,0,1.62,0,lightgbm_homewin_20251109T124027Z.pkl,2025-11-09T14:38:56.888708+00:00,0.35780609601459956,0.1875
64,2024-10-26,Man City,Southampton,0.2975925519739988,0,1.11,1,lightgbm_homewin_20251109T124027Z.pkl,2025-11-09T14:38:56.888708+00:00,0.3889168961798653,0.45454545454545453
65,2024-10-26,Everton,Fulham,0.2332219336197558,0,2.75,0,lightgbm_homewin_20251109T124027Z.pkl,2025-11-09T14:38:56.888708+00:00,0.36683422436536817,0.3333333333333333
66,2024-10-27,Chelsea,Newcastle,0.2994381284342935,0,1.73,1,lightgbm_homewin_20251109T124027Z.pkl,2025-11-09T14:38:56.888708+00:00,0.3895572955089735,0.45454545454545453
67,2024-10-27,Crystal Palace,Tottenham,0.2769660424462968,0,3.9,1,lightgbm_homewin_20251109T124027Z.pkl,2025-11-09T14:38:56.888708+00:00,0.3817861960536196,0.3333333333333333
68,2024-10-27,West Ham,Man United,0.3569922725100122,0,2.88,1,lightgbm_homewin_20251109T124027Z.pkl,2025-11-09T14:38:56.888708+00:00,0.40970916317401435,0.5571428571428572
69,2024-10-27,Arsenal,Liverpool,0.4262852826585601,0,2.5,0,lightgbm_homewin_20251109T124027Z.pkl,2025-11-09T14:38:56.888708+00:00,0.4343737569390289,0.5571428571428572
70,2024-11-02,Liverpool,Brighton,0.522627979368676,1,1.4,1,lightgbm_homewin_20251109T124027Z.pkl,2025-11-09T14:38:56.888708+00:00,0.469187357234517,0.5571428571428572
71,2024-11-02,Bournemouth,Man City,0.0945694055036359,0,5.5,1,lightgbm_homewin_20251109T124027Z.pkl,2025-11-09T14:38:56.888708+00:00,0.3212139405654964,0.0
72,2024-11-02,Ipswich,Leicester,0.1775636790716639,0,2.25,0,lightgbm_homewin_20251109T124027Z.pkl,2025-11-09T14:38:56.888708+00:00,0.348177317680685,0.1875
73,2024-11-02,Wolves,Crystal Palace,0.2039589880152118,0,2.5,0,lightgbm_homewin_20251109T124027Z.pkl,2025-11-09T14:38:56.888708+00:00,0.3569712358143371,0.1875
74,2024-11-02,Nott'm Forest,West Ham,0.2307325339990392,0,2.15,1,lightgbm_homewin_20251109T124027Z.pkl,2025-11-09T14:38:56.888708+00:00,0.36599068887385783,0.3333333333333333
75,2024-11-02,Southampton,Everton,0.2639575938931285,0,2.63,1,lightgbm_homewin_20251109T124027Z.pkl,2025-11-09T14:38:56.888708+00:00,0.3773149379846621,0.3333333333333333
76,2024-11-02,Newcastle,Arsenal,0.3257732083946106,0,3.75,1,lightgbm_homewin_20251109T124027Z.pkl,2025-11-09T14:38:56.888708+00:00,0.3987359037956127,0.5571428571428572
77,2024-11-03,Tottenham,Aston Villa,0.392033437989994,0,1.91,1,lightgbm_homewin_20251109T124027Z.pkl,2025-11-09T14:38:56.888708+00:00,0.4221333338500904,0.5571428571428572
78,2024-11-03,Man United,Chelsea,0.443142447883783,0,2.6,0,lightgbm_homewin_20251109T124027Z.pkl,2025-11-09T14:38:56.888708+00:00,0.44042841444360303,0.5571428571428572
79,2024-11-04,Fulham,Brentford,0.1974774775156651,0,2.0,1,lightgbm_homewin_20251109T124027Z.pkl,2025-11-09T14:38:56.888708+00:00,0.3548026261213031,0.1875
80,2024-11-09,Brighton,Man City,0.3579847322054484,0,4.1,1,lightgbm_homewin_20251109T124027Z.pkl,2025-11-09T14:38:56.888708+00:00,0.4100595464386316,0.5571428571428572
81,2024-11-09,Liverpool,Aston Villa,0.4365505394623541,0,1.42,1,lightgbm_homewin_20251109T124027Z.pkl,2025-11-09T14:38:56.888708+00:00,0.4380585583557518,0.5571428571428572
82,2024-11-09,Brentford,Bournemouth,0.2303953556996644,0,2.5,1,lightgbm_homewin_20251109T124027Z.pkl,2025-11-09T14:38:56.888708+00:00,0.365876498718306,0.3333333333333333
83,2024-11-09,Crystal Palace,Fulham,0.2299785448819434,0,2.7,0,lightgbm_homewin_20251109T124027Z.pkl,2025-11-09T14:38:56.888708+00:00,0.36573536073021895,0.3333333333333333
84,2024-11-09,West Ham,Everton,0.1601236193800989,0,2.15,0,lightgbm_homewin_20251109T124027Z.pkl,2025-11-09T14:38:56.888708+00:00,0.3424227673687843,0.1875
85,2024-11-09,Wolves,Southampton,0.263994261100453,0,1.91,1,lightgbm_homewin_20251109T124027Z.pkl,2025-11-09T14:38:56.888708+00:00,0.37732751232348716,0.3333333333333333
86,2024-11-10,Nott'm Forest,Newcastle,0.2577908724579441,0,2.7,0,lightgbm_homewin_20251109T124027Z.pkl,2025-11-09T14:38:56.888708+00:00,0.3752025360427255,0.3333333333333333
87,2024-11-10,Man United,Leicester,0.3235476989064353,0,1.38,1,lightgbm_homewin_20251109T124027Z.pkl,2025-11-09T14:38:56.888708+00:00,0.3979573854061138,0.5571428571428572
88,2024-11-10,Chelsea,Arsenal,0.1902022336935568,0,2.7,0,lightgbm_homewin_20251109T124027Z.pkl,2025-11-09T14:38:56.888708+00:00,0.3523755364296732,0.1875
89,2024-11-10,Tottenham,Ipswich,0.3187699711927521,0,1.25,0,lightgbm_homewin_20251109T124027Z.pkl,2025-11-09T14:38:56.888708+00:00,0.39628780810520875,0.45454545454545453
90,2024-11-23,Leicester,Chelsea,0.0937113762514837,0,6.5,0,lightgbm_homewin_20251109T124027Z.pkl,2025-11-09T14:38:56.888708+00:00,0.3209409396316344,0.0
91,2024-11-23,Arsenal,Nott'm Forest,0.3262047420649173,0,1.38,1,lightgbm_homewin_20251109T124027Z.pkl,2025-11-09T14:38:56.888708+00:00,0.3988869205090785,0.5571428571428572
92,2024-11-23,Aston Villa,Crystal Palace,0.3364293290444224,0,1.62,0,lightgbm_homewin_20251109T124027Z.pkl,2025-11-09T14:38:56.888708+00:00,0.4024706196328738,0.5571428571428572
93,2024-11-23,Bournemouth,Brighton,0.2593835759868185,0,2.4,0,lightgbm_homewin_20251109T124027Z.pkl,2025-11-09T14:38:56.888708+00:00,0.37574766319021224,0.3333333333333333
94,2024-11-23,Everton,Brentford,0.1440692236819678,0,2.45,0,lightgbm_homewin_20251109T124027Z.pkl,2025-11-09T14:38:56.888708+00:00,0.33716604650474047,0.1875
95,2024-11-23,Fulham,Wolves,0.4113539574826412,0,1.62,0,lightgbm_homewin_20251109T124027Z.pkl,2025-11-09T14:38:56.888708+00:00,0.4290270590490471,0.5571428571428572
96,2024-11-23,Man City,Tottenham,0.3823527541088876,0,1.48,0,lightgbm_homewin_20251109T124027Z.pkl,2025-11-09T14:38:56.888708+00:00,0.4186903850038602,0.5571428571428572
97,2024-11-24,Southampton,Liverpool,0.0846162781005987,0,11.0,0,lightgbm_homewin_20251109T124027Z.pkl,2025-11-09T14:38:56.888708+00:00,0.31805468519754493,0.0
98,2024-11-24,Ipswich,Man United,0.1857516617452004,0,5.25,0,lightgbm_homewin_20251109T124027Z.pkl,2025-11-09T14:38:56.888708+00:00,0.35089452283361344,0.1875
99,2024-11-25,Newcastle,West Ham,0.285707607348754,0,1.5,0,lightgbm_homewin_20251109T124027Z.pkl,2025-11-09T14:38:56.888708+00:00,0.3848021852077505,0.3333333333333333
100,2024-11-29,Brighton,Southampton,0.3836500417924133,0,1.38,0,lightgbm_homewin_20251109T124027Z.pkl,2025-11-09T14:38:56.888708+00:00,0.41915131561885766,0.5571428571428572
101,2024-11-30,Crystal Palace,Newcastle,0.3758291250663577,0,2.9,0,lightgbm_homewin_20251109T124027Z.pkl,2025-11-09T14:38:56.888708+00:00,0.4163746844975963,0.5571428571428572
102,2024-11-30,Wolves,Bournemouth,0.3107734848004843,0,2.8,0,lightgbm_homewin_20251109T124027Z.pkl,2025-11-09T14:38:56.888708+00:00,0.3934988526911262,0.45454545454545453
103,2024-11-30,Brentford,Leicester,0.2433913338223443,0,1.65,1,lightgbm_homewin_20251109T124027Z.pkl,2025-11-09T14:38:56.888708+00:00,0.37028857113788793,0.3333333333333333
104,2024-11-30,West Ham,Arsenal,0.0837566568545031,0,7.0,0,lightgbm_homewin_20251109T124027Z.pkl,2025-11-09T14:38:56.888708+00:00,0.31778260851387125,0.0
105,2024-11-30,Nott'm Forest,Ipswich,0.4050539901719863,0,1.7,1,lightgbm_homewin_20251109T124027Z.pkl,2025-11-09T14:38:56.888708+00:00,0.42677601425681894,0.5571428571428572
106,2024-12-01,Chelsea,Aston Villa,0.3215730496572504,0,1.7,1,lightgbm_homewin_20251109T124027Z.pkl,2025-11-09T14:38:56.888708+00:00,0.3972670537604306,0.5571428571428572
107,2024-12-01,Man United,Everton,0.4908388590420505,0,1.53,1,lightgbm_homewin_20251109T124027Z.pkl,2025-11-09T14:38:56.888708+00:00,0.45765017263390995,0.5571428571428572
108,2024-12-01,Tottenham,Fulham,0.2543141526327672,0,1.7,0,lightgbm_homewin_20251109T124027Z.pkl,2025-11-09T14:38:56.888708+00:00,0.3740136756412649,0.3333333333333333
109,2024-12-01,Liverpool,Man City,0.3366975288733873,0,2.1,1,lightgbm_homewin_20251109T124027Z.pkl,2025-11-09T14:38:56.888708+00:00,0.4025647653450891,0.5571428571428572
110,2024-12-03,Ipswich,Crystal Palace,0.2271992089360349,0,3.0,0,lightgbm_homewin_20251109T124027Z.pkl,2025-11-09T14:38:56.888708+00:00,0.364794829018086,0.2727272727272727
111,2024-12-03,Leicester,West Ham,0.3063024169139293,0,2.9,1,lightgbm_homewin_20251109T124027Z.pkl,2025-11-09T14:38:56.888708+00:00,0.39194247460037285,0.45454545454545453
112,2024-12-04,Everton,Wolves,0.4102590705019166,0,2.1,1,lightgbm_homewin_20251109T124027Z.pkl,2025-11-09T14:38:56.888708+00:00,0.4286356307853009,0.5571428571428572
113,2024-12-04,Man City,Nott'm Forest,0.3938215275535889,0,1.36,1,lightgbm_homewin_20251109T124027Z.pkl,2025-11-09T14:38:56.888708+00:00,0.42277010973282203,0.5571428571428572
114,2024-12-04,Newcastle,Liverpool,0.2265640048074247,0,4.2,0,lightgbm_homewin_20251109T124027Z.pkl,2025-11-09T14:38:56.888708+00:00,0.36458001947635144,0.2727272727272727
115,2024-12-04,Southampton,Chelsea,0.1746966755828762,0,8.5,0,lightgbm_homewin_20251109T124027Z.pkl,2025-11-09T14:38:56.888708+00:00,0.34722821384724983,0.1875
116,2024-12-04,Arsenal,Man United,0.4809935381563445,0,1.44,1,lightgbm_homewin_20251109T124027Z.pkl,2025-11-09T14:38:56.888708+00:00,0.45408563380698685,0.5571428571428572
117,2024-12-04,Aston Villa,Brentford,0.1989879566698117,0,1.8,1,lightgbm_homewin_20251109T124027Z.pkl,2025-11-09T14:38:56.888708+00:00,0.3553074792468325,0.1875
118,2024-12-05,Fulham,Brighton,0.2874140170488435,0,2.35,1,lightgbm_homewin_20251109T124027Z.pkl,2025-11-09T14:38:56.888708+00:00,0.3853919679385585,0.3333333333333333
119,2024-12-05,Bournemouth,Tottenham,0.341642670385009,0,2.63,1,lightgbm_homewin_20251109T124027Z.pkl,2025-11-09T14:38:56.888708+00:00,0.4043019300347055,0.5571428571428572
120,2024-12-07,Crystal Palace,Man City,0.1466700834250658,0,5.5,0,lightgbm_homewin_20251109T124027Z.pkl,2025-11-09T14:38:56.888708+00:00,0.33801496414787935,0.1875
121,2024-12-07,Aston Villa,Southampton,0.4014709989059837,0,1.36,1,lightgbm_homewin_20251109T124027Z.pkl,2025-11-09T14:38:56.888708+00:00,0.4254971193229449,0.5571428571428572
122,2024-12-07,Brentford,Newcastle,0.2072837122052224,0,2.88,1,lightgbm_homewin_20251109T124027Z.pkl,2025-11-09T14:38:56.888708+00:00,0.3580859203102984,0.2727272727272727
123,2024-12-07,Man United,Nott'm Forest,0.4631996532258295,0,1.65,0,lightgbm_homewin_20251109T124027Z.pkl,2025-11-09T14:38:56.888708+00:00,0.4476554538437066,0.5571428571428572
124,2024-12-08,Ipswich,Bournemouth,0.3288108875197064,0,3.5,0,lightgbm_homewin_20251109T124027Z.pkl,2025-11-09T14:38:56.888708+00:00,0.3997993581648821,0.5571428571428572
125,2024-12-08,Fulham,Arsenal,0.1449670157931621,0,5.0,0,lightgbm_homewin_20251109T124027Z.pkl,2025-11-09T14:38:56.888708+00:00,0.3374589664936757,0.1875
126,2024-12-08,Tottenham,Chelsea,0.2738931253174229,0,3.4,0,lightgbm_homewin_20251109T124027Z.pkl,2025-11-09T14:38:56.888708+00:00,0.3807281346826063,0.3333333333333333
127,2024-12-08,Leicester,Brighton,0.26693852398992,0,4.5,0,lightgbm_homewin_20251109T124027Z.pkl,2025-11-09T14:38:56.888708+00:00,0.37833773032270296,0.3333333333333333
128,2024-12-09,West Ham,Wolves,0.308893817878645,0,1.9,1,lightgbm_homewin_20251109T124027Z.pkl,2025-11-09T14:38:56.888708+00:00,0.39284427549503426,0.45454545454545453
129,2024-12-14,Arsenal,Everton,0.1845806916397763,0,1.22,0,lightgbm_homewin_20251109T124027Z.pkl,2025-11-09T14:38:56.888708+00:00,0.35050533529252204,0.1875
130,2024-12-14,Liverpool,Fulham,0.2955016731386645,0,1.33,0,lightgbm_homewin_20251109T124027Z.pkl,2025-11-09T14:38:56.888708+00:00,0.38819184203626145,0.45454545454545453
131,2024-12-14,Newcastle,Leicester,0.2816761955052809,0,1.3,1,lightgbm_homewin_20251109T124027Z.pkl,2025-11-09T14:38:56.888708+00:00,0.3834101636262059,0.3333333333333333
132,2024-12-14,Wolves,Ipswich,0.5293706341796026,1,1.9,0,lightgbm_homewin_20251109T124027Z.pkl,2025-11-09T14:38:56.888708+00:00,0.4716391215676668,0.5571428571428572
133,2024-12-14,Nott'm Forest,Aston Villa,0.1869794026863713,0,2.63,1,lightgbm_homewin_20251109T124027Z.pkl,2025-11-09T14:38:56.888708+00:00,0.35130279198806924,0.1875
134,2024-12-15,Man City,Man United,0.5240718278622479,1,1.57,0,lightgbm_homewin_20251109T124027Z.pkl,2025-11-09T14:38:56.888708+00:00,0.4697122483852856,0.5571428571428572
135,2024-12-15,Brighton,Crystal Palace,0.2713978129895206,0,1.85,0,lightgbm_homewin_20251109T124027Z.pkl,2025-11-09T14:38:56.888708+00:00,0.379869785178563,0.3333333333333333
136,2024-12-15,Southampton,Tottenham,0.2061648135070234,0,4.33,0,lightgbm_homewin_20251109T124027Z.pkl,2025-11-09T14:38:56.888708+00:00,0.3577106137097987,0.1875
137,2024-12-15,Chelsea,Brentford,0.2488123320544322,0,1.33,1,lightgbm_homewin_20251109T124027Z.pkl,2025-11-09T14:38:56.888708+00:00,0.3721354434398818,0.3333333333333333
138,2024-12-16,Bournemouth,West Ham,0.40950347772846,0,1.7,0,lightgbm_homewin_20251109T124027Z.pkl,2025-11-09T14:38:56.888708+00:00,0.42836555414559485,0.5571428571428572
139,2024-12-21,Aston Villa,Man City,0.3543262717090626,0,3.25,1,lightgbm_homewin_20251109T124027Z.pkl,2025-11-09T14:38:56.888708+00:00,0.40876839869401277,0.5571428571428572
140,2024-12-21,Brentford,Nott'm Forest,0.2426593607692922,0,2.3,0,lightgbm_homewin_20251109T124027Z.pkl,2025-11-09T14:38:56.888708+00:00,0.37003948544642334,0.3333333333333333
141,2024-12-21,Ipswich,Newcastle,0.1828087253114264,0,4.75,0,lightgbm_homewin_20251109T124027Z.pkl,2025-11-09T14:38:56.888708+00:00,0.3499167768624616,0.1875
142,2024-12-21,West Ham,Brighton,0.2943720912388072,0,2.88,0,lightgbm_homewin_20251109T124027Z.pkl,2025-11-09T14:38:56.888708+00:00,0.3878003424842032,0.3333333333333333
143,2024-12-21,Crystal Palace,Arsenal,0.0955456639213364,0,6.25,0,lightgbm_homewin_20251109T124027Z.pkl,2025-11-09T14:38:56.888708+00:00,0.3215247074248328,0.0
144,2024-12-22,Leicester,Wolves,0.2554470150882006,0,2.55,0,lightgbm_homewin_20251109T124027Z.pkl,2025-11-09T14:38:56.888708+00:00,0.37440089041681235,0.3333333333333333
145,2024-12-22,Fulham,Southampton,0.3898234299818012,0,1.42,0,lightgbm_homewin_20251109T124027Z.pkl,2025-11-09T14:38:56.888708+00:00,0.42134666180485186,0.5571428571428572
146,2024-12-22,Tottenham,Liverpool,0.1216136751444459,0,4.5,0,lightgbm_homewin_20251109T124027Z.pkl,2025-11-09T14:38:56.888708+00:00,0.32988063780184657,0.1875
147,2024-12-22,Man United,Bournemouth,0.3938553991792975,0,1.8,0,lightgbm_homewin_20251109T124027Z.pkl,2025-11-09T14:38:56.888708+00:00,0.4227821746074262,0.5571428571428572
148,2024-12-22,Everton,Chelsea,0.2136894255727181,0,5.0,0,lightgbm_homewin_20251109T124027Z.pkl,2025-11-09T14:38:56.888708+00:00,0.3602378948917428,0.2727272727272727
149,2024-12-26,Man City,Everton,0.4628650488783463,0,1.33,0,lightgbm_homewin_20251109T124027Z.pkl,2025-11-09T14:38:56.888708+00:00,0.4475346984759725,0.5571428571428572
150,2024-12-26,Bournemouth,Crystal Palace,0.3632914693245472,0,1.9,0,lightgbm_homewin_20251109T124027Z.pkl,2025-11-09T14:38:56.888708+00:00,0.4119346065253277,0.5571428571428572
151,2024-12-26,Chelsea,Fulham,0.2035655032188507,0,1.48,0,lightgbm_homewin_20251109T124027Z.pkl,2025-11-09T14:38:56.888708+00:00,0.3568394138071363,0.1875
152,2024-12-26,Newcastle,Aston Villa,0.3685662141361885,0,1.91,1,lightgbm_homewin_20251109T124027Z.pkl,2025-11-09T14:38:56.888708+00:00,0.41380089937491465,0.5571428571428572
153,2024-12-26,Nott'm Forest,Tottenham,0.3270651032889311,0,2.3,1,lightgbm_homewin_20251109T124027Z.pkl,2025-11-09T14:38:56.888708+00:00,0.3991880643047855,0.5571428571428572
154,2024-12-26,Southampton,West Ham,0.1592577880948791,0,3.25,0,lightgbm_homewin_20251109T124027Z.pkl,2025-11-09T14:38:56.888708+00:00,0.3421382635063279,0.1875
155,2024-12-26,Wolves,Man United,0.3761086605034933,0,3.9,1,lightgbm_homewin_20251109T124027Z.pkl,2025-11-09T14:38:56.888708+00:00,0.4164738366505549,0.5571428571428572
156,2024-12-26,Liverpool,Leicester,0.2733785022595673,0,1.08,1,lightgbm_homewin_20251109T124027Z.pkl,2025-11-09T14:38:56.888708+00:00,0.38055105095270103,0.3333333333333333
157,2024-12-27,Brighton,Brentford,0.2994623909599944,0,1.62,0,lightgbm_homewin_20251109T124027Z.pkl,2025-11-09T14:38:56.888708+00:00,0.3895657169416891,0.45454545454545453
158,2024-12-27,Arsenal,Ipswich,0.3534020181284646,0,1.14,1,lightgbm_homewin_20251109T124027Z.pkl,2025-11-09T14:38:56.888708+00:00,0.4084424084465866,0.5571428571428572
159,2024-12-29,Leicester,Man City,0.163202238360479,0,7.5,0,lightgbm_homewin_20251109T124027Z.pkl,2025-11-09T14:38:56.888708+00:00,0.3434352888879419,0.1875
160,2024-12-29,Everton,Nott'm Forest,0.3114882598391114,0,2.6,0,lightgbm_homewin_20251109T124027Z.pkl,2025-11-09T14:38:56.888708+00:00,0.39374786723846833,0.45454545454545453
161,2024-12-29,Crystal Palace,Southampton,0.298573487660137,0,1.57,1,lightgbm_homewin_20251109T124027Z.pkl,2025-11-09T14:38:56.888708+00:00,0.3892572249398223,0.45454545454545453
162,2024-12-29,West Ham,Liverpool,0.0768648253602484,0,7.0,0,lightgbm_homewin_20251109T124027Z.pkl,2025-11-09T14:38:56.888708+00:00,0.31560579807630385,0.0
163,2024-12-29,Tottenham,Wolves,0.244634510031097,0,1.6,0,lightgbm_homewin_20251109T124027Z.pkl,2025-11-09T14:38:56.888708+00:00,0.37071177411165834,0.3333333333333333
164,2024-12-29,Fulham,Bournemouth,0.3339184765986046,0,2.3,0,lightgbm_homewin_20251109T124027Z.pkl,2025-11-09T14:38:56.888708+00:00,0.4015895890641999,0.5571428571428572
165,2024-12-30,Aston Villa,Brighton,0.2985271896816573,0,1.9,0,lightgbm_homewin_20251109T124027Z.pkl,2025-11-09T14:38:56.888708+00:00,0.3892411597513466,0.45454545454545453
166,2024-12-30,Ipswich,Chelsea,0.1070215001135942,0,6.5,1,lightgbm_homewin_20251109T124027Z.pkl,2025-11-09T14:38:56.888708+00:00,0.32518954580359477,0.1875
167,2024-12-30,Man United,Newcastle,0.3038885260910682,0,2.75,0,lightgbm_homewin_20251109T124027Z.pkl,2025-11-09T14:38:56.888708+00:00,0.3911031095421151,0.45454545454545453
168,2025-01-01,Brentford,Arsenal,0.0838933316146622,0,6.5,0,lightgbm_homewin_20251109T124027Z.pkl,2025-11-09T14:38:56.888708+00:00,0.31782585880593156,0.0
169,2025-01-04,Tottenham,Newcastle,0.3327854406557928,0,2.88,0,lightgbm_homewin_20251109T124027Z.pkl,2025-11-09T14:38:56.888708+00:00,0.4011922268879901,0.5571428571428572
170,2025-01-04,Aston Villa,Leicester,0.4158006683038111,0,1.33,1,lightgbm_homewin_20251109T124027Z.pkl,2025-11-09T14:38:56.888708+00:00,0.4306176909936238,0.5571428571428572
171,2025-01-04,Bournemouth,Everton,0.4021114129028819,0,1.73,1,lightgbm_homewin_20251109T124027Z.pkl,2025-11-09T14:38:56.888708+00:00,0.425725632837917,0.5571428571428572
172,2025-01-04,Crystal Palace,Chelsea,0.4553391499977903,0,3.8,0,lightgbm_homewin_20251109T124027Z.pkl,2025-11-09T14:38:56.888708+00:00,0.44482033789145653,0.5571428571428572
173,2025-01-04,Man City,West Ham,0.5120294815482994,1,1.3,1,lightgbm_homewin_20251109T124027Z.pkl,2025-11-09T14:38:56.888708+00:00,0.46533658098943925,0.5571428571428572
174,2025-01-04,Southampton,Brentford,0.2935646486186576,0,3.0,0,lightgbm_homewin_20251109T124027Z.pkl,2025-11-09T14:38:56.888708+00:00,0.38752058127754774,0.3333333333333333
175,2025-01-04,Brighton,Arsenal,0.29157334795521,0,4.33,0,lightgbm_homewin_20251109T124027Z.pkl,2025-11-09T14:38:56.888708+00:00,0.38683095647108084,0.3333333333333333
176,2025-01-05,Fulham,Ipswich,0.3953973558014539,0,1.55,0,lightgbm_homewin_20251109T124027Z.pkl,2025-11-09T14:38:56.888708+00:00,0.42333150785395657,0.5571428571428572
177,2025-01-05,Liverpool,Man United,0.3698246041661229,0,1.29,0,lightgbm_homewin_20251109T124027Z.pkl,2025-11-09T14:38:56.888708+00:00,0.4142465068999015,0.5571428571428572
178,2025-01-06,Wolves,Nott'm Forest,0.269598213975337,0,3.3,0,lightgbm_homewin_20251109T124027Z.pkl,2025-11-09T14:38:56.888708+00:00,0.3792512161815909,0.3333333333333333
179,2025-01-14,Brentford,Man City,0.1195909314093844,0,4.75,0,lightgbm_homewin_20251109T124027Z.pkl,2025-11-09T14:38:56.888708+00:00,0.3292283135952169,0.1875
180,2025-01-14,Chelsea,Bournemouth,0.2528609003040646,0,1.48,0,lightgbm_homewin_20251109T124027Z.pkl,2025-11-09T14:38:56.888708+00:00,0.3735171871627097,0.3333333333333333
181,2025-01-14,West Ham,Fulham,0.3075110964930129,0,3.0,1,lightgbm_homewin_20251109T124027Z.pkl,2025-11-09T14:38:56.888708+00:00,0.39236300064187035,0.45454545454545453
182,2025-01-14,Nott'm Forest,Liverpool,0.156883700804882,0,5.25,0,lightgbm_homewin_20251109T124027Z.pkl,2025-11-09T14:38:56.888708+00:00,0.34135874389687376,0.1875
183,2025-01-15,Everton,Aston Villa,0.2565202160336256,0,3.25,0,lightgbm_homewin_20251109T124027Z.pkl,2025-11-09T14:38:56.888708+00:00,0.37476786115184013,0.3333333333333333
184,2025-01-15,Leicester,Crystal Palace,0.4521255101931172,0,3.9,0,lightgbm_homewin_20251109T124027Z.pkl,2025-11-09T14:38:56.888708+00:00,0.44366226946853987,0.5571428571428572
185,2025-01-15,Newcastle,Wolves,0.507202253496289,1,1.36,1,lightgbm_homewin_20251109T124027Z.pkl,2025-11-09T14:38:56.888708+00:00,0.4635840340563069,0.5571428571428572
186,2025-01-15,Arsenal,Tottenham,0.5542921368213977,1,1.4,1,lightgbm_homewin_20251109T124027Z.pkl,2025-11-09T14:38:56.888708+00:00,0.4807120410801642,0.5571428571428572
187,2025-01-16,Ipswich,Brighton,0.4061596951679525,0,3.9,0,lightgbm_homewin_20251109T124027Z.pkl,2025-11-09T14:38:56.888708+00:00,0.4271708776627532,0.5571428571428572
188,2025-01-16,Man United,Southampton,0.2276482913207529,0,1.29,1,lightgbm_homewin_20251109T124027Z.pkl,2025-11-09T14:38:56.888708+00:00,0.36494672952387397,0.3333333333333333
189,2025-01-18,Newcastle,Bournemouth,0.4880265007786337,0,1.62,0,lightgbm_homewin_20251109T124027Z.pkl,2025-11-09T14:38:56.888708+00:00,0.45663148811649096,0.5571428571428572
190,2025-01-18,Arsenal,Aston Villa,0.383820945793108,0,1.5,0,lightgbm_homewin_20251109T124027Z.pkl,2025-11-09T14:38:56.888708+00:00,0.41921204891553093,0.5571428571428572
191,2025-01-18,Brentford,Liverpool,0.0629656119703698,0,6.5,0,lightgbm_homewin_20251109T124027Z.pkl,2025-11-09T14:38:56.888708+00:00,0.3112402667617724,0.0
192,2025-01-18,West Ham,Crystal Palace,0.275600013829243,0,2.6,0,lightgbm_homewin_20251109T124027Z.pkl,2025-11-09T14:38:56.888708+00:00,0.3813157083811642,0.3333333333333333
193,2025-01-18,Leicester,Fulham,0.4446812216987602,0,4.33,0,lightgbm_homewin_20251109T124027Z.pkl,2025-11-09T14:38:56.888708+00:00,0.44098201398987197,0.5571428571428572
194,2025-01-19,Man United,Brighton,0.4824260522740377,0,2.1,0,lightgbm_homewin_20251109T124027Z.pkl,2025-11-09T14:38:56.888708+00:00,0.4546039977194953,0.5571428571428572
195,2025-01-19,Everton,Tottenham,0.5085828724291241,1,2.8,1,lightgbm_homewin_20251109T124027Z.pkl,2025-11-09T14:38:56.888708+00:00,0.46408518406390126,0.5571428571428572
196,2025-01-19,Ipswich,Man City,0.1320401889751796,0,7.5,0,lightgbm_homewin_20251109T124027Z.pkl,2025-11-09T14:38:56.888708+00:00,0.3332534919872682,0.1875
197,2025-01-19,Nott'm Forest,Southampton,0.2281201778563798,0,1.38,1,lightgbm_homewin_20251109T124027Z.pkl,2025-11-09T14:38:56.888708+00:00,0.3651063724309733,0.3333333333333333
198,2025-01-20,Chelsea,Wolves,0.3769837734680961,0,1.36,1,lightgbm_homewin_20251109T124027Z.pkl,2025-11-09T14:38:56.888708+00:00,0.4167842858031738,0.5571428571428572
199,2025-01-25,Bournemouth,Nott'm Forest,0.3964497932989836,0,2.05,1,lightgbm_homewin_20251109T124027Z.pkl,2025-11-09T14:38:56.888708+00:00,0.4237065553082377,0.5571428571428572
200,2025-01-25,Brighton,Everton,0.2713014171509434,0,1.67,0,lightgbm_homewin_20251109T124027Z.pkl,2025-11-09T14:38:56.888708+00:00,0.37983664150719115,0.3333333333333333
201,2025-01-25,Liverpool,Ipswich,0.3710059436850731,0,1.08,1,lightgbm_homewin_20251109T124027Z.pkl,2025-11-09T14:38:56.888708+00:00,0.41466495790368574,0.5571428571428572
202,2025-01-25,Southampton,Newcastle,0.296474767586117,0,6.5,0,lightgbm_homewin_20251109T124027Z.pkl,2025-11-09T14:38:56.888708+00:00,0.3885292206805276,0.45454545454545453
203,2025-01-25,Wolves,Arsenal,0.0956419127684193,0,7.0,0,lightgbm_homewin_20251109T124027Z.pkl,2025-11-09T14:38:56.888708+00:00,0.32155535434516996,0.0
204,2025-01-25,Man City,Chelsea,0.5289472237655775,1,2.05,1,lightgbm_homewin_20251109T124027Z.pkl,2025-11-09T14:38:56.888708+00:00,0.4714851195497718,0.5571428571428572
205,2025-01-26,Crystal Palace,Brentford,0.2908585774819667,0,2.05,0,lightgbm_homewin_20251109T124027Z.pkl,2025-11-09T14:38:56.888708+00:00,0.38658352851898076,0.3333333333333333
206,2025-01-26,Tottenham,Leicester,0.261638782372358,0,1.45,0,lightgbm_homewin_20251109T124027Z.pkl,2025-11-09T14:38:56.888708+00:00,0.3765200806005494,0.3333333333333333
207,2025-01-26,Aston Villa,West Ham,0.5035426140360424,1,1.53,0,lightgbm_homewin_20251109T124027Z.pkl,2025-11-09T14:38:56.888708+00:00,0.4622559823279602,0.5571428571428572
208,2025-01-26,Fulham,Man United,0.1866496979528278,0,2.3,0,lightgbm_homewin_20251109T124027Z.pkl,2025-11-09T14:38:56.888708+00:00,0.351193131606157,0.1875
209,2025-02-01,Everton,Leicester,0.3295449381978051,0,1.75,1,lightgbm_homewin_20251109T124027Z.pkl,2025-11-09T14:38:56.888708+00:00,0.4000564825131293,0.5571428571428572
210,2025-02-01,Nott'm Forest,Brighton,0.2121028650422605,0,2.38,1,lightgbm_homewin_20251109T124027Z.pkl,2025-11-09T14:38:56.888708+00:00,0.35970436857185983,0.2727272727272727
211,2025-02-01,Bournemouth,Liverpool,0.1808874053628487,0,4.5,0,lightgbm_homewin_20251109T124027Z.pkl,2025-11-09T14:38:56.888708+00:00,0.3492791267985269,0.1875
212,2025-02-01,Newcastle,Fulham,0.4359868293325933,0,1.7,0,lightgbm_homewin_20251109T124027Z.pkl,2025-11-09T14:38:56.888708+00:00,0.43785602855351996,0.5571428571428572
213,2025-02-01,Wolves,Aston Villa,0.3231913342111215,0,3.3,1,lightgbm_homewin_20251109T124027Z.pkl,2025-11-09T14:38:56.888708+00:00,0.3978327712329031,0.5571428571428572
214,2025-02-01,Ipswich,Southampton,0.2336812163563902,0,1.95,0,lightgbm_homewin_20251109T124027Z.pkl,2025-11-09T14:38:56.888708+00:00,0.3669899421375792,0.3333333333333333
215,2025-02-02,Brentford,Tottenham,0.2553796058712929,0,2.1,0,lightgbm_homewin_20251109T124027Z.pkl,2025-11-09T14:38:56.888708+00:00,0.37437784529882967,0.3333333333333333
216,2025-02-02,Man United,Crystal Palace,0.3019590126912084,0,2.0,0,lightgbm_homewin_20251109T124027Z.pkl,2025-11-09T14:38:56.888708+00:00,0.3904326363910278,0.45454545454545453
217,2025-02-02,Arsenal,Man City,0.3425597966585524,0,1.95,1,lightgbm_homewin_20251109T124027Z.pkl,2025-11-09T14:38:56.888708+00:00,0.404624369908702,0.5571428571428572
218,2025-02-03,Chelsea,West Ham,0.4091356868024789,0,1.36,1,lightgbm_homewin_20251109T124027Z.pkl,2025-11-09T14:38:56.888708+00:00,0.4282341075757874,0.5571428571428572
219,2025-02-12,Everton,Liverpool,0.1000503408353697,0,7.5,0,lightgbm_homewin_20251109T124027Z.pkl,2025-11-09T14:38:56.888708+00:00,0.322960700776664,0.0
220,2025-02-14,Brighton,Chelsea,0.3035102933369589,0,2.7,1,lightgbm_homewin_20251109T124027Z.pkl,2025-11-09T14:38:56.888708+00:00,0.39097164759296577,0.45454545454545453
221,2025-02-15,Leicester,Arsenal,0.1370154700346333,0,8.5,0,lightgbm_homewin_20251109T124027Z.pkl,2025-11-09T14:38:56.888708+00:00,0.3348690010446093,0.1875
222,2025-02-15,Aston Villa,Ipswich,0.3323696976899792,0,1.4,0,lightgbm_homewin_20251109T124027Z.pkl,2025-11-09T14:38:56.888708+00:00,0.4010464559919456,0.5571428571428572
223,2025-02-15,Fulham,Nott'm Forest,0.3389264804590334,0,2.2,1,lightgbm_homewin_20251109T124027Z.pkl,2025-11-09T14:38:56.888708+00:00,0.40334746755664913,0.5571428571428572
224,2025-02-15,Man City,Newcastle,0.4661310156414038,0,1.95,1,lightgbm_homewin_20251109T124027Z.pkl,2025-11-09T14:38:56.888708+00:00,0.44871361570626095,0.5571428571428572
225,2025-02-15,Southampton,Bournemouth,0.0722143195484432,0,6.0,0,lightgbm_homewin_20251109T124027Z.pkl,2025-11-09T14:38:56.888708+00:00,0.314141469267751,0.0
226,2025-02-15,West Ham,Brentford,0.2394535006614424,0,2.35,0,lightgbm_homewin_20251109T124027Z.pkl,2025-11-09T14:38:56.888708+00:00,0.36894936828405966,0.3333333333333333
227,2025-02-15,Crystal Palace,Everton,0.2257401057922773,0,1.8,0,lightgbm_homewin_20251109T124027Z.pkl,2025-11-09T14:38:56.888708+00:00,0.3643014785798064,0.2727272727272727
228,2025-02-16,Liverpool,Wolves,0.3203618594458454,0,1.15,1,lightgbm_homewin_20251109T124027Z.pkl,2025-11-09T14:38:56.888708+00:00,0.39684382723535067,0.5187301108445822
229,2025-02-16,Tottenham,Man United,0.2193478297182302,0,2.45,1,lightgbm_homewin_20251109T124027Z.pkl,2025-11-09T14:38:56.888708+00:00,0.3621435004815762,0.2727272727272727
230,2025-02-19,Aston Villa,Liverpool,0.4557602391312098,0,3.9,0,lightgbm_homewin_20251109T124027Z.pkl,2025-11-09T14:38:56.888708+00:00,0.44497212642312617,0.5571428571428572
231,2025-02-21,Leicester,Brentford,0.2727894835462138,0,3.6,0,lightgbm_homewin_20251109T124027Z.pkl,2025-11-09T14:38:56.888708+00:00,0.3803484063965312,0.3333333333333333
232,2025-02-22,Everton,Man United,0.3035545527293516,0,2.5,0,lightgbm_homewin_20251109T124027Z.pkl,2025-11-09T14:38:56.888708+00:00,0.39098702996489776,0.45454545454545453
233,2025-02-22,Arsenal,West Ham,0.3151246950700757,0,1.27,0,lightgbm_homewin_20251109T124027Z.pkl,2025-11-09T14:38:56.888708+00:00,0.3950155872588085,0.45454545454545453
234,2025-02-22,Bournemouth,Wolves,0.4227706735854761,0,1.53,0,lightgbm_homewin_20251109T124027Z.pkl,2025-11-09T14:38:56.888708+00:00,0.43311380190279225,0.5571428571428572
235,2025-02-22,Fulham,Crystal Palace,0.3757874989251734,0,2.05,0,lightgbm_homewin_20251109T124027Z.pkl,2025-11-09T14:38:56.888708+00:00,0.4163599201449147,0.5571428571428572
236,2025-02-22,Ipswich,Tottenham,0.1918735673682669,0,4.1,0,lightgbm_homewin_20251109T124027Z.pkl,2025-11-09T14:38:56.888708+00:00,0.3529324405083194,0.1875
237,2025-02-22,Southampton,Brighton,0.0765810410553363,0,6.0,0,lightgbm_homewin_20251109T124027Z.pkl,2025-11-09T14:38:56.888708+00:00,0.31551633609378216,0.0
238,2025-02-22,Aston Villa,Chelsea,0.2781752320416235,0,2.63,1,lightgbm_homewin_20251109T124027Z.pkl,2025-11-09T14:38:56.888708+00:00,0.3822028503410246,0.3333333333333333
239,2025-02-23,Newcastle,Nott'm Forest,0.3793231010046738,0,1.8,1,lightgbm_homewin_20251109T124027Z.pkl,2025-11-09T14:38:56.888708+00:00,0.4176144932170807,0.5571428571428572
240,2025-02-23,Man City,Liverpool,0.3562007267428407,0,2.88,0,lightgbm_homewin_20251109T124027Z.pkl,2025-11-09T14:38:56.888708+00:00,0.4094297773116272,0.5571428571428572
241,2025-02-25,Brighton,Bournemouth,0.3239317049746406,0,2.0,1,lightgbm_homewin_20251109T124027Z.pkl,2025-11-09T14:38:56.888708+00:00,0.39809168006612705,0.5571428571428572
242,2025-02-25,Crystal Palace,Aston Villa,0.2280288644080854,0,2.45,1,lightgbm_homewin_20251109T124027Z.pkl,2025-11-09T14:38:56.888708+00:00,0.36507547806106155,0.3333333333333333
243,2025-02-25,Wolves,Fulham,0.2918965842241966,0,2.63,0,lightgbm_homewin_20251109T124027Z.pkl,2025-11-09T14:38:56.888708+00:00,0.3869428684910337,0.3333333333333333
244,2025-02-25,Chelsea,Southampton,0.2045314501035351,0,1.17,1,lightgbm_homewin_20251109T124027Z.pkl,2025-11-09T14:38:56.888708+00:00,0.35716305597925474,0.1875
245,2025-02-26,Nott'm Forest,Arsenal,0.5211472771413365,1,3.9,0,lightgbm_homewin_20251109T124027Z.pkl,2025-11-09T14:38:56.888708+00:00,0.4686491392244617,0.5571428571428572
246,2025-02-26,Brentford,Everton,0.2947819006782913,0,2.0,0,lightgbm_homewin_20251109T124027Z.pkl,2025-11-09T14:38:56.888708+00:00,0.3879423608102214,0.3333333333333333
247,2025-02-26,Tottenham,Man City,0.2110544797221564,0,3.25,0,lightgbm_homewin_20251109T124027Z.pkl,2025-11-09T14:38:56.888708+00:00,0.3593520091422736,0.2727272727272727
248,2025-02-26,Liverpool,Newcastle,0.4551183827075103,0,1.5,1,lightgbm_homewin_20251109T124027Z.pkl,2025-11-09T14:38:56.888708+00:00,0.4447407627880628,0.5571428571428572
249,2025-02-26,Man United,Ipswich,0.3140407334926454,0,1.53,1,lightgbm_homewin_20251109T124027Z.pkl,2025-11-09T14:38:56.888708+00:00,0.3946375521704279,0.45454545454545453
250,2025-02-27,West Ham,Leicester,0.1717078474568366,0,1.62,1,lightgbm_homewin_20251109T124027Z.pkl,2025-11-09T14:38:56.888708+00:00,0.34624007194465845,0.1875
251,2025-03-08,Nott'm Forest,Man City,0.2708194420941351,0,4.0,1,lightgbm_homewin_20251109T124027Z.pkl,2025-11-09T14:38:56.888708+00:00,0.3796709413879489,0.3333333333333333
252,2025-03-08,Brighton,Fulham,0.3247486161222582,0,1.95,1,lightgbm_homewin_20251109T124027Z.pkl,2025-11-09T14:38:56.888708+00:00,0.3983774213684388,0.5571428571428572
253,2025-03-08,Crystal Palace,Ipswich,0.3020646850601449,0,1.45,1,lightgbm_homewin_20251109T124027Z.pkl,2025-11-09T14:38:56.888708+00:00,0.3904693450592163,0.45454545454545453
254,2025-03-08,Liverpool,Southampton,0.2574534064771872,0,1.1,1,lightgbm_homewin_20251109T124027Z.pkl,2025-11-09T14:38:56.888708+00:00,0.3750870737055326,0.3333333333333333
255,2025-03-08,Brentford,Aston Villa,0.291375651149196,0,2.2,0,lightgbm_homewin_20251109T124027Z.pkl,2025-11-09T14:38:56.888708+00:00,0.38676251506287435,0.3333333333333333
256,2025-03-08,Wolves,Everton,0.2510312121278897,0,2.6,0,lightgbm_homewin_20251109T124027Z.pkl,2025-11-09T14:38:56.888708+00:00,0.37289247217168625,0.3333333333333333
257,2025-03-09,Chelsea,Leicester,0.180634696936085,0,1.18,1,lightgbm_homewin_20251109T124027Z.pkl,2025-11-09T14:38:56.888708+00:00,0.34919529766590707,0.1875
258,2025-03-09,Tottenham,Bournemouth,0.4317772055339962,0,2.7,0,lightgbm_homewin_20251109T124027Z.pkl,2025-11-09T14:38:56.888708+00:00,0.4363442539650527,0.5571428571428572
259,2025-03-09,Man United,Arsenal,0.1564521093930288,0,5.75,0,lightgbm_homewin_20251109T124027Z.pkl,2025-11-09T14:38:56.888708+00:00,0.34121712494718875,0.1875
260,2025-03-10,West Ham,Newcastle,0.2457406846231708,0,3.25,0,lightgbm_homewin_20251109T124027Z.pkl,2025-11-09T14:38:56.888708+00:00,0.3710885058960479,0.3333333333333333
261,2025-03-15,Everton,West Ham,0.3949317677106155,0,2.05,0,lightgbm_homewin_20251109T124027Z.pkl,2025-11-09T14:38:56.888708+00:00,0.42316561867316194,0.5571428571428572
262,2025-03-15,Ipswich,Nott'm Forest,0.3170033850382389,0,3.75,0,lightgbm_homewin_20251109T124027Z.pkl,2025-11-09T14:38:56.888708+00:00,0.3956710836902536,0.45454545454545453
263,2025-03-15,Man City,Brighton,0.5413161290619574,1,1.67,0,lightgbm_homewin_20251109T124027Z.pkl,2025-11-09T14:38:56.888708+00:00,0.47598602955533603,0.5571428571428572
264,2025-03-15,Southampton,Wolves,0.3454906728238858,0,3.7,0,lightgbm_homewin_20251109T124027Z.pkl,2025-11-09T14:38:56.888708+00:00,0.40565534732981695,0.5571428571428572
265,2025-03-15,Bournemouth,Brentford,0.3128303465177116,0,1.73,0,lightgbm_homewin_20251109T124027Z.pkl,2025-11-09T14:38:56.888708+00:00,0.3942155747546767,0.45454545454545453
266,2025-03-16,Arsenal,Chelsea,0.375243154075885,0,1.8,1,lightgbm_homewin_20251109T124027Z.pkl,2025-11-09T14:38:56.888708+00:00,0.41616686059628244,0.5571428571428572
267,2025-03-16,Fulham,Tottenham,0.4217835264628925,0,2.0,1,lightgbm_homewin_20251109T124027Z.pkl,2025-11-09T14:38:56.888708+00:00,0.43276007353492923,0.5571428571428572
268,2025-03-16,Leicester,Man United,0.2627843954273533,0,4.5,0,lightgbm_homewin_20251109T124027Z.pkl,2025-11-09T14:38:56.888708+00:00,0.37691269857003523,0.3333333333333333
