match_id,kickoff_time_utc,home_team,away_team,prob_homewin,pred_label,odds_B365H,model_source,featurelist_source,snapshot_created_at
0,2026-10-10T12:30:00,Arsenal,Leeds,0.5313552175642757,1,1.38,lightgbm_homewin_20261006T092923Z.pkl,feature_list_20261006T092923Z.pkl,2026-10-06T09:29:46.479030+00:00
1,2026-10-10T15:00:00,Aston Villa,Brentford,0.2626771615220241,0,2.69,lightgbm_homewin_20261006T092923Z.pkl,feature_list_20261006T092923Z.pkl,2026-10-06T09:29:46.479030+00:00
2,2026-10-10T15:00:00,Chelsea,Bournemouth,0.2206313069281641,0,1.75,lightgbm_homewin_20261006T092923Z.pkl,feature_list_20261006T092923Z.pkl,2026-10-06T09:29:46.479030+00:00
3,2026-10-10T15:00:00,Ipswich Town,Fulham,0.22796612633376714,0,2.74,lightgbm_homewin_20261006T092923Z.pkl,feature_list_20261006T092923Z.pkl,2026-10-06T09:29:46.479030+00:00
4,2026-10-10T15:00:00,Sunderland,Brighton,0.11258439106926645,0,3.02,lightgbm_homewin_20261006T092923Z.pkl,feature_list_20261006T092923Z.pkl,2026-10-06T09:29:46.479030+00:00
5,2026-10-10T17:30:00,Man United,Tottenham,0.2563898120986452,0,1.72,lightgbm_homewin_20261006T092923Z.pkl,feature_list_20261006T092923Z.pkl,2026-10-06T09:29:46.479030+00:00
6,2026-10-11T14:00:00,Crystal Palace,Nott'm Forest,0.2072519412641136,0,2.68,lightgbm_homewin_20261006T092923Z.pkl,feature_list_20261006T092923Z.pkl,2026-10-06T09:29:46.479030+00:00
7,2026-10-11T14:00:00,Hull City,Everton,0.04024328715036194,0,3.73,lightgbm_homewin_20261006T092923Z.pkl,feature_list_20261006T092923Z.pkl,2026-10-06T09:29:46.479030+00:00
8,2026-10-11T16:30:00,Liverpool,Man City,0.14376113670200344,0,2.62,lightgbm_homewin_20261006T092923Z.pkl,feature_list_20261006T092923Z.pkl,2026-10-06T09:29:46.479030+00:00
9,2026-10-12T20:00:00,Coventry City,Newcastle,0.06451218275243423,0,3.31,lightgbm_homewin_20261006T092923Z.pkl,feature_list_20261006T092923Z.pkl,2026-10-06T09:29:46.479030+00:00
10,2026-10-17T12:30:00,Everton,Chelsea,0.17658347852120512,0,2.73,lightgbm_homewin_20261006T092923Z.pkl,feature_list_20261006T092923Z.pkl,2026-10-06T09:29:46.479030+00:00
11,2026-10-17T15:00:00,Brentford,Liverpool,0.1283944831442802,0,2.77,lightgbm_homewin_20261006T092923Z.pkl,feature_list_20261006T092923Z.pkl,2026-10-06T09:29:46.479030+00:00
12,2026-10-17T15:00:00,Fulham,Hull City,0.2453566468051177,0,1.67,lightgbm_homewin_20261006T092923Z.pkl,feature_list_20261006T092923Z.pkl,2026-10-06T09:29:46.479030+00:00
13,2026-10-17T15:00:00,Man City,Ipswich Town,0.7323152623570169,1,1.21,lightgbm_homewin_20261006T092923Z.pkl,feature_list_20261006T092923Z.pkl,2026-10-06T09:29:46.479030+00:00
14,2026-10-17T17:30:00,Newcastle,Aston Villa,0.22278114614957226,0,2.09,lightgbm_homewin_20261006T092923Z.pkl,feature_list_20261006T092923Z.pkl,2026-10-06T09:29:46.479030+00:00
15,2026-10-18T14:00:00,Bournemouth,Sunderland,0.25842515938941374,0,2.01,lightgbm_homewin_20261006T092923Z.pkl,feature_list_20261006T092923Z.pkl,2026-10-06T09:29:46.479030+00:00
16,2026-10-18T14:00:00,Brighton,Crystal Palace,0.4140363302026692,0,1.63,lightgbm_homewin_20261006T092923Z.pkl,feature_list_20261006T092923Z.pkl,2026-10-06T09:29:46.479030+00:00
17,2026-10-18T14:00:00,Leeds,Man United,0.10337299715197981,0,2.83,lightgbm_homewin_20261006T092923Z.pkl,feature_list_20261006T092923Z.pkl,2026-10-06T09:29:46.479030+00:00
18,2026-10-18T16:30:00,Nott'm Forest,Arsenal,0.04862626667679886,0,6.0,lightgbm_homewin_20261006T092923Z.pkl,feature_list_20261006T092923Z.pkl,2026-10-06T09:29:46.479030+00:00
19,2026-10-19T20:00:00,Tottenham,Coventry City,0.33574352706930316,0,1.51,lightgbm_homewin_20261006T092923Z.pkl,feature_list_20261006T092923Z.pkl,2026-10-06T09:29:46.479030+00:00
20,2026-10-23T20:00:00,Ipswich Town,Nott'm Forest,0.48337814785449534,0,,lightgbm_homewin_20261006T092923Z.pkl,feature_list_20261006T092923Z.pkl,2026-10-06T09:29:46.479030+00:00
21,2026-10-24T12:30:00,Aston Villa,Man City,0.49717852044143046,0,,lightgbm_homewin_20261006T092923Z.pkl,feature_list_20261006T092923Z.pkl,2026-10-06T09:29:46.479030+00:00
22,2026-10-24T15:00:00,Arsenal,Everton,0.309040398968929,0,,lightgbm_homewin_20261006T092923Z.pkl,feature_list_20261006T092923Z.pkl,2026-10-06T09:29:46.479030+00:00
23,2026-10-24T15:00:00,Coventry City,Fulham,0.574100199847438,1,,lightgbm_homewin_20261006T092923Z.pkl,feature_list_20261006T092923Z.pkl,2026-10-06T09:29:46.479030+00:00
24,2026-10-24T17:30:00,Chelsea,Tottenham,0.350023167434236,0,,lightgbm_homewin_20261006T092923Z.pkl,feature_list_20261006T092923Z.pkl,2026-10-06T09:29:46.479030+00:00
25,2026-10-25T14:00:00,Crystal Palace,Newcastle,0.4822284111450418,0,,lightgbm_homewin_20261006T092923Z.pkl,feature_list_20261006T092923Z.pkl,2026-10-06T09:29:46.479030+00:00
26,2026-10-25T14:00:00,Hull City,Brentford,0.548848314749056,1,,lightgbm_homewin_20261006T092923Z.pkl,feature_list_20261006T092923Z.pkl,2026-10-06T09:29:46.479030+00:00
27,2026-10-25T14:00:00,Liverpool,Brighton,0.35784668073978176,0,,lightgbm_homewin_20261006T092923Z.pkl,feature_list_20261006T092923Z.pkl,2026-10-06T09:29:46.479030+00:00
28,2026-10-25T14:00:00,Man United,Bournemouth,0.3306284115032351,0,,lightgbm_homewin_20261006T092923Z.pkl,feature_list_20261006T092923Z.pkl,2026-10-06T09:29:46.479030+00:00
29,2026-10-25T16:30:00,Sunderland,Leeds,0.4245200022760939,0,,lightgbm_homewin_20261006T092923Z.pkl,feature_list_20261006T092923Z.pkl,2026-10-06T09:29:46.479030+00:00
30,2026-10-31T12:30:00,Chelsea,Man United,0.3495788948101534,0,,lightgbm_homewin_20261006T092923Z.pkl,feature_list_20261006T092923Z.pkl,2026-10-06T09:29:46.479030+00:00
31,2026-10-31T15:00:00,Bournemouth,Leeds,0.4430077052233746,0,,lightgbm_homewin_20261006T092923Z.pkl,feature_list_20261006T092923Z.pkl,2026-10-06T09:29:46.479030+00:00
32,2026-10-31T15:00:00,Brentford,Nott'm Forest,0.37902900333708367,0,,lightgbm_homewin_20261006T092923Z.pkl,feature_list_20261006T092923Z.pkl,2026-10-06T09:29:46.479030+00:00
33,2026-10-31T15:00:00,Coventry City,Sunderland,0.48391810100753746,0,,lightgbm_homewin_20261006T092923Z.pkl,feature_list_20261006T092923Z.pkl,2026-10-06T09:29:46.479030+00:00
34,2026-10-31T15:00:00,Hull City,Ipswich Town,0.6799018378298,1,,lightgbm_homewin_20261006T092923Z.pkl,feature_list_20261006T092923Z.pkl,2026-10-06T09:29:46.479030+00:00
35,2026-10-31T15:00:00,Man City,Brighton,0.3353718965803318,0,,lightgbm_homewin_20261006T092923Z.pkl,feature_list_20261006T092923Z.pkl,2026-10-06T09:29:46.479030+00:00
36,2026-10-31T17:30:00,Tottenham,Crystal Palace,0.3998109716222838,0,,lightgbm_homewin_20261006T092923Z.pkl,feature_list_20261006T092923Z.pkl,2026-10-06T09:29:46.479030+00:00
37,2026-10-31T20:00:00,Aston Villa,Fulham,0.5190142631193334,1,,lightgbm_homewin_20261006T092923Z.pkl,feature_list_20261006T092923Z.pkl,2026-10-06T09:29:46.479030+00:00
38,2026-11-01T16:30:00,Liverpool,Arsenal,0.36895816525874553,0,,lightgbm_homewin_20261006T092923Z.pkl,feature_list_20261006T092923Z.pkl,2026-10-06T09:29:46.479030+00:00
39,2026-11-02T20:00:00,Newcastle,Everton,0.2830051575996027,0,,lightgbm_homewin_20261006T092923Z.pkl,feature_list_20261006T092923Z.pkl,2026-10-06T09:29:46.479030+00:00
40,2026-11-06T20:00:00,Everton,Coventry City,0.5831221548682526,1,,lightgbm_homewin_20261006T092923Z.pkl,feature_list_20261006T092923Z.pkl,2026-10-06T09:29:46.479030+00:00
41,2026-11-07T12:30:00,Leeds,Tottenham,0.4778291763199871,0,,lightgbm_homewin_20261006T092923Z.pkl,feature_list_20261006T092923Z.pkl,2026-10-06T09:29:46.479030+00:00
42,2026-11-07T15:00:00,Arsenal,Hull City,0.502624150879522,1,,lightgbm_homewin_20261006T092923Z.pkl,feature_list_20261006T092923Z.pkl,2026-10-06T09:29:46.479030+00:00
43,2026-11-07T15:00:00,Fulham,Newcastle,0.49815897917637536,0,,lightgbm_homewin_20261006T092923Z.pkl,feature_list_20261006T092923Z.pkl,2026-10-06T09:29:46.479030+00:00
44,2026-11-07T17:30:00,Nott'm Forest,Man City,0.5131330015035346,1,,lightgbm_homewin_20261006T092923Z.pkl,feature_list_20261006T092923Z.pkl,2026-10-06T09:29:46.479030+00:00
45,2026-11-08T14:00:00,Brighton,Brentford,0.38930882032607134,0,,lightgbm_homewin_20261006T092923Z.pkl,feature_list_20261006T092923Z.pkl,2026-10-06T09:29:46.479030+00:00
46,2026-11-08T14:00:00,Crystal Palace,Liverpool,0.4335686883298079,0,,lightgbm_homewin_20261006T092923Z.pkl,feature_list_20261006T092923Z.pkl,2026-10-06T09:29:46.479030+00:00
47,2026-11-08T14:00:00,Ipswich Town,Bournemouth,0.47950066233380645,0,,lightgbm_homewin_20261006T092923Z.pkl,feature_list_20261006T092923Z.pkl,2026-10-06T09:29:46.479030+00:00
48,2026-11-08T14:00:00,Sunderland,Chelsea,0.46217515689529204,0,,lightgbm_homewin_20261006T092923Z.pkl,feature_list_20261006T092923Z.pkl,2026-10-06T09:29:46.479030+00:00
49,2026-11-08T16:30:00,Man United,Aston Villa,0.3591026375361723,0,,lightgbm_homewin_20261006T092923Z.pkl,feature_list_20261006T092923Z.pkl,2026-10-06T09:29:46.479030+00:00
50,2026-11-21T12:30:00,Man City,Fulham,0.3904279372841587,0,,lightgbm_homewin_20261006T092923Z.pkl,feature_list_20261006T092923Z.pkl,2026-10-06T09:29:46.479030+00:00
51,2026-11-21T15:00:00,Aston Villa,Sunderland,0.43077178173585007,0,,lightgbm_homewin_20261006T092923Z.pkl,feature_list_20261006T092923Z.pkl,2026-10-06T09:29:46.479030+00:00
52,2026-11-21T15:00:00,Bournemouth,Nott'm Forest,0.3927589980592609,0,,lightgbm_homewin_20261006T092923Z.pkl,feature_list_20261006T092923Z.pkl,2026-10-06T09:29:46.479030+00:00
53,2026-11-21T15:00:00,Chelsea,Leeds,0.324457916581501,0,,lightgbm_homewin_20261006T092923Z.pkl,feature_list_20261006T092923Z.pkl,2026-10-06T09:29:46.479030+00:00
54,2026-11-21T15:00:00,Coventry City,Crystal Palace,0.4921231118513958,0,,lightgbm_homewin_20261006T092923Z.pkl,feature_list_20261006T092923Z.pkl,2026-10-06T09:29:46.479030+00:00
55,2026-11-21T15:00:00,Tottenham,Ipswich Town,0.5909942867776676,1,,lightgbm_homewin_20261006T092923Z.pkl,feature_list_20261006T092923Z.pkl,2026-10-06T09:29:46.479030+00:00
56,2026-11-21T17:30:00,Newcastle,Arsenal,0.34177441028186606,0,,lightgbm_homewin_20261006T092923Z.pkl,feature_list_20261006T092923Z.pkl,2026-10-06T09:29:46.479030+00:00
57,2026-11-22T14:00:00,Hull City,Brighton,0.5352178539642148,1,,lightgbm_homewin_20261006T092923Z.pkl,feature_list_20261006T092923Z.pkl,2026-10-06T09:29:46.479030+00:00
58,2026-11-22T16:30:00,Liverpool,Man United,0.37437979057830734,0,,lightgbm_homewin_20261006T092923Z.pkl,feature_list_20261006T092923Z.pkl,2026-10-06T09:29:46.479030+00:00
59,2026-11-23T20:00:00,Brentford,Everton,0.3333669481183282,0,,lightgbm_homewin_20261006T092923Z.pkl,feature_list_20261006T092923Z.pkl,2026-10-06T09:29:46.479030+00:00
60,2026-11-27T20:00:00,Nott'm Forest,Chelsea,0.5335081504214991,1,,lightgbm_homewin_20261006T092923Z.pkl,feature_list_20261006T092923Z.pkl,2026-10-06T09:29:46.479030+00:00
61,2026-11-28T15:00:00,Leeds,Coventry City,0.6300752631464865,1,,lightgbm_homewin_20261006T092923Z.pkl,feature_list_20261006T092923Z.pkl,2026-10-06T09:29:46.479030+00:00
62,2026-11-28T15:00:00,Man United,Brentford,0.35142794733228383,0,,lightgbm_homewin_20261006T092923Z.pkl,feature_list_20261006T092923Z.pkl,2026-10-06T09:29:46.479030+00:00
63,2026-11-28T17:30:00,Ipswich Town,Aston Villa,0.5184267210531538,1,,lightgbm_homewin_20261006T092923Z.pkl,feature_list_20261006T092923Z.pkl,2026-10-06T09:29:46.479030+00:00
64,2026-11-29T12:00:00,Everton,Liverpool,0.39122246748328643,0,,lightgbm_homewin_20261006T092923Z.pkl,feature_list_20261006T092923Z.pkl,2026-10-06T09:29:46.479030+00:00
65,2026-11-29T14:05:00,Brighton,Newcastle,0.4356303773051168,0,,lightgbm_homewin_20261006T092923Z.pkl,feature_list_20261006T092923Z.pkl,2026-10-06T09:29:46.479030+00:00
66,2026-11-29T14:05:00,Crystal Palace,Hull City,0.6249176771512329,1,,lightgbm_homewin_20261006T092923Z.pkl,feature_list_20261006T092923Z.pkl,2026-10-06T09:29:46.479030+00:00
67,2026-11-29T14:05:00,Fulham,Bournemouth,0.4637044617805104,0,,lightgbm_homewin_20261006T092923Z.pkl,feature_list_20261006T092923Z.pkl,2026-10-06T09:29:46.479030+00:00
68,2026-11-29T14:05:00,Sunderland,Tottenham,0.46397732053713764,0,,lightgbm_homewin_20261006T092923Z.pkl,feature_list_20261006T092923Z.pkl,2026-10-06T09:29:46.479030+00:00
69,2026-11-29T16:30:00,Arsenal,Man City,0.36895816525874553,0,,lightgbm_homewin_20261006T092923Z.pkl,feature_list_20261006T092923Z.pkl,2026-10-06T09:29:46.479030+00:00
70,2026-12-02T20:00:00,Aston Villa,Everton,0.41321511350114276,0,,lightgbm_homewin_20261006T092923Z.pkl,feature_list_20261006T092923Z.pkl,2026-10-06T09:29:46.479030+00:00
71,2026-12-02T20:00:00,Bournemouth,Brighton,0.38954270447955,0,,lightgbm_homewin_20261006T092923Z.pkl,feature_list_20261006T092923Z.pkl,2026-10-06T09:29:46.479030+00:00
72,2026-12-02T20:00:00,Brentford,Arsenal,0.3699355133237736,0,,lightgbm_homewin_20261006T092923Z.pkl,feature_list_20261006T092923Z.pkl,2026-10-06T09:29:46.479030+00:00
73,2026-12-02T20:00:00,Chelsea,Crystal Palace,0.3122676703170144,0,,lightgbm_homewin_20261006T092923Z.pkl,feature_list_20261006T092923Z.pkl,2026-10-06T09:29:46.479030+00:00
74,2026-12-02T20:00:00,Coventry City,Ipswich Town,0.6816735846428832,1,,lightgbm_homewin_20261006T092923Z.pkl,feature_list_20261006T092923Z.pkl,2026-10-06T09:29:46.479030+00:00
75,2026-12-02T20:00:00,Hull City,Nott'm Forest,0.45708998809179985,0,,lightgbm_homewin_20261006T092923Z.pkl,feature_list_20261006T092923Z.pkl,2026-10-06T09:29:46.479030+00:00
76,2026-12-02T20:00:00,Liverpool,Sunderland,0.30699075234262174,0,,lightgbm_homewin_20261006T092923Z.pkl,feature_list_20261006T092923Z.pkl,2026-10-06T09:29:46.479030+00:00
77,2026-12-02T20:00:00,Man City,Leeds,0.300049138253923,0,,lightgbm_homewin_20261006T092923Z.pkl,feature_list_20261006T092923Z.pkl,2026-10-06T09:29:46.479030+00:00
78,2026-12-02T20:00:00,Newcastle,Man United,0.3457116808940557,0,,lightgbm_homewin_20261006T092923Z.pkl,feature_list_20261006T092923Z.pkl,2026-10-06T09:29:46.479030+00:00
79,2026-12-02T20:00:00,Tottenham,Fulham,0.45624429294873653,0,,lightgbm_homewin_20261006T092923Z.pkl,feature_list_20261006T092923Z.pkl,2026-10-06T09:29:46.479030+00:00
80,2026-12-05T15:00:00,Aston Villa,Crystal Palace,0.4368352114714853,0,,lightgbm_homewin_20261006T092923Z.pkl,feature_list_20261006T092923Z.pkl,2026-10-06T09:29:46.479030+00:00
81,2026-12-05T15:00:00,Bournemouth,Hull City,0.6305142022930841,1,,lightgbm_homewin_20261006T092923Z.pkl,feature_list_20261006T092923Z.pkl,2026-10-06T09:29:46.479030+00:00
82,2026-12-05T15:00:00,Brentford,Man City,0.3968065186550186,0,,lightgbm_homewin_20261006T092923Z.pkl,feature_list_20261006T092923Z.pkl,2026-10-06T09:29:46.479030+00:00
83,2026-12-05T15:00:00,Chelsea,Liverpool,0.3189488930517763,0,,lightgbm_homewin_20261006T092923Z.pkl,feature_list_20261006T092923Z.pkl,2026-10-06T09:29:46.479030+00:00
84,2026-12-05T15:00:00,Everton,Fulham,0.46993456221418833,0,,lightgbm_homewin_20261006T092923Z.pkl,feature_list_20261006T092923Z.pkl,2026-10-06T09:29:46.479030+00:00
85,2026-12-05T15:00:00,Leeds,Ipswich Town,0.6300752631464865,1,,lightgbm_homewin_20261006T092923Z.pkl,feature_list_20261006T092923Z.pkl,2026-10-06T09:29:46.479030+00:00
86,2026-12-05T15:00:00,Man United,Coventry City,0.502624150879522,1,,lightgbm_homewin_20261006T092923Z.pkl,feature_list_20261006T092923Z.pkl,2026-10-06T09:29:46.479030+00:00
87,2026-12-05T15:00:00,Newcastle,Sunderland,0.32740085585253353,0,,lightgbm_homewin_20261006T092923Z.pkl,feature_list_20261006T092923Z.pkl,2026-10-06T09:29:46.479030+00:00
88,2026-12-05T15:00:00,Nott'm Forest,Brighton,0.5104584619832455,1,,lightgbm_homewin_20261006T092923Z.pkl,feature_list_20261006T092923Z.pkl,2026-10-06T09:29:46.479030+00:00
89,2026-12-05T15:00:00,Tottenham,Arsenal,0.3820463136063788,0,,lightgbm_homewin_20261006T092923Z.pkl,feature_list_20261006T092923Z.pkl,2026-10-06T09:29:46.479030+00:00
90,2026-12-12T15:00:00,Arsenal,Bournemouth,0.3107840250533129,0,,lightgbm_homewin_20261006T092923Z.pkl,feature_list_20261006T092923Z.pkl,2026-10-06T09:29:46.479030+00:00
91,2026-12-12T15:00:00,Brighton,Everton,0.355369457616961,0,,lightgbm_homewin_20261006T092923Z.pkl,feature_list_20261006T092923Z.pkl,2026-10-06T09:29:46.479030+00:00
92,2026-12-12T15:00:00,Coventry City,Aston Villa,0.5184267210531538,1,,lightgbm_homewin_20261006T092923Z.pkl,feature_list_20261006T092923Z.pkl,2026-10-06T09:29:46.479030+00:00
93,2026-12-12T15:00:00,Crystal Palace,Man United,0.4791162532116565,0,,lightgbm_homewin_20261006T092923Z.pkl,feature_list_20261006T092923Z.pkl,2026-10-06T09:29:46.479030+00:00
94,2026-12-12T15:00:00,Fulham,Brentford,0.468711631014897,0,,lightgbm_homewin_20261006T092923Z.pkl,feature_list_20261006T092923Z.pkl,2026-10-06T09:29:46.479030+00:00
95,2026-12-12T15:00:00,Hull City,Tottenham,0.5353116138417723,1,,lightgbm_homewin_20261006T092923Z.pkl,feature_list_20261006T092923Z.pkl,2026-10-06T09:29:46.479030+00:00
96,2026-12-12T15:00:00,Ipswich Town,Newcastle,0.5554853834477564,1,,lightgbm_homewin_20261006T092923Z.pkl,feature_list_20261006T092923Z.pkl,2026-10-06T09:29:46.479030+00:00
97,2026-12-12T15:00:00,Liverpool,Leeds,0.324457916581501,0,,lightgbm_homewin_20261006T092923Z.pkl,feature_list_20261006T092923Z.pkl,2026-10-06T09:29:46.479030+00:00
98,2026-12-12T15:00:00,Man City,Chelsea,0.35814123789552516,0,,lightgbm_homewin_20261006T092923Z.pkl,feature_list_20261006T092923Z.pkl,2026-10-06T09:29:46.479030+00:00
99,2026-12-12T15:00:00,Sunderland,Nott'm Forest,0.3909199375855468,0,,lightgbm_homewin_20261006T092923Z.pkl,feature_list_20261006T092923Z.pkl,2026-10-06T09:29:46.479030+00:00
100,2026-12-19T15:00:00,Arsenal,Man United,0.3514349100580168,0,,lightgbm_homewin_20261006T092923Z.pkl,feature_list_20261006T092923Z.pkl,2026-10-06T09:29:46.479030+00:00
101,2026-12-19T15:00:00,Bournemouth,Coventry City,0.6305142022930841,1,,lightgbm_homewin_20261006T092923Z.pkl,feature_list_20261006T092923Z.pkl,2026-10-06T09:29:46.479030+00:00
102,2026-12-19T15:00:00,Brentford,Newcastle,0.4491018190060793,0,,lightgbm_homewin_20261006T092923Z.pkl,feature_list_20261006T092923Z.pkl,2026-10-06T09:29:46.479030+00:00
103,2026-12-19T15:00:00,Brighton,Ipswich Town,0.579172104569674,1,,lightgbm_homewin_20261006T092923Z.pkl,feature_list_20261006T092923Z.pkl,2026-10-06T09:29:46.479030+00:00
104,2026-12-19T15:00:00,Chelsea,Aston Villa,0.33659031847601023,0,,lightgbm_homewin_20261006T092923Z.pkl,feature_list_20261006T092923Z.pkl,2026-10-06T09:29:46.479030+00:00
105,2026-12-19T15:00:00,Leeds,Fulham,0.519122978949006,1,,lightgbm_homewin_20261006T092923Z.pkl,feature_list_20261006T092923Z.pkl,2026-10-06T09:29:46.479030+00:00
106,2026-12-19T15:00:00,Liverpool,Tottenham,0.35188026534938205,0,,lightgbm_homewin_20261006T092923Z.pkl,feature_list_20261006T092923Z.pkl,2026-10-06T09:29:46.479030+00:00
107,2026-12-19T15:00:00,Man City,Hull City,0.502624150879522,1,,lightgbm_homewin_20261006T092923Z.pkl,feature_list_20261006T092923Z.pkl,2026-10-06T09:29:46.479030+00:00
108,2026-12-19T15:00:00,Nott'm Forest,Everton,0.4547966460211983,0,,lightgbm_homewin_20261006T092923Z.pkl,feature_list_20261006T092923Z.pkl,2026-10-06T09:29:46.479030+00:00
109,2026-12-19T15:00:00,Sunderland,Crystal Palace,0.3973310872406723,0,,lightgbm_homewin_20261006T092923Z.pkl,feature_list_20261006T092923Z.pkl,2026-10-06T09:29:46.479030+00:00
110,2026-12-26T12:30:00,Aston Villa,Leeds,0.48351924188572204,0,,lightgbm_homewin_20261006T092923Z.pkl,feature_list_20261006T092923Z.pkl,2026-10-06T09:29:46.479030+00:00
111,2026-12-26T15:00:00,Everton,Sunderland,0.38145981732322753,0,,lightgbm_homewin_20261006T092923Z.pkl,feature_list_20261006T092923Z.pkl,2026-10-06T09:29:46.479030+00:00
112,2026-12-26T15:00:00,Fulham,Brighton,0.4530429058943523,0,,lightgbm_homewin_20261006T092923Z.pkl,feature_list_20261006T092923Z.pkl,2026-10-06T09:29:46.479030+00:00
113,2026-12-26T15:00:00,Ipswich Town,Brentford,0.526202537251538,1,,lightgbm_homewin_20261006T092923Z.pkl,feature_list_20261006T092923Z.pkl,2026-10-06T09:29:46.479030+00:00
114,2026-12-26T15:00:00,Tottenham,Bournemouth,0.37315119903072785,0,,lightgbm_homewin_20261006T092923Z.pkl,feature_list_20261006T092923Z.pkl,2026-10-06T09:29:46.479030+00:00
115,2026-12-26T17:30:00,Hull City,Liverpool,0.4641967652500263,0,,lightgbm_homewin_20261006T092923Z.pkl,feature_list_20261006T092923Z.pkl,2026-10-06T09:29:46.479030+00:00
116,2026-12-26T20:00:00,Newcastle,Man City,0.34177441028186606,0,,lightgbm_homewin_20261006T092923Z.pkl,feature_list_20261006T092923Z.pkl,2026-10-06T09:29:46.479030+00:00
117,2026-12-27T14:00:00,Coventry City,Chelsea,0.5581109446694392,1,,lightgbm_homewin_20261006T092923Z.pkl,feature_list_20261006T092923Z.pkl,2026-10-06T09:29:46.479030+00:00
118,2026-12-27T16:30:00,Man United,Nott'm Forest,0.3535619952367395,0,,lightgbm_homewin_20261006T092923Z.pkl,feature_list_20261006T092923Z.pkl,2026-10-06T09:29:46.479030+00:00
119,2026-12-27T19:00:00,Crystal Palace,Arsenal,0.4335686883298079,0,,lightgbm_homewin_20261006T092923Z.pkl,feature_list_20261006T092923Z.pkl,2026-10-06T09:29:46.479030+00:00
120,2026-12-29T19:30:00,Hull City,Leeds,0.4690461502551776,0,,lightgbm_homewin_20261006T092923Z.pkl,feature_list_20261006T092923Z.pkl,2026-10-06T09:29:46.479030+00:00
121,2026-12-29T19:30:00,Tottenham,Brighton,0.3921093971369049,0,,lightgbm_homewin_20261006T092923Z.pkl,feature_list_20261006T092923Z.pkl,2026-10-06T09:29:46.479030+00:00
122,2026-12-29T20:15:00,Everton,Man City,0.3699355133237736,0,,lightgbm_homewin_20261006T092923Z.pkl,feature_list_20261006T092923Z.pkl,2026-10-06T09:29:46.479030+00:00
123,2026-12-30T19:30:00,Coventry City,Brentford,0.4978005113191031,0,,lightgbm_homewin_20261006T092923Z.pkl,feature_list_20261006T092923Z.pkl,2026-10-06T09:29:46.479030+00:00
124,2026-12-30T19:30:00,Crystal Palace,Bournemouth,0.3732907819613526,0,,lightgbm_homewin_20261006T092923Z.pkl,feature_list_20261006T092923Z.pkl,2026-10-06T09:29:46.479030+00:00
125,2026-12-30T19:30:00,Fulham,Arsenal,0.45068462448992,0,,lightgbm_homewin_20261006T092923Z.pkl,feature_list_20261006T092923Z.pkl,2026-10-06T09:29:46.479030+00:00
126,2026-12-30T19:30:00,Man United,Sunderland,0.30699075234262174,0,,lightgbm_homewin_20261006T092923Z.pkl,feature_list_20261006T092923Z.pkl,2026-10-06T09:29:46.479030+00:00
127,2026-12-30T19:30:00,Newcastle,Nott'm Forest,0.30241362567863445,0,,lightgbm_homewin_20261006T092923Z.pkl,feature_list_20261006T092923Z.pkl,2026-10-06T09:29:46.479030+00:00
128,2026-12-30T20:15:00,Aston Villa,Liverpool,0.42242168342343994,0,,lightgbm_homewin_20261006T092923Z.pkl,feature_list_20261006T092923Z.pkl,2026-10-06T09:29:46.479030+00:00
129,2026-12-30T20:15:00,Ipswich Town,Chelsea,0.5051322032183327,1,,lightgbm_homewin_20261006T092923Z.pkl,feature_list_20261006T092923Z.pkl,2026-10-06T09:29:46.479030+00:00
130,2027-01-01T20:00:00,Leeds,Everton,0.41849725472463,0,,lightgbm_homewin_20261006T092923Z.pkl,feature_list_20261006T092923Z.pkl,2026-10-06T09:29:46.479030+00:00
131,2027-01-02T12:30:00,Brighton,Man United,0.3462180391240866,0,,lightgbm_homewin_20261006T092923Z.pkl,feature_list_20261006T092923Z.pkl,2026-10-06T09:29:46.479030+00:00
132,2027-01-02T15:00:00,Arsenal,Ipswich Town,0.45277576525579566,0,,lightgbm_homewin_20261006T092923Z.pkl,feature_list_20261006T092923Z.pkl,2026-10-06T09:29:46.479030+00:00
133,2027-01-02T15:00:00,Brentford,Crystal Palace,0.34234444972978473,0,,lightgbm_homewin_20261006T092923Z.pkl,feature_list_20261006T092923Z.pkl,2026-10-06T09:29:46.479030+00:00
134,2027-01-02T15:00:00,Liverpool,Coventry City,0.45277576525579566,0,,lightgbm_homewin_20261006T092923Z.pkl,feature_list_20261006T092923Z.pkl,2026-10-06T09:29:46.479030+00:00
135,2027-01-02T15:00:00,Nott'm Forest,Fulham,0.48386743517445924,0,,lightgbm_homewin_20261006T092923Z.pkl,feature_list_20261006T092923Z.pkl,2026-10-06T09:29:46.479030+00:00
136,2027-01-02T15:00:00,Sunderland,Hull City,0.5551355957560788,1,,lightgbm_homewin_20261006T092923Z.pkl,feature_list_20261006T092923Z.pkl,2026-10-06T09:29:46.479030+00:00
137,2027-01-02T17:30:00,Bournemouth,Aston Villa,0.41244519336677515,0,,lightgbm_homewin_20261006T092923Z.pkl,feature_list_20261006T092923Z.pkl,2026-10-06T09:29:46.479030+00:00
138,2027-01-03T14:00:00,Chelsea,Newcastle,0.3736958015185519,0,,lightgbm_homewin_20261006T092923Z.pkl,feature_list_20261006T092923Z.pkl,2026-10-06T09:29:46.479030+00:00
139,2027-01-03T16:30:00,Man City,Tottenham,0.3405818521467882,0,,lightgbm_homewin_20261006T092923Z.pkl,feature_list_20261006T092923Z.pkl,2026-10-06T09:29:46.479030+00:00
140,2027-01-05T19:30:00,Arsenal,Brentford,0.3636959343974314,0,,lightgbm_homewin_20261006T092923Z.pkl,feature_list_20261006T092923Z.pkl,2026-10-06T09:29:46.479030+00:00
141,2027-01-05T19:30:00,Brighton,Bournemouth,0.36769703209968096,0,,lightgbm_homewin_20261006T092923Z.pkl,feature_list_20261006T092923Z.pkl,2026-10-06T09:29:46.479030+00:00
142,2027-01-05T19:30:00,Everton,Aston Villa,0.4004344083720508,0,,lightgbm_homewin_20261006T092923Z.pkl,feature_list_20261006T092923Z.pkl,2026-10-06T09:29:46.479030+00:00
143,2027-01-05T19:30:00,Nott'm Forest,Hull City,0.6304449914437471,1,,lightgbm_homewin_20261006T092923Z.pkl,feature_list_20261006T092923Z.pkl,2026-10-06T09:29:46.479030+00:00
144,2027-01-05T20:15:00,Sunderland,Liverpool,0.3935258635483119,0,,lightgbm_homewin_20261006T092923Z.pkl,feature_list_20261006T092923Z.pkl,2026-10-06T09:29:46.479030+00:00
145,2027-01-06T19:30:00,Crystal Palace,Chelsea,0.5017881540943525,1,,lightgbm_homewin_20261006T092923Z.pkl,feature_list_20261006T092923Z.pkl,2026-10-06T09:29:46.479030+00:00
146,2027-01-06T19:30:00,Fulham,Tottenham,0.44079789197460545,0,,lightgbm_homewin_20261006T092923Z.pkl,feature_list_20261006T092923Z.pkl,2026-10-06T09:29:46.479030+00:00
147,2027-01-06T19:30:00,Ipswich Town,Coventry City,0.6304449914437471,1,,lightgbm_homewin_20261006T092923Z.pkl,feature_list_20261006T092923Z.pkl,2026-10-06T09:29:46.479030+00:00
148,2027-01-06T20:15:00,Leeds,Man City,0.4762446965014412,0,,lightgbm_homewin_20261006T092923Z.pkl,feature_list_20261006T092923Z.pkl,2026-10-06T09:29:46.479030+00:00
149,2027-01-07T20:00:00,Man United,Newcastle,0.4090110490637128,0,,lightgbm_homewin_20261006T092923Z.pkl,feature_list_20261006T092923Z.pkl,2026-10-06T09:29:46.479030+00:00
150,2027-01-16T15:00:00,Aston Villa,Man United,0.4311473588000499,0,,lightgbm_homewin_20261006T092923Z.pkl,feature_list_20261006T092923Z.pkl,2026-10-06T09:29:46.479030+00:00
151,2027-01-16T15:00:00,Bournemouth,Ipswich Town,0.5828453884535224,1,,lightgbm_homewin_20261006T092923Z.pkl,feature_list_20261006T092923Z.pkl,2026-10-06T09:29:46.479030+00:00
152,2027-01-16T15:00:00,Brentford,Brighton,0.34234444972978473,0,,lightgbm_homewin_20261006T092923Z.pkl,feature_list_20261006T092923Z.pkl,2026-10-06T09:29:46.479030+00:00
153,2027-01-16T15:00:00,Chelsea,Sunderland,0.2797925548572449,0,,lightgbm_homewin_20261006T092923Z.pkl,feature_list_20261006T092923Z.pkl,2026-10-06T09:29:46.479030+00:00
154,2027-01-16T15:00:00,Coventry City,Everton,0.37710871195485723,0,,lightgbm_homewin_20261006T092923Z.pkl,feature_list_20261006T092923Z.pkl,2026-10-06T09:29:46.479030+00:00
155,2027-01-16T15:00:00,Hull City,Arsenal,0.4154849702421835,0,,lightgbm_homewin_20261006T092923Z.pkl,feature_list_20261006T092923Z.pkl,2026-10-06T09:29:46.479030+00:00
156,2027-01-16T15:00:00,Liverpool,Crystal Palace,0.2952483230154005,0,,lightgbm_homewin_20261006T092923Z.pkl,feature_list_20261006T092923Z.pkl,2026-10-06T09:29:46.479030+00:00
157,2027-01-16T15:00:00,Man City,Nott'm Forest,0.2896925719093238,0,,lightgbm_homewin_20261006T092923Z.pkl,feature_list_20261006T092923Z.pkl,2026-10-06T09:29:46.479030+00:00
158,2027-01-16T15:00:00,Newcastle,Fulham,0.3538899171305027,0,,lightgbm_homewin_20261006T092923Z.pkl,feature_list_20261006T092923Z.pkl,2026-10-06T09:29:46.479030+00:00
159,2027-01-16T15:00:00,Tottenham,Leeds,0.3430303607969153,0,,lightgbm_homewin_20261006T092923Z.pkl,feature_list_20261006T092923Z.pkl,2026-10-06T09:29:46.479030+00:00
160,2027-01-23T15:00:00,Arsenal,Newcastle,0.350769337575064,0,,lightgbm_homewin_20261006T092923Z.pkl,feature_list_20261006T092923Z.pkl,2026-10-06T09:29:46.479030+00:00
161,2027-01-23T15:00:00,Brighton,Man City,0.3476894715273367,0,,lightgbm_homewin_20261006T092923Z.pkl,feature_list_20261006T092923Z.pkl,2026-10-06T09:29:46.479030+00:00
162,2027-01-23T15:00:00,Crystal Palace,Tottenham,0.4606041413655956,0,,lightgbm_homewin_20261006T092923Z.pkl,feature_list_20261006T092923Z.pkl,2026-10-06T09:29:46.479030+00:00
163,2027-01-23T15:00:00,Everton,Brentford,0.35668129148574534,0,,lightgbm_homewin_20261006T092923Z.pkl,feature_list_20261006T092923Z.pkl,2026-10-06T09:29:46.479030+00:00
164,2027-01-23T15:00:00,Fulham,Aston Villa,0.4485034659621451,0,,lightgbm_homewin_20261006T092923Z.pkl,feature_list_20261006T092923Z.pkl,2026-10-06T09:29:46.479030+00:00
165,2027-01-23T15:00:00,Ipswich Town,Hull City,0.6304449914437471,1,,lightgbm_homewin_20261006T092923Z.pkl,feature_list_20261006T092923Z.pkl,2026-10-06T09:29:46.479030+00:00
166,2027-01-23T15:00:00,Leeds,Chelsea,0.42795889315607477,0,,lightgbm_homewin_20261006T092923Z.pkl,feature_list_20261006T092923Z.pkl,2026-10-06T09:29:46.479030+00:00
167,2027-01-23T15:00:00,Man United,Liverpool,0.27832196751298544,0,,lightgbm_homewin_20261006T092923Z.pkl,feature_list_20261006T092923Z.pkl,2026-10-06T09:29:46.479030+00:00
168,2027-01-23T15:00:00,Nott'm Forest,Bournemouth,0.37710871195485723,0,,lightgbm_homewin_20261006T092923Z.pkl,feature_list_20261006T092923Z.pkl,2026-10-06T09:29:46.479030+00:00
169,2027-01-23T15:00:00,Sunderland,Coventry City,0.5551355957560788,1,,lightgbm_homewin_20261006T092923Z.pkl,feature_list_20261006T092923Z.pkl,2026-10-06T09:29:46.479030+00:00
170,2027-01-30T15:00:00,Aston Villa,Ipswich Town,0.6199484588158352,1,,lightgbm_homewin_20261006T092923Z.pkl,feature_list_20261006T092923Z.pkl,2026-10-06T09:29:46.479030+00:00
171,2027-01-30T15:00:00,Bournemouth,Fulham,0.4217515583882671,0,,lightgbm_homewin_20261006T092923Z.pkl,feature_list_20261006T092923Z.pkl,2026-10-06T09:29:46.479030+00:00
172,2027-01-30T15:00:00,Brentford,Man United,0.3566883010529503,0,,lightgbm_homewin_20261006T092923Z.pkl,feature_list_20261006T092923Z.pkl,2026-10-06T09:29:46.479030+00:00
173,2027-01-30T15:00:00,Chelsea,Nott'm Forest,0.2896925719093238,0,,lightgbm_homewin_20261006T092923Z.pkl,feature_list_20261006T092923Z.pkl,2026-10-06T09:29:46.479030+00:00
174,2027-01-30T15:00:00,Coventry City,Leeds,0.4180460540516213,0,,lightgbm_homewin_20261006T092923Z.pkl,feature_list_20261006T092923Z.pkl,2026-10-06T09:29:46.479030+00:00
175,2027-01-30T15:00:00,Hull City,Crystal Palace,0.41288776678212463,0,,lightgbm_homewin_20261006T092923Z.pkl,feature_list_20261006T092923Z.pkl,2026-10-06T09:29:46.479030+00:00
176,2027-01-30T15:00:00,Liverpool,Everton,0.2707836115722367,0,,lightgbm_homewin_20261006T092923Z.pkl,feature_list_20261006T092923Z.pkl,2026-10-06T09:29:46.479030+00:00
177,2027-01-30T15:00:00,Man City,Arsenal,0.303613766603859,0,,lightgbm_homewin_20261006T092923Z.pkl,feature_list_20261006T092923Z.pkl,2026-10-06T09:29:46.479030+00:00
178,2027-01-30T15:00:00,Newcastle,Brighton,0.291218897442019,0,,lightgbm_homewin_20261006T092923Z.pkl,feature_list_20261006T092923Z.pkl,2026-10-06T09:29:46.479030+00:00
179,2027-01-30T15:00:00,Tottenham,Sunderland,0.3631439144530879,0,,lightgbm_homewin_20261006T092923Z.pkl,feature_list_20261006T092923Z.pkl,2026-10-06T09:29:46.479030+00:00
180,2027-02-06T15:00:00,Arsenal,Liverpool,0.29526455385985895,0,,lightgbm_homewin_20261006T092923Z.pkl,feature_list_20261006T092923Z.pkl,2026-10-06T09:29:46.479030+00:00
181,2027-02-06T15:00:00,Brighton,Hull City,0.5503950899861075,1,,lightgbm_homewin_20261006T092923Z.pkl,feature_list_20261006T092923Z.pkl,2026-10-06T09:29:46.479030+00:00
182,2027-02-06T15:00:00,Crystal Palace,Coventry City,0.6145001368177082,1,,lightgbm_homewin_20261006T092923Z.pkl,feature_list_20261006T092923Z.pkl,2026-10-06T09:29:46.479030+00:00
183,2027-02-06T15:00:00,Everton,Newcastle,0.4217375492060901,0,,lightgbm_homewin_20261006T092923Z.pkl,feature_list_20261006T092923Z.pkl,2026-10-06T09:29:46.479030+00:00
184,2027-02-06T15:00:00,Fulham,Man City,0.46948925434640465,0,,lightgbm_homewin_20261006T092923Z.pkl,feature_list_20261006T092923Z.pkl,2026-10-06T09:29:46.479030+00:00
185,2027-02-06T15:00:00,Ipswich Town,Tottenham,0.5119376821539773,1,,lightgbm_homewin_20261006T092923Z.pkl,feature_list_20261006T092923Z.pkl,2026-10-06T09:29:46.479030+00:00
186,2027-02-06T15:00:00,Leeds,Bournemouth,0.37902241081334437,0,,lightgbm_homewin_20261006T092923Z.pkl,feature_list_20261006T092923Z.pkl,2026-10-06T09:29:46.479030+00:00
187,2027-02-06T15:00:00,Man United,Chelsea,0.3329694470501129,0,,lightgbm_homewin_20261006T092923Z.pkl,feature_list_20261006T092923Z.pkl,2026-10-06T09:29:46.479030+00:00
188,2027-02-06T15:00:00,Nott'm Forest,Brentford,0.46685517509113067,0,,lightgbm_homewin_20261006T092923Z.pkl,feature_list_20261006T092923Z.pkl,2026-10-06T09:29:46.479030+00:00
189,2027-02-06T15:00:00,Sunderland,Aston Villa,0.4243897900875472,0,,lightgbm_homewin_20261006T092923Z.pkl,feature_list_20261006T092923Z.pkl,2026-10-06T09:29:46.479030+00:00
190,2027-02-10T20:00:00,Aston Villa,Bournemouth,0.4748397917597909,0,,lightgbm_homewin_20261006T092923Z.pkl,feature_list_20261006T092923Z.pkl,2026-10-06T09:29:46.479030+00:00
191,2027-02-10T20:00:00,Coventry City,Liverpool,0.4666658510433695,0,,lightgbm_homewin_20261006T092923Z.pkl,feature_list_20261006T092923Z.pkl,2026-10-06T09:29:46.479030+00:00
192,2027-02-10T20:00:00,Crystal Palace,Brentford,0.515164065908393,1,,lightgbm_homewin_20261006T092923Z.pkl,feature_list_20261006T092923Z.pkl,2026-10-06T09:29:46.479030+00:00
193,2027-02-10T20:00:00,Everton,Leeds,0.4324178673580753,0,,lightgbm_homewin_20261006T092923Z.pkl,feature_list_20261006T092923Z.pkl,2026-10-06T09:29:46.479030+00:00
194,2027-02-10T20:00:00,Fulham,Nott'm Forest,0.46199278252624154,0,,lightgbm_homewin_20261006T092923Z.pkl,feature_list_20261006T092923Z.pkl,2026-10-06T09:29:46.479030+00:00
195,2027-02-10T20:00:00,Hull City,Sunderland,0.4757569092205835,0,,lightgbm_homewin_20261006T092923Z.pkl,feature_list_20261006T092923Z.pkl,2026-10-06T09:29:46.479030+00:00
196,2027-02-10T20:00:00,Ipswich Town,Arsenal,0.497279472068142,0,,lightgbm_homewin_20261006T092923Z.pkl,feature_list_20261006T092923Z.pkl,2026-10-06T09:29:46.479030+00:00
197,2027-02-10T20:00:00,Man United,Brighton,0.3682864769075597,0,,lightgbm_homewin_20261006T092923Z.pkl,feature_list_20261006T092923Z.pkl,2026-10-06T09:29:46.479030+00:00
198,2027-02-10T20:00:00,Newcastle,Chelsea,0.38541564476243884,0,,lightgbm_homewin_20261006T092923Z.pkl,feature_list_20261006T092923Z.pkl,2026-10-06T09:29:46.479030+00:00
199,2027-02-10T20:00:00,Tottenham,Man City,0.4325973613429306,0,,lightgbm_homewin_20261006T092923Z.pkl,feature_list_20261006T092923Z.pkl,2026-10-06T09:29:46.479030+00:00
200,2027-02-20T15:00:00,Arsenal,Fulham,0.3525992460705722,0,,lightgbm_homewin_20261006T092923Z.pkl,feature_list_20261006T092923Z.pkl,2026-10-06T09:29:46.479030+00:00
201,2027-02-20T15:00:00,Bournemouth,Crystal Palace,0.37279963467693905,0,,lightgbm_homewin_20261006T092923Z.pkl,feature_list_20261006T092923Z.pkl,2026-10-06T09:29:46.479030+00:00
202,2027-02-20T15:00:00,Brentford,Coventry City,0.5276101179656117,1,,lightgbm_homewin_20261006T092923Z.pkl,feature_list_20261006T092923Z.pkl,2026-10-06T09:29:46.479030+00:00
203,2027-02-20T15:00:00,Brighton,Tottenham,0.3761572652490914,0,,lightgbm_homewin_20261006T092923Z.pkl,feature_list_20261006T092923Z.pkl,2026-10-06T09:29:46.479030+00:00
204,2027-02-20T15:00:00,Chelsea,Ipswich Town,0.47337224610895323,0,,lightgbm_homewin_20261006T092923Z.pkl,feature_list_20261006T092923Z.pkl,2026-10-06T09:29:46.479030+00:00
205,2027-02-20T15:00:00,Leeds,Aston Villa,0.4690721914765016,0,,lightgbm_homewin_20261006T092923Z.pkl,feature_list_20261006T092923Z.pkl,2026-10-06T09:29:46.479030+00:00
206,2027-02-20T15:00:00,Liverpool,Hull City,0.47337224610895323,0,,lightgbm_homewin_20261006T092923Z.pkl,feature_list_20261006T092923Z.pkl,2026-10-06T09:29:46.479030+00:00
207,2027-02-20T15:00:00,Man City,Newcastle,0.36986186793381676,0,,lightgbm_homewin_20261006T092923Z.pkl,feature_list_20261006T092923Z.pkl,2026-10-06T09:29:46.479030+00:00
208,2027-02-20T15:00:00,Nott'm Forest,Man United,0.4754817713893481,0,,lightgbm_homewin_20261006T092923Z.pkl,feature_list_20261006T092923Z.pkl,2026-10-06T09:29:46.479030+00:00
209,2027-02-20T15:00:00,Sunderland,Everton,0.34635059626768844,0,,lightgbm_homewin_20261006T092923Z.pkl,feature_list_20261006T092923Z.pkl,2026-10-06T09:29:46.479030+00:00
210,2027-02-27T15:00:00,Aston Villa,Chelsea,0.4502609143313415,0,,lightgbm_homewin_20261006T092923Z.pkl,feature_list_20261006T092923Z.pkl,2026-10-06T09:29:46.479030+00:00
211,2027-02-27T15:00:00,Coventry City,Bournemouth,0.3967587634621954,0,,lightgbm_homewin_20261006T092923Z.pkl,feature_list_20261006T092923Z.pkl,2026-10-06T09:29:46.479030+00:00
212,2027-02-27T15:00:00,Crystal Palace,Sunderland,0.40159883439716715,0,,lightgbm_homewin_20261006T092923Z.pkl,feature_list_20261006T092923Z.pkl,2026-10-06T09:29:46.479030+00:00
213,2027-02-27T15:00:00,Everton,Nott'm Forest,0.3550617111974531,0,,lightgbm_homewin_20261006T092923Z.pkl,feature_list_20261006T092923Z.pkl,2026-10-06T09:29:46.479030+00:00
214,2027-02-27T15:00:00,Fulham,Leeds,0.4538793348122123,0,,lightgbm_homewin_20261006T092923Z.pkl,feature_list_20261006T092923Z.pkl,2026-10-06T09:29:46.479030+00:00
215,2027-02-27T15:00:00,Hull City,Man City,0.45384770531103097,0,,lightgbm_homewin_20261006T092923Z.pkl,feature_list_20261006T092923Z.pkl,2026-10-06T09:29:46.479030+00:00
216,2027-02-27T15:00:00,Ipswich Town,Brighton,0.45119580563119555,0,,lightgbm_homewin_20261006T092923Z.pkl,feature_list_20261006T092923Z.pkl,2026-10-06T09:29:46.479030+00:00
217,2027-02-27T15:00:00,Man United,Arsenal,0.321410276647453,0,,lightgbm_homewin_20261006T092923Z.pkl,feature_list_20261006T092923Z.pkl,2026-10-06T09:29:46.479030+00:00
218,2027-02-27T15:00:00,Newcastle,Brentford,0.32222715327354434,0,,lightgbm_homewin_20261006T092923Z.pkl,feature_list_20261006T092923Z.pkl,2026-10-06T09:29:46.479030+00:00
219,2027-02-27T15:00:00,Tottenham,Liverpool,0.3561265778794024,0,,lightgbm_homewin_20261006T092923Z.pkl,feature_list_20261006T092923Z.pkl,2026-10-06T09:29:46.479030+00:00
220,2027-03-03T20:00:00,Arsenal,Crystal Palace,0.3884088223969002,0,,lightgbm_homewin_20261006T092923Z.pkl,feature_list_20261006T092923Z.pkl,2026-10-06T09:29:46.479030+00:00
221,2027-03-03T20:00:00,Bournemouth,Tottenham,0.44604775409694203,0,,lightgbm_homewin_20261006T092923Z.pkl,feature_list_20261006T092923Z.pkl,2026-10-06T09:29:46.479030+00:00
222,2027-03-03T20:00:00,Brentford,Ipswich Town,0.5488740016812224,1,,lightgbm_homewin_20261006T092923Z.pkl,feature_list_20261006T092923Z.pkl,2026-10-06T09:29:46.479030+00:00
223,2027-03-03T20:00:00,Brighton,Fulham,0.47421457588276744,0,,lightgbm_homewin_20261006T092923Z.pkl,feature_list_20261006T092923Z.pkl,2026-10-06T09:29:46.479030+00:00
224,2027-03-03T20:00:00,Chelsea,Coventry City,0.49473954936175385,0,,lightgbm_homewin_20261006T092923Z.pkl,feature_list_20261006T092923Z.pkl,2026-10-06T09:29:46.479030+00:00
225,2027-03-03T20:00:00,Leeds,Hull City,0.6226944065960188,1,,lightgbm_homewin_20261006T092923Z.pkl,feature_list_20261006T092923Z.pkl,2026-10-06T09:29:46.479030+00:00
226,2027-03-03T20:00:00,Liverpool,Aston Villa,0.36346808138337555,0,,lightgbm_homewin_20261006T092923Z.pkl,feature_list_20261006T092923Z.pkl,2026-10-06T09:29:46.479030+00:00
227,2027-03-03T20:00:00,Man City,Everton,0.360169772734658,0,,lightgbm_homewin_20261006T092923Z.pkl,feature_list_20261006T092923Z.pkl,2026-10-06T09:29:46.479030+00:00
228,2027-03-03T20:00:00,Nott'm Forest,Newcastle,0.578922681641784,1,,lightgbm_homewin_20261006T092923Z.pkl,feature_list_20261006T092923Z.pkl,2026-10-06T09:29:46.479030+00:00
229,2027-03-03T20:00:00,Sunderland,Man United,0.4875588863875006,0,,lightgbm_homewin_20261006T092923Z.pkl,feature_list_20261006T092923Z.pkl,2026-10-06T09:29:46.479030+00:00
230,2027-03-13T15:00:00,Aston Villa,Hull City,0.6587544473011547,1,,lightgbm_homewin_20261006T092923Z.pkl,feature_list_20261006T092923Z.pkl,2026-10-06T09:29:46.479030+00:00
231,2027-03-13T15:00:00,Bournemouth,Newcastle,0.4550501527425686,0,,lightgbm_homewin_20261006T092923Z.pkl,feature_list_20261006T092923Z.pkl,2026-10-06T09:29:46.479030+00:00
232,2027-03-13T15:00:00,Chelsea,Arsenal,0.34035132743191693,0,,lightgbm_homewin_20261006T092923Z.pkl,feature_list_20261006T092923Z.pkl,2026-10-06T09:29:46.479030+00:00
233,2027-03-13T15:00:00,Coventry City,Man City,0.47512882544628954,0,,lightgbm_homewin_20261006T092923Z.pkl,feature_list_20261006T092923Z.pkl,2026-10-06T09:29:46.479030+00:00
234,2027-03-13T15:00:00,Crystal Palace,Fulham,0.4952615457711453,0,,lightgbm_homewin_20261006T092923Z.pkl,feature_list_20261006T092923Z.pkl,2026-10-06T09:29:46.479030+00:00
235,2027-03-13T15:00:00,Leeds,Brighton,0.44666407259873375,0,,lightgbm_homewin_20261006T092923Z.pkl,feature_list_20261006T092923Z.pkl,2026-10-06T09:29:46.479030+00:00
236,2027-03-13T15:00:00,Liverpool,Ipswich Town,0.49473954936175385,0,,lightgbm_homewin_20261006T092923Z.pkl,feature_list_20261006T092923Z.pkl,2026-10-06T09:29:46.479030+00:00
237,2027-03-13T15:00:00,Man United,Everton,0.30529019571906013,0,,lightgbm_homewin_20261006T092923Z.pkl,feature_list_20261006T092923Z.pkl,2026-10-06T09:29:46.479030+00:00
238,2027-03-13T15:00:00,Sunderland,Brentford,0.43454393079799297,0,,lightgbm_homewin_20261006T092923Z.pkl,feature_list_20261006T092923Z.pkl,2026-10-06T09:29:46.479030+00:00
239,2027-03-13T15:00:00,Tottenham,Nott'm Forest,0.38918870401883615,0,,lightgbm_homewin_20261006T092923Z.pkl,feature_list_20261006T092923Z.pkl,2026-10-06T09:29:46.479030+00:00
240,2027-03-20T15:00:00,Arsenal,Sunderland,0.31495133079659593,0,,lightgbm_homewin_20261006T092923Z.pkl,feature_list_20261006T092923Z.pkl,2026-10-06T09:29:46.479030+00:00
241,2027-03-20T15:00:00,Brentford,Bournemouth,0.35318539011817907,0,,lightgbm_homewin_20261006T092923Z.pkl,feature_list_20261006T092923Z.pkl,2026-10-06T09:29:46.479030+00:00
242,2027-03-20T15:00:00,Brighton,Coventry City,0.5714663773653763,1,,lightgbm_homewin_20261006T092923Z.pkl,feature_list_20261006T092923Z.pkl,2026-10-06T09:29:46.479030+00:00
243,2027-03-20T15:00:00,Everton,Tottenham,0.4337808677473257,0,,lightgbm_homewin_20261006T092923Z.pkl,feature_list_20261006T092923Z.pkl,2026-10-06T09:29:46.479030+00:00
244,2027-03-20T15:00:00,Fulham,Liverpool,0.4421038409906291,0,,lightgbm_homewin_20261006T092923Z.pkl,feature_list_20261006T092923Z.pkl,2026-10-06T09:29:46.479030+00:00
245,2027-03-20T15:00:00,Hull City,Chelsea,0.4955308279151614,0,,lightgbm_homewin_20261006T092923Z.pkl,feature_list_20261006T092923Z.pkl,2026-10-06T09:29:46.479030+00:00
246,2027-03-20T15:00:00,Ipswich Town,Crystal Palace,0.45422326709065436,0,,lightgbm_homewin_20261006T092923Z.pkl,feature_list_20261006T092923Z.pkl,2026-10-06T09:29:46.479030+00:00
247,2027-03-20T15:00:00,Man City,Man United,0.3455827976970862,0,,lightgbm_homewin_20261006T092923Z.pkl,feature_list_20261006T092923Z.pkl,2026-10-06T09:29:46.479030+00:00
248,2027-03-20T15:00:00,Newcastle,Leeds,0.3383545720298073,0,,lightgbm_homewin_20261006T092923Z.pkl,feature_list_20261006T092923Z.pkl,2026-10-06T09:29:46.479030+00:00
249,2027-03-20T15:00:00,Nott'm Forest,Aston Villa,0.5163909741146046,1,,lightgbm_homewin_20261006T092923Z.pkl,feature_list_20261006T092923Z.pkl,2026-10-06T09:29:46.479030+00:00
250,2027-04-10T15:00:00,Aston Villa,Brighton,0.4175650651486316,0,,lightgbm_homewin_20261006T092923Z.pkl,feature_list_20261006T092923Z.pkl,2026-10-06T09:29:46.479030+00:00
251,2027-04-10T15:00:00,Bournemouth,Man City,0.4230882414586827,0,,lightgbm_homewin_20261006T092923Z.pkl,feature_list_20261006T092923Z.pkl,2026-10-06T09:29:46.479030+00:00
252,2027-04-10T15:00:00,Chelsea,Fulham,0.34335016692418047,0,,lightgbm_homewin_20261006T092923Z.pkl,feature_list_20261006T092923Z.pkl,2026-10-06T09:29:46.479030+00:00
253,2027-04-10T15:00:00,Coventry City,Arsenal,0.456878147289003,0,,lightgbm_homewin_20261006T092923Z.pkl,feature_list_20261006T092923Z.pkl,2026-10-06T09:29:46.479030+00:00
254,2027-04-10T15:00:00,Crystal Palace,Everton,0.3643503430492461,0,,lightgbm_homewin_20261006T092923Z.pkl,feature_list_20261006T092923Z.pkl,2026-10-06T09:29:46.479030+00:00
255,2027-04-10T15:00:00,Leeds,Nott'm Forest,0.3915757407075612,0,,lightgbm_homewin_20261006T092923Z.pkl,feature_list_20261006T092923Z.pkl,2026-10-06T09:29:46.479030+00:00
256,2027-04-10T15:00:00,Liverpool,Newcastle,0.36041205731746756,0,,lightgbm_homewin_20261006T092923Z.pkl,feature_list_20261006T092923Z.pkl,2026-10-06T09:29:46.479030+00:00
257,2027-04-10T15:00:00,Man United,Hull City,0.4878944826821896,0,,lightgbm_homewin_20261006T092923Z.pkl,feature_list_20261006T092923Z.pkl,2026-10-06T09:29:46.479030+00:00
258,2027-04-10T15:00:00,Sunderland,Ipswich Town,0.5718909789225937,1,,lightgbm_homewin_20261006T092923Z.pkl,feature_list_20261006T092923Z.pkl,2026-10-06T09:29:46.479030+00:00
259,2027-04-10T15:00:00,Tottenham,Brentford,0.3980026317007351,0,,lightgbm_homewin_20261006T092923Z.pkl,feature_list_20261006T092923Z.pkl,2026-10-06T09:29:46.479030+00:00
260,2027-04-17T15:00:00,Arsenal,Aston Villa,0.334772234235451,0,,lightgbm_homewin_20261006T092923Z.pkl,feature_list_20261006T092923Z.pkl,2026-10-06T09:29:46.479030+00:00
261,2027-04-17T15:00:00,Brentford,Leeds,0.33887631212665204,0,,lightgbm_homewin_20261006T092923Z.pkl,feature_list_20261006T092923Z.pkl,2026-10-06T09:29:46.479030+00:00
262,2027-04-17T15:00:00,Brighton,Chelsea,0.33798940116291765,0,,lightgbm_homewin_20261006T092923Z.pkl,feature_list_20261006T092923Z.pkl,2026-10-06T09:29:46.479030+00:00
263,2027-04-17T15:00:00,Everton,Bournemouth,0.32488700845440255,0,,lightgbm_homewin_20261006T092923Z.pkl,feature_list_20261006T092923Z.pkl,2026-10-06T09:29:46.479030+00:00
264,2027-04-17T15:00:00,Fulham,Sunderland,0.38005690505840284,0,,lightgbm_homewin_20261006T092923Z.pkl,feature_list_20261006T092923Z.pkl,2026-10-06T09:29:46.479030+00:00
265,2027-04-17T15:00:00,Hull City,Coventry City,0.6687518727571192,1,,lightgbm_homewin_20261006T092923Z.pkl,feature_list_20261006T092923Z.pkl,2026-10-06T09:29:46.479030+00:00
266,2027-04-17T15:00:00,Ipswich Town,Man United,0.49685445801954276,0,,lightgbm_homewin_20261006T092923Z.pkl,feature_list_20261006T092923Z.pkl,2026-10-06T09:29:46.479030+00:00
267,2027-04-17T15:00:00,Man City,Crystal Palace,0.3040796231876061,0,,lightgbm_homewin_20261006T092923Z.pkl,feature_list_20261006T092923Z.pkl,2026-10-06T09:29:46.479030+00:00
268,2027-04-17T15:00:00,Newcastle,Tottenham,0.3704146833474383,0,,lightgbm_homewin_20261006T092923Z.pkl,feature_list_20261006T092923Z.pkl,2026-10-06T09:29:46.479030+00:00
269,2027-04-17T15:00:00,Nott'm Forest,Liverpool,0.42664092779235163,0,,lightgbm_homewin_20261006T092923Z.pkl,feature_list_20261006T092923Z.pkl,2026-10-06T09:29:46.479030+00:00
270,2027-04-24T15:00:00,Aston Villa,Coventry City,0.6525709918573689,1,,lightgbm_homewin_20261006T092923Z.pkl,feature_list_20261006T092923Z.pkl,2026-10-06T09:29:46.479030+00:00
271,2027-04-24T15:00:00,Bournemouth,Arsenal,0.4052929801124494,0,,lightgbm_homewin_20261006T092923Z.pkl,feature_list_20261006T092923Z.pkl,2026-10-06T09:29:46.479030+00:00
272,2027-04-24T15:00:00,Brentford,Fulham,0.39383140065896494,0,,lightgbm_homewin_20261006T092923Z.pkl,feature_list_20261006T092923Z.pkl,2026-10-06T09:29:46.479030+00:00
273,2027-04-24T15:00:00,Chelsea,Man City,0.31258430597649917,0,,lightgbm_homewin_20261006T092923Z.pkl,feature_list_20261006T092923Z.pkl,2026-10-06T09:29:46.479030+00:00
274,2027-04-24T15:00:00,Everton,Brighton,0.3518810951322399,0,,lightgbm_homewin_20261006T092923Z.pkl,feature_list_20261006T092923Z.pkl,2026-10-06T09:29:46.479030+00:00
275,2027-04-24T15:00:00,Leeds,Liverpool,0.378336164420079,0,,lightgbm_homewin_20261006T092923Z.pkl,feature_list_20261006T092923Z.pkl,2026-10-06T09:29:46.479030+00:00
276,2027-04-24T15:00:00,Man United,Crystal Palace,0.3040796231876061,0,,lightgbm_homewin_20261006T092923Z.pkl,feature_list_20261006T092923Z.pkl,2026-10-06T09:29:46.479030+00:00
277,2027-04-24T15:00:00,Newcastle,Ipswich Town,0.5100155625992826,1,,lightgbm_homewin_20261006T092923Z.pkl,feature_list_20261006T092923Z.pkl,2026-10-06T09:29:46.479030+00:00
278,2027-04-24T15:00:00,Nott'm Forest,Sunderland,0.4355890852667557,0,,lightgbm_homewin_20261006T092923Z.pkl,feature_list_20261006T092923Z.pkl,2026-10-06T09:29:46.479030+00:00
279,2027-04-24T15:00:00,Tottenham,Hull City,0.5766775261192066,1,,lightgbm_homewin_20261006T092923Z.pkl,feature_list_20261006T092923Z.pkl,2026-10-06T09:29:46.479030+00:00
280,2027-05-01T15:00:00,Arsenal,Tottenham,0.350023167434236,0,,lightgbm_homewin_20261006T092923Z.pkl,feature_list_20261006T092923Z.pkl,2026-10-06T09:29:46.479030+00:00
281,2027-05-01T15:00:00,Brighton,Nott'm Forest,0.3118445881912449,0,,lightgbm_homewin_20261006T092923Z.pkl,feature_list_20261006T092923Z.pkl,2026-10-06T09:29:46.479030+00:00
282,2027-05-01T15:00:00,Coventry City,Man United,0.49685445801954276,0,,lightgbm_homewin_20261006T092923Z.pkl,feature_list_20261006T092923Z.pkl,2026-10-06T09:29:46.479030+00:00
283,2027-05-01T15:00:00,Crystal Palace,Aston Villa,0.4607000209216726,0,,lightgbm_homewin_20261006T092923Z.pkl,feature_list_20261006T092923Z.pkl,2026-10-06T09:29:46.479030+00:00
284,2027-05-01T15:00:00,Fulham,Everton,0.4020780360606439,0,,lightgbm_homewin_20261006T092923Z.pkl,feature_list_20261006T092923Z.pkl,2026-10-06T09:29:46.479030+00:00
285,2027-05-01T15:00:00,Hull City,Bournemouth,0.4174088569903803,0,,lightgbm_homewin_20261006T092923Z.pkl,feature_list_20261006T092923Z.pkl,2026-10-06T09:29:46.479030+00:00
286,2027-05-01T15:00:00,Ipswich Town,Leeds,0.4594938050372614,0,,lightgbm_homewin_20261006T092923Z.pkl,feature_list_20261006T092923Z.pkl,2026-10-06T09:29:46.479030+00:00
287,2027-05-01T15:00:00,Liverpool,Chelsea,0.32397760338509135,0,,lightgbm_homewin_20261006T092923Z.pkl,feature_list_20261006T092923Z.pkl,2026-10-06T09:29:46.479030+00:00
288,2027-05-01T15:00:00,Man City,Brentford,0.31758784219083813,0,,lightgbm_homewin_20261006T092923Z.pkl,feature_list_20261006T092923Z.pkl,2026-10-06T09:29:46.479030+00:00
289,2027-05-01T15:00:00,Sunderland,Newcastle,0.4220558665689318,0,,lightgbm_homewin_20261006T092923Z.pkl,feature_list_20261006T092923Z.pkl,2026-10-06T09:29:46.479030+00:00
290,2027-05-08T15:00:00,Bournemouth,Man United,0.40372864833407535,0,,lightgbm_homewin_20261006T092923Z.pkl,feature_list_20261006T092923Z.pkl,2026-10-06T09:29:46.479030+00:00
291,2027-05-08T15:00:00,Brentford,Aston Villa,0.3847312155795057,0,,lightgbm_homewin_20261006T092923Z.pkl,feature_list_20261006T092923Z.pkl,2026-10-06T09:29:46.479030+00:00
292,2027-05-08T15:00:00,Brighton,Sunderland,0.30150888391085295,0,,lightgbm_homewin_20261006T092923Z.pkl,feature_list_20261006T092923Z.pkl,2026-10-06T09:29:46.479030+00:00
293,2027-05-08T15:00:00,Everton,Hull City,0.5687309213668297,1,,lightgbm_homewin_20261006T092923Z.pkl,feature_list_20261006T092923Z.pkl,2026-10-06T09:29:46.479030+00:00
294,2027-05-08T15:00:00,Fulham,Ipswich Town,0.6482290317052977,1,,lightgbm_homewin_20261006T092923Z.pkl,feature_list_20261006T092923Z.pkl,2026-10-06T09:29:46.479030+00:00
295,2027-05-08T15:00:00,Leeds,Arsenal,0.4075835484373621,0,,lightgbm_homewin_20261006T092923Z.pkl,feature_list_20261006T092923Z.pkl,2026-10-06T09:29:46.479030+00:00
296,2027-05-08T15:00:00,Man City,Liverpool,0.2868530505400645,0,,lightgbm_homewin_20261006T092923Z.pkl,feature_list_20261006T092923Z.pkl,2026-10-06T09:29:46.479030+00:00
297,2027-05-08T15:00:00,Newcastle,Coventry City,0.5100155625992826,1,,lightgbm_homewin_20261006T092923Z.pkl,feature_list_20261006T092923Z.pkl,2026-10-06T09:29:46.479030+00:00
298,2027-05-08T15:00:00,Nott'm Forest,Crystal Palace,0.45422326709065436,0,,lightgbm_homewin_20261006T092923Z.pkl,feature_list_20261006T092923Z.pkl,2026-10-06T09:29:46.479030+00:00
299,2027-05-08T15:00:00,Tottenham,Chelsea,0.4050499858659407,0,,lightgbm_homewin_20261006T092923Z.pkl,feature_list_20261006T092923Z.pkl,2026-10-06T09:29:46.479030+00:00
300,2027-05-15T15:00:00,Arsenal,Nott'm Forest,0.2984280609575064,0,,lightgbm_homewin_20261006T092923Z.pkl,feature_list_20261006T092923Z.pkl,2026-10-06T09:29:46.479030+00:00
301,2027-05-15T15:00:00,Aston Villa,Newcastle,0.4621332224456669,0,,lightgbm_homewin_20261006T092923Z.pkl,feature_list_20261006T092923Z.pkl,2026-10-06T09:29:46.479030+00:00
302,2027-05-15T15:00:00,Chelsea,Everton,0.2791730147662451,0,,lightgbm_homewin_20261006T092923Z.pkl,feature_list_20261006T092923Z.pkl,2026-10-06T09:29:46.479030+00:00
303,2027-05-15T15:00:00,Coventry City,Tottenham,0.5332829863200141,1,,lightgbm_homewin_20261006T092923Z.pkl,feature_list_20261006T092923Z.pkl,2026-10-06T09:29:46.479030+00:00
304,2027-05-15T15:00:00,Crystal Palace,Brighton,0.41741765301862155,0,,lightgbm_homewin_20261006T092923Z.pkl,feature_list_20261006T092923Z.pkl,2026-10-06T09:29:46.479030+00:00
305,2027-05-15T15:00:00,Hull City,Fulham,0.5259432820272135,1,,lightgbm_homewin_20261006T092923Z.pkl,feature_list_20261006T092923Z.pkl,2026-10-06T09:29:46.479030+00:00
306,2027-05-15T15:00:00,Ipswich Town,Man City,0.47512882544628954,0,,lightgbm_homewin_20261006T092923Z.pkl,feature_list_20261006T092923Z.pkl,2026-10-06T09:29:46.479030+00:00
307,2027-05-15T15:00:00,Liverpool,Brentford,0.31758784219083813,0,,lightgbm_homewin_20261006T092923Z.pkl,feature_list_20261006T092923Z.pkl,2026-10-06T09:29:46.479030+00:00
308,2027-05-15T15:00:00,Man United,Leeds,0.29204542475660783,0,,lightgbm_homewin_20261006T092923Z.pkl,feature_list_20261006T092923Z.pkl,2026-10-06T09:29:46.479030+00:00
309,2027-05-15T15:00:00,Sunderland,Bournemouth,0.32772176111240575,0,,lightgbm_homewin_20261006T092923Z.pkl,feature_list_20261006T092923Z.pkl,2026-10-06T09:29:46.479030+00:00
310,2027-05-23T15:00:00,Bournemouth,Chelsea,0.426539870365551,0,,lightgbm_homewin_20261006T092923Z.pkl,feature_list_20261006T092923Z.pkl,2026-10-06T09:29:46.479030+00:00
311,2027-05-23T15:00:00,Brentford,Hull City,0.5420835207779954,1,,lightgbm_homewin_20261006T092923Z.pkl,feature_list_20261006T092923Z.pkl,2026-10-06T09:29:46.479030+00:00
312,2027-05-23T15:00:00,Brighton,Liverpool,0.3519416782570953,0,,lightgbm_homewin_20261006T092923Z.pkl,feature_list_20261006T092923Z.pkl,2026-10-06T09:29:46.479030+00:00
313,2027-05-23T15:00:00,Everton,Arsenal,0.3842293233103723,0,,lightgbm_homewin_20261006T092923Z.pkl,feature_list_20261006T092923Z.pkl,2026-10-06T09:29:46.479030+00:00
314,2027-05-23T15:00:00,Fulham,Coventry City,0.6482290317052977,1,,lightgbm_homewin_20261006T092923Z.pkl,feature_list_20261006T092923Z.pkl,2026-10-06T09:29:46.479030+00:00
315,2027-05-23T15:00:00,Leeds,Sunderland,0.38005690505840284,0,,lightgbm_homewin_20261006T092923Z.pkl,feature_list_20261006T092923Z.pkl,2026-10-06T09:29:46.479030+00:00
316,2027-05-23T15:00:00,Man City,Aston Villa,0.357228431778348,0,,lightgbm_homewin_20261006T092923Z.pkl,feature_list_20261006T092923Z.pkl,2026-10-06T09:29:46.479030+00:00
317,2027-05-23T15:00:00,Newcastle,Crystal Palace,0.32123035376453285,0,,lightgbm_homewin_20261006T092923Z.pkl,feature_list_20261006T092923Z.pkl,2026-10-06T09:29:46.479030+00:00
318,2027-05-23T15:00:00,Nott'm Forest,Ipswich Town,0.6687518727571192,1,,lightgbm_homewin_20261006T092923Z.pkl,feature_list_20261006T092923Z.pkl,2026-10-06T09:29:46.479030+00:00
319,2027-05-23T15:00:00,Tottenham,Man United,0.4042352428218146,0,,lightgbm_homewin_20261006T092923Z.pkl,feature_list_20261006T092923Z.pkl,2026-10-06T09:29:46.479030+00:00
320,2027-05-30T16:00:00,Arsenal,Brighton,0.32548433999820475,0,,lightgbm_homewin_20261006T092923Z.pkl,feature_list_20261006T092923Z.pkl,2026-10-06T09:29:46.479030+00:00
321,2027-05-30T16:00:00,Aston Villa,Tottenham,0.5025220140790981,1,,lightgbm_homewin_20261006T092923Z.pkl,feature_list_20261006T092923Z.pkl,2026-10-06T09:29:46.479030+00:00
322,2027-05-30T16:00:00,Chelsea,Brentford,0.33947958047827925,0,,lightgbm_homewin_20261006T092923Z.pkl,feature_list_20261006T092923Z.pkl,2026-10-06T09:29:46.479030+00:00
323,2027-05-30T16:00:00,Coventry City,Nott'm Forest,0.4722273964524297,0,,lightgbm_homewin_20261006T092923Z.pkl,feature_list_20261006T092923Z.pkl,2026-10-06T09:29:46.479030+00:00
324,2027-05-30T16:00:00,Crystal Palace,Leeds,0.4289276240626331,0,,lightgbm_homewin_20261006T092923Z.pkl,feature_list_20261006T092923Z.pkl,2026-10-06T09:29:46.479030+00:00
325,2027-05-30T16:00:00,Hull City,Newcastle,0.542401296372208,1,,lightgbm_homewin_20261006T092923Z.pkl,feature_list_20261006T092923Z.pkl,2026-10-06T09:29:46.479030+00:00
326,2027-05-30T16:00:00,Ipswich Town,Everton,0.44172742965654394,0,,lightgbm_homewin_20261006T092923Z.pkl,feature_list_20261006T092923Z.pkl,2026-10-06T09:29:46.479030+00:00
327,2027-05-30T16:00:00,Liverpool,Bournemouth,0.2995792354984425,0,,lightgbm_homewin_20261006T092923Z.pkl,feature_list_20261006T092923Z.pkl,2026-10-06T09:29:46.479030+00:00
328,2027-05-30T16:00:00,Man United,Fulham,0.36606512998674173,0,,lightgbm_homewin_20261006T092923Z.pkl,feature_list_20261006T092923Z.pkl,2026-10-06T09:29:46.479030+00:00
329,2027-05-30T16:00:00,Sunderland,Man City,0.4048276368328304,0,,lightgbm_homewin_20261006T092923Z.pkl,feature_list_20261006T092923Z.pkl,2026-10-06T09:29:46.479030+00:00
